2026-07-23 15:15:16,090 [INFO] root: Инициализация проекта...
2026-07-23 15:15:16,101 [INFO] root: База данных инициализирована.
2026-07-23 15:15:16,759 [INFO] root: Бот успешно запущен!
2026-07-23 15:15:16,759 [INFO] aiogram.dispatcher: Start polling
2026-07-23 15:15:16,875 [INFO] aiogram.dispatcher: Run polling for bot @vpnjempobot id=8974386075 - 'JempoVPN'
2026-07-23 15:15:27,501 [INFO] aiogram.event: Update id=82034001 is handled. Duration 639 ms by bot id=8974386075
2026-07-23 15:15:32,118 [INFO] aiogram.event: Update id=82034002 is handled. Duration 160 ms by bot id=8974386075
2026-07-23 15:15:33,576 [INFO] aiogram.event: Update id=82034003 is handled. Duration 264 ms by bot id=8974386075
2026-07-23 15:15:34,679 [INFO] aiogram.event: Update id=82034004 is handled. Duration 378 ms by bot id=8974386075
2026-07-23 15:15:59,642 [INFO] aiogram.event: Update id=82034005 is handled. Duration 262 ms by bot id=8974386075
2026-07-23 15:16:07,969 [INFO] aiogram.event: Update id=82034006 is not handled. Duration 0 ms by bot id=8974386075
2026-07-23 15:16:10,930 [INFO] aiogram.event: Update id=82034007 is handled. Duration 142 ms by bot id=8974386075
2026-07-23 15:16:12,332 [INFO] aiogram.event: Update id=82034008 is handled. Duration 280 ms by bot id=8974386075
2026-07-23 15:16:13,422 [INFO] aiogram.event: Update id=82034009 is not handled. Duration 0 ms by bot id=8974386075
2026-07-23 15:16:15,819 [INFO] aiogram.event: Update id=82034010 is not handled. Duration 0 ms by bot id=8974386075
2026-07-23 15:16:17,586 [INFO] aiogram.event: Update id=82034011 is handled. Duration 466 ms by bot id=8974386075
2026-07-23 15:16:19,328 [INFO] aiogram.event: Update id=82034012 is handled. Duration 296 ms by bot id=8974386075
2026-07-23 15:16:19,909 [INFO] aiogram.event: Update id=82034013 is not handled. Duration 0 ms by bot id=8974386075
2026-07-23 15:16:21,235 [INFO] aiogram.event: Update id=82034014 is handled. Duration 199 ms by bot id=8974386075
2026-07-23 15:16:22,353 [INFO] aiogram.event: Update id=82034015 is handled. Duration 253 ms by bot id=8974386075
2026-07-23 15:16:23,714 [INFO] aiogram.event: Update id=82034016 is handled. Duration 821 ms by bot id=8974386075
2026-07-23 15:16:26,866 [INFO] aiogram.event: Update id=82034017 is handled. Duration 203 ms by bot id=8974386075
2026-07-23 15:16:33,281 [INFO] aiogram.event: Update id=82034018 is handled. Duration 128 ms by bot id=8974386075
2026-07-23 15:16:37,388 [INFO] aiogram.event: Update id=82034019 is handled. Duration 254 ms by bot id=8974386075
2026-07-23 15:16:42,324 [INFO] aiogram.event: Update id=82034020 is handled. Duration 300 ms by bot id=8974386075
2026-07-23 15:21:02,486 [INFO] aiogram.event: Update id=82034021 is not handled. Duration 0 ms by bot id=8974386075
2026-07-23 15:21:03,723 [INFO] aiogram.event: Update id=82034022 is handled. Duration 268 ms by bot id=8974386075
2026-07-23 15:21:04,727 [INFO] aiogram.event: Update id=82034023 is handled. Duration 271 ms by bot id=8974386075
2026-07-23 15:21:05,618 [INFO] aiogram.event: Update id=82034024 is handled. Duration 381 ms by bot id=8974386075
2026-07-23 15:21:06,745 [INFO] aiogram.event: Update id=82034025 is handled. Duration 270 ms by bot id=8974386075
2026-07-23 15:21:08,055 [INFO] aiogram.event: Update id=82034026 is not handled. Duration 0 ms by bot id=8974386075
2026-07-23 15:21:09,607 [INFO] aiogram.event: Update id=82034027 is not handled. Duration 0 ms by bot id=8974386075
2026-07-23 15:21:10,245 [INFO] aiogram.event: Update id=82034028 is not handled. Duration 0 ms by bot id=8974386075
2026-07-23 15:21:10,662 [INFO] aiogram.event: Update id=82034029 is handled. Duration 263 ms by bot id=8974386075
2026-07-23 15:21:13,146 [INFO] aiogram.event: Update id=82034030 is handled. Duration 261 ms by bot id=8974386075
2026-07-23 15:21:13,790 [INFO] aiogram.event: Update id=82034031 is not handled. Duration 0 ms by bot id=8974386075
2026-07-23 15:21:15,600 [INFO] aiogram.event: Update id=82034032 is not handled. Duration 0 ms by bot id=8974386075
2026-07-23 15:21:17,770 [INFO] aiogram.event: Update id=82034033 is handled. Duration 144 ms by bot id=8974386075
2026-07-23 15:21:18,926 [INFO] aiogram.event: Update id=82034034 is handled. Duration 262 ms by bot id=8974386075
2026-07-23 15:21:19,507 [INFO] aiogram.event: Update id=82034035 is not handled. Duration 0 ms by bot id=8974386075
2026-07-23 15:21:20,070 [INFO] aiogram.event: Update id=82034036 is not handled. Duration 0 ms by bot id=8974386075
2026-07-23 15:21:20,245 [INFO] aiogram.event: Update id=82034037 is not handled. Duration 0 ms by bot id=8974386075
2026-07-23 15:21:20,393 [INFO] aiogram.event: Update id=82034038 is not handled. Duration 0 ms by bot id=8974386075
2026-07-23 15:21:21,702 [INFO] aiogram.event: Update id=82034039 is handled. Duration 391 ms by bot id=8974386075
2026-07-23 15:21:25,926 [INFO] aiogram.event: Update id=82034040 is handled. Duration 290 ms by bot id=8974386075
2026-07-23 15:21:26,229 [INFO] aiogram.event: Update id=82034041 is handled. Duration 411 ms by bot id=8974386075
2026-07-23 15:29:03,991 [INFO] aiogram.dispatcher: Polling stopped
2026-07-23 15:29:03,992 [ERROR] aiogram.dispatcher: Failed to fetch updates - TelegramNetworkError: HTTP Client says - ServerDisconnectedError: Server disconnected
2026-07-23 15:29:03,993 [WARNING] aiogram.dispatcher: Sleep for 1.000000 seconds and try again... (tryings = 0, bot id = 8974386075)
2026-07-23 15:29:04,243 [INFO] aiogram.dispatcher: Polling stopped for bot @vpnjempobot id=8974386075 - 'JempoVPN'
2026-07-23 15:52:11,407 [INFO] root: Инициализация проекта...
2026-07-23 15:52:11,408 [INFO] root: База данных инициализирована.
2026-07-23 15:52:11,932 [INFO] root: Бот успешно запущен!
2026-07-23 15:52:11,933 [INFO] aiogram.dispatcher: Start polling
2026-07-23 15:52:12,025 [INFO] aiogram.dispatcher: Run polling for bot @vpnjempobot id=8974386075 - 'JempoVPN'
2026-07-23 15:52:18,434 [INFO] aiogram.event: Update id=82034042 is handled. Duration 544 ms by bot id=8974386075
2026-07-23 15:52:21,146 [INFO] aiogram.event: Update id=82034043 is not handled. Duration 1 ms by bot id=8974386075
2026-07-23 15:52:24,978 [INFO] aiogram.event: Update id=82034044 is not handled. Duration 1 ms by bot id=8974386075
2026-07-23 15:54:40,785 [INFO] aiogram.dispatcher: Polling stopped
2026-07-23 15:54:40,786 [ERROR] aiogram.dispatcher: Failed to fetch updates - TelegramNetworkError: HTTP Client says - ServerDisconnectedError: Server disconnected
2026-07-23 15:54:40,786 [WARNING] aiogram.dispatcher: Sleep for 1.000000 seconds and try again... (tryings = 0, bot id = 8974386075)
2026-07-23 15:54:41,037 [INFO] aiogram.dispatcher: Polling stopped for bot @vpnjempobot id=8974386075 - 'JempoVPN'
2026-07-23 15:54:45,134 [INFO] root: Инициализация проекта...
2026-07-23 15:54:45,136 [INFO] root: База данных инициализирована.
2026-07-23 15:54:45,630 [INFO] root: Бот успешно запущен!
2026-07-23 15:54:45,630 [INFO] aiogram.dispatcher: Start polling
2026-07-23 15:54:45,710 [INFO] aiogram.dispatcher: Run polling for bot @vpnjempobot id=8974386075 - 'JempoVPN'
2026-07-23 15:54:47,773 [INFO] aiogram.event: Update id=82034045 is handled. Duration 530 ms by bot id=8974386075
2026-07-23 15:54:48,546 [INFO] aiogram.event: Update id=82034046 is not handled. Duration 2 ms by bot id=8974386075
2026-07-23 15:54:50,173 [INFO] aiogram.event: Update id=82034047 is not handled. Duration 0 ms by bot id=8974386075
2026-07-23 15:54:51,242 [INFO] aiogram.event: Update id=82034048 is handled. Duration 84 ms by bot id=8974386075
2026-07-23 15:54:54,190 [INFO] aiogram.event: Update id=82034049 is handled. Duration 92 ms by bot id=8974386075
2026-07-23 15:54:55,706 [INFO] aiogram.event: Update id=82034050 is handled. Duration 86 ms by bot id=8974386075
2026-07-23 15:54:58,340 [INFO] aiogram.event: Update id=82034051 is handled. Duration 112 ms by bot id=8974386075
2026-07-23 15:54:59,619 [INFO] aiogram.event: Update id=82034052 is handled. Duration 195 ms by bot id=8974386075
2026-07-23 15:55:00,542 [INFO] aiogram.event: Update id=82034053 is handled. Duration 94 ms by bot id=8974386075
2026-07-23 15:58:00,024 [INFO] aiogram.dispatcher: Polling stopped
2026-07-23 15:58:00,025 [ERROR] aiogram.dispatcher: Failed to fetch updates - TelegramNetworkError: HTTP Client says - ServerDisconnectedError: Server disconnected
2026-07-23 15:58:00,025 [WARNING] aiogram.dispatcher: Sleep for 1.000000 seconds and try again... (tryings = 0, bot id = 8974386075)
2026-07-23 15:58:00,276 [INFO] aiogram.dispatcher: Polling stopped for bot @vpnjempobot id=8974386075 - 'JempoVPN'
2026-07-23 15:58:04,811 [INFO] root: Инициализация проекта...
2026-07-23 15:58:04,813 [INFO] root: База данных инициализирована.
2026-07-23 15:58:05,312 [INFO] root: Бот успешно запущен!
2026-07-23 15:58:05,312 [INFO] aiogram.dispatcher: Start polling
2026-07-23 15:58:05,402 [INFO] aiogram.dispatcher: Run polling for bot @vpnjempobot id=8974386075 - 'JempoVPN'
2026-07-23 15:58:10,627 [INFO] aiogram.event: Update id=82034055 is handled. Duration 551 ms by bot id=8974386075
2026-07-23 15:58:11,950 [INFO] aiogram.event: Update id=82034056 is not handled. Duration 1 ms by bot id=8974386075
2026-07-23 15:58:14,286 [INFO] aiogram.event: Update id=82034057 is not handled. Duration 0 ms by bot id=8974386075
2026-07-23 15:58:15,882 [INFO] aiogram.event: Update id=82034058 is handled. Duration 211 ms by bot id=8974386075
2026-07-23 15:58:22,090 [INFO] aiogram.event: Update id=82034059 is handled. Duration 209 ms by bot id=8974386075
2026-07-23 15:58:23,386 [INFO] aiogram.event: Update id=82034060 is not handled. Duration 1 ms by bot id=8974386075
2026-07-23 15:58:25,957 [INFO] aiogram.event: Update id=82034061 is handled. Duration 217 ms by bot id=8974386075
2026-07-23 15:58:44,894 [INFO] aiogram.event: Update id=82034062 is handled. Duration 272 ms by bot id=8974386075
2026-07-23 15:58:46,206 [INFO] aiogram.event: Update id=82034063 is handled. Duration 248 ms by bot id=8974386075
2026-07-23 15:58:49,261 [INFO] aiogram.event: Update id=82034064 is handled. Duration 213 ms by bot id=8974386075
2026-07-23 15:58:51,378 [INFO] aiogram.event: Update id=82034065 is handled. Duration 98 ms by bot id=8974386075
2026-07-23 15:58:57,058 [INFO] aiogram.event: Update id=82034066 is not handled. Duration 0 ms by bot id=8974386075
2026-07-23 15:58:59,013 [INFO] aiogram.event: Update id=82034067 is not handled. Duration 1 ms by bot id=8974386075
2026-07-23 16:00:37,245 [INFO] aiogram.dispatcher: Polling stopped
2026-07-23 16:00:37,246 [ERROR] aiogram.dispatcher: Failed to fetch updates - TelegramNetworkError: HTTP Client says - ServerDisconnectedError: Server disconnected
2026-07-23 16:00:37,246 [WARNING] aiogram.dispatcher: Sleep for 1.000000 seconds and try again... (tryings = 0, bot id = 8974386075)
2026-07-23 16:00:37,497 [INFO] aiogram.dispatcher: Polling stopped for bot @vpnjempobot id=8974386075 - 'JempoVPN'
2026-07-23 16:00:42,154 [INFO] root: Инициализация проекта...
2026-07-23 16:00:42,155 [INFO] root: База данных инициализирована.
2026-07-23 16:00:42,655 [INFO] root: Бот успешно запущен!
2026-07-23 16:00:42,655 [INFO] aiogram.dispatcher: Start polling
2026-07-23 16:00:42,744 [INFO] aiogram.dispatcher: Run polling for bot @vpnjempobot id=8974386075 - 'JempoVPN'
2026-07-23 16:00:46,447 [INFO] aiogram.event: Update id=82034069 is handled. Duration 547 ms by bot id=8974386075
2026-07-23 16:00:47,624 [INFO] aiogram.event: Update id=82034070 is handled. Duration 244 ms by bot id=8974386075
2026-07-23 16:00:50,341 [INFO] aiogram.event: Update id=82034071 is handled. Duration 365 ms by bot id=8974386075
2026-07-23 16:00:52,596 [INFO] aiogram.event: Update id=82034072 is handled. Duration 249 ms by bot id=8974386075
2026-07-23 16:00:53,552 [INFO] aiogram.event: Update id=82034073 is handled. Duration 232 ms by bot id=8974386075
2026-07-23 16:00:54,736 [INFO] aiogram.event: Update id=82034074 is handled. Duration 528 ms by bot id=8974386075
2026-07-23 16:00:56,641 [INFO] aiogram.event: Update id=82034075 is handled. Duration 371 ms by bot id=8974386075
2026-07-23 16:00:59,537 [INFO] aiogram.event: Update id=82034076 is handled. Duration 252 ms by bot id=8974386075
2026-07-23 16:01:02,577 [INFO] aiogram.event: Update id=82034077 is handled. Duration 210 ms by bot id=8974386075
2026-07-23 16:01:04,908 [INFO] aiogram.event: Update id=82034078 is handled. Duration 219 ms by bot id=8974386075
2026-07-23 16:01:06,036 [INFO] aiogram.event: Update id=82034079 is handled. Duration 219 ms by bot id=8974386075
2026-07-23 16:01:07,096 [INFO] aiogram.event: Update id=82034080 is handled. Duration 219 ms by bot id=8974386075
2026-07-23 16:01:08,309 [INFO] aiogram.event: Update id=82034081 is handled. Duration 207 ms by bot id=8974386075
2026-07-23 16:01:10,009 [INFO] aiogram.event: Update id=82034082 is handled. Duration 314 ms by bot id=8974386075
2026-07-23 16:01:28,102 [INFO] aiogram.event: Update id=82034083 is handled. Duration 218 ms by bot id=8974386075
2026-07-23 16:01:30,462 [INFO] aiogram.event: Update id=82034084 is handled. Duration 92 ms by bot id=8974386075
2026-07-23 16:01:33,181 [INFO] aiogram.event: Update id=82034085 is handled. Duration 210 ms by bot id=8974386075
2026-07-23 16:01:34,975 [INFO] aiogram.event: Update id=82034086 is handled. Duration 198 ms by bot id=8974386075
2026-07-23 16:01:36,168 [INFO] aiogram.event: Update id=82034087 is handled. Duration 200 ms by bot id=8974386075
2026-07-23 16:01:38,409 [INFO] aiogram.event: Update id=82034088 is handled. Duration 196 ms by bot id=8974386075
2026-07-23 16:01:41,332 [INFO] aiogram.event: Update id=82034089 is handled. Duration 199 ms by bot id=8974386075
2026-07-23 16:01:43,902 [INFO] aiogram.event: Update id=82034090 is handled. Duration 202 ms by bot id=8974386075
2026-07-23 16:01:47,560 [INFO] aiogram.event: Update id=82034091 is handled. Duration 404 ms by bot id=8974386075
2026-07-23 16:01:49,921 [INFO] aiogram.event: Update id=82034092 is handled. Duration 199 ms by bot id=8974386075
2026-07-23 16:01:52,653 [INFO] aiogram.event: Update id=82034093 is handled. Duration 200 ms by bot id=8974386075
2026-07-23 16:01:57,020 [INFO] aiogram.event: Update id=82034094 is handled. Duration 194 ms by bot id=8974386075
2026-07-23 16:02:28,692 [INFO] aiogram.event: Update id=82034095 is handled. Duration 192 ms by bot id=8974386075
2026-07-23 16:02:33,509 [INFO] aiogram.event: Update id=82034096 is handled. Duration 94 ms by bot id=8974386075
2026-07-23 16:02:41,639 [INFO] aiogram.event: Update id=82034097 is handled. Duration 285 ms by bot id=8974386075
2026-07-23 16:02:42,778 [INFO] aiogram.event: Update id=82034098 is handled. Duration 238 ms by bot id=8974386075
2026-07-23 16:02:44,158 [INFO] aiogram.event: Update id=82034099 is handled. Duration 200 ms by bot id=8974386075
2026-07-23 16:02:58,917 [INFO] aiogram.event: Update id=82034100 is handled. Duration 188 ms by bot id=8974386075
2026-07-23 16:03:02,562 [INFO] aiogram.event: Update id=82034101 is handled. Duration 281 ms by bot id=8974386075
2026-07-23 16:03:04,599 [INFO] aiogram.event: Update id=82034102 is handled. Duration 503 ms by bot id=8974386075
2026-07-23 16:03:07,827 [INFO] aiogram.event: Update id=82034103 is handled. Duration 230 ms by bot id=8974386075
2026-07-23 16:04:37,185 [INFO] aiogram.event: Update id=82034104 is handled. Duration 269 ms by bot id=8974386075
2026-07-23 16:05:46,381 [INFO] aiogram.event: Update id=82034105 is handled. Duration 275 ms by bot id=8974386075
2026-07-23 16:09:19,640 [INFO] aiogram.dispatcher: Polling stopped
2026-07-23 16:09:19,641 [ERROR] aiogram.dispatcher: Failed to fetch updates - TelegramNetworkError: HTTP Client says - ServerDisconnectedError: Server disconnected
2026-07-23 16:09:19,642 [WARNING] aiogram.dispatcher: Sleep for 1.000000 seconds and try again... (tryings = 0, bot id = 8974386075)
2026-07-23 16:09:19,893 [INFO] aiogram.dispatcher: Polling stopped for bot @vpnjempobot id=8974386075 - 'JempoVPN'
2026-07-23 16:09:24,235 [INFO] root: Инициализация проекта...
2026-07-23 16:09:24,237 [INFO] root: База данных инициализирована.
2026-07-23 16:09:24,844 [INFO] root: Бот успешно запущен!
2026-07-23 16:09:24,845 [INFO] aiogram.dispatcher: Start polling
2026-07-23 16:09:24,937 [INFO] aiogram.dispatcher: Run polling for bot @vpnjempobot id=8974386075 - 'JempoVPN'
2026-07-23 16:09:27,317 [INFO] aiogram.event: Update id=82034106 is handled. Duration 569 ms by bot id=8974386075
2026-07-23 16:09:45,526 [INFO] aiogram.event: Update id=82034107 is handled. Duration 84 ms by bot id=8974386075
2026-07-23 16:09:47,605 [INFO] aiogram.event: Update id=82034108 is handled. Duration 225 ms by bot id=8974386075
2026-07-23 16:09:52,428 [INFO] aiogram.event: Update id=82034109 is handled. Duration 204 ms by bot id=8974386075
2026-07-23 16:09:53,729 [INFO] aiogram.event: Update id=82034110 is handled. Duration 214 ms by bot id=8974386075
2026-07-23 16:09:54,684 [INFO] aiogram.event: Update id=82034111 is handled. Duration 344 ms by bot id=8974386075
2026-07-23 16:09:56,063 [INFO] aiogram.event: Update id=82034112 is handled. Duration 224 ms by bot id=8974386075
2026-07-23 16:09:57,925 [INFO] aiogram.event: Update id=82034113 is handled. Duration 187 ms by bot id=8974386075
2026-07-23 16:10:00,184 [INFO] aiogram.event: Update id=82034114 is handled. Duration 216 ms by bot id=8974386075
2026-07-23 16:10:02,416 [INFO] aiogram.event: Update id=82034115 is handled. Duration 190 ms by bot id=8974386075
2026-07-23 16:15:49,126 [INFO] aiogram.event: Update id=82034116 is handled. Duration 217 ms by bot id=8974386075
2026-07-23 16:15:51,425 [INFO] aiogram.event: Update id=82034117 is handled. Duration 198 ms by bot id=8974386075
2026-07-23 16:15:52,831 [INFO] aiogram.event: Update id=82034118 is handled. Duration 233 ms by bot id=8974386075
2026-07-23 16:15:55,012 [INFO] aiogram.event: Update id=82034119 is handled. Duration 350 ms by bot id=8974386075
2026-07-23 16:15:56,144 [INFO] aiogram.event: Update id=82034120 is handled. Duration 102 ms by bot id=8974386075
2026-07-23 16:15:59,920 [INFO] aiogram.event: Update id=82034121 is handled. Duration 189 ms by bot id=8974386075
2026-07-23 16:16:01,313 [INFO] aiogram.event: Update id=82034122 is handled. Duration 202 ms by bot id=8974386075
2026-07-23 16:16:02,694 [INFO] aiogram.event: Update id=82034123 is handled. Duration 185 ms by bot id=8974386075
2026-07-23 16:16:04,501 [INFO] aiogram.event: Update id=82034124 is handled. Duration 344 ms by bot id=8974386075
2026-07-23 16:16:06,321 [INFO] aiogram.event: Update id=82034125 is handled. Duration 238 ms by bot id=8974386075
2026-07-23 16:16:09,315 [INFO] aiogram.event: Update id=82034126 is handled. Duration 252 ms by bot id=8974386075
2026-07-23 16:16:14,430 [INFO] aiogram.event: Update id=82034127 is handled. Duration 250 ms by bot id=8974386075
2026-07-23 16:16:21,295 [INFO] aiogram.event: Update id=82034128 is handled. Duration 216 ms by bot id=8974386075
2026-07-23 16:16:24,506 [INFO] aiogram.event: Update id=82034129 is handled. Duration 246 ms by bot id=8974386075
2026-07-23 16:21:04,028 [INFO] aiogram.event: Update id=82034130 is handled. Duration 207 ms by bot id=8974386075
2026-07-23 16:21:13,159 [INFO] aiogram.event: Update id=82034131 is handled. Duration 91 ms by bot id=8974386075
2026-07-23 16:46:45,651 [INFO] aiogram.event: Update id=82034132 is handled. Duration 327 ms by bot id=8974386075
2026-07-23 16:46:50,586 [INFO] aiogram.event: Update id=82034133 is handled. Duration 190 ms by bot id=8974386075
2026-07-23 16:46:55,862 [INFO] aiogram.event: Update id=82034134 is handled. Duration 216 ms by bot id=8974386075
2026-07-23 16:46:59,465 [INFO] aiogram.event: Update id=82034135 is handled. Duration 344 ms by bot id=8974386075
2026-07-23 16:47:01,990 [INFO] aiogram.event: Update id=82034136 is handled. Duration 327 ms by bot id=8974386075
2026-07-23 17:18:03,292 [INFO] aiogram.event: Update id=82034137 is handled. Duration 717 ms by bot id=8974386075
2026-07-23 17:18:04,588 [INFO] aiogram.event: Update id=82034138 is handled. Duration 208 ms by bot id=8974386075
2026-07-23 17:18:05,596 [INFO] aiogram.event: Update id=82034139 is handled. Duration 485 ms by bot id=8974386075
2026-07-23 17:18:06,652 [INFO] aiogram.event: Update id=82034140 is handled. Duration 208 ms by bot id=8974386075
2026-07-23 17:18:12,850 [INFO] aiogram.event: Update id=82034141 is handled. Duration 211 ms by bot id=8974386075
2026-07-23 17:18:14,140 [INFO] aiogram.event: Update id=82034142 is handled. Duration 94 ms by bot id=8974386075
2026-07-23 17:18:16,710 [INFO] aiogram.event: Update id=82034143 is handled. Duration 326 ms by bot id=8974386075
2026-07-23 17:18:17,801 [INFO] aiogram.event: Update id=82034144 is handled. Duration 338 ms by bot id=8974386075
2026-07-23 17:18:19,413 [INFO] aiogram.event: Update id=82034145 is handled. Duration 287 ms by bot id=8974386075
2026-07-23 17:18:20,735 [INFO] aiogram.event: Update id=82034146 is handled. Duration 474 ms by bot id=8974386075
2026-07-23 17:18:21,321 [INFO] aiogram.event: Update id=82034147 is handled. Duration 218 ms by bot id=8974386075
2026-07-23 17:18:22,315 [INFO] aiogram.event: Update id=82034148 is handled. Duration 263 ms by bot id=8974386075
2026-07-23 17:18:23,739 [INFO] aiogram.event: Update id=82034149 is handled. Duration 212 ms by bot id=8974386075
2026-07-23 17:18:24,831 [INFO] aiogram.event: Update id=82034150 is handled. Duration 207 ms by bot id=8974386075
2026-07-23 17:18:36,020 [INFO] aiogram.event: Update id=82034151 is handled. Duration 371 ms by bot id=8974386075
2026-07-23 17:18:38,032 [INFO] aiogram.event: Update id=82034152 is handled. Duration 257 ms by bot id=8974386075
2026-07-23 17:20:25,426 [INFO] aiogram.dispatcher: Polling stopped
2026-07-23 17:20:25,427 [ERROR] aiogram.dispatcher: Failed to fetch updates - TelegramNetworkError: HTTP Client says - ServerDisconnectedError: Server disconnected
2026-07-23 17:20:25,427 [WARNING] aiogram.dispatcher: Sleep for 1.000000 seconds and try again... (tryings = 0, bot id = 8974386075)
2026-07-23 17:20:25,678 [INFO] aiogram.dispatcher: Polling stopped for bot @vpnjempobot id=8974386075 - 'JempoVPN'
2026-07-23 17:20:29,765 [INFO] root: Инициализация проекта...
2026-07-23 17:20:29,767 [INFO] root: База данных инициализирована.
2026-07-23 17:20:30,261 [INFO] root: Бот успешно запущен!
2026-07-23 17:20:30,261 [INFO] aiogram.dispatcher: Start polling
2026-07-23 17:20:30,349 [INFO] aiogram.dispatcher: Run polling for bot @vpnjempobot id=8974386075 - 'JempoVPN'
2026-07-23 17:20:41,161 [INFO] aiogram.event: Update id=82034153 is handled. Duration 826 ms by bot id=8974386075
2026-07-23 17:20:44,957 [INFO] aiogram.event: Update id=82034154 is handled. Duration 313 ms by bot id=8974386075
2026-07-23 17:21:15,032 [INFO] aiogram.event: Update id=82034155 is handled. Duration 129 ms by bot id=8974386075
2026-07-23 17:21:16,771 [INFO] aiogram.event: Update id=82034156 is handled. Duration 199 ms by bot id=8974386075
2026-07-23 17:21:17,829 [INFO] aiogram.event: Update id=82034157 is handled. Duration 222 ms by bot id=8974386075
2026-07-23 17:21:26,607 [INFO] aiogram.event: Update id=82034158 is handled. Duration 310 ms by bot id=8974386075
2026-07-23 17:26:08,959 [INFO] aiogram.dispatcher: Polling stopped
2026-07-23 17:26:08,960 [ERROR] aiogram.dispatcher: Failed to fetch updates - TelegramNetworkError: HTTP Client says - ServerDisconnectedError: Server disconnected
2026-07-23 17:26:08,960 [WARNING] aiogram.dispatcher: Sleep for 1.000000 seconds and try again... (tryings = 0, bot id = 8974386075)
2026-07-23 17:26:09,211 [INFO] aiogram.dispatcher: Polling stopped for bot @vpnjempobot id=8974386075 - 'JempoVPN'
2026-07-23 17:26:13,334 [INFO] root: Инициализация проекта...
2026-07-23 17:26:13,336 [INFO] root: База данных инициализирована.
2026-07-23 17:26:13,847 [INFO] root: Бот успешно запущен!
2026-07-23 17:26:13,848 [INFO] aiogram.dispatcher: Start polling
2026-07-23 17:26:13,932 [INFO] aiogram.dispatcher: Run polling for bot @vpnjempobot id=8974386075 - 'JempoVPN'
2026-07-23 17:26:27,319 [INFO] aiogram.event: Update id=82034159 is handled. Duration 1025 ms by bot id=8974386075
2026-07-23 17:40:31,204 [INFO] aiogram.event: Update id=82034160 is handled. Duration 276 ms by bot id=8974386075
2026-07-23 17:40:56,244 [INFO] aiogram.event: Update id=82034161 is handled. Duration 127 ms by bot id=8974386075
2026-07-23 17:41:00,675 [INFO] aiogram.event: Update id=82034162 is handled. Duration 181 ms by bot id=8974386075
2026-07-23 17:41:03,258 [INFO] aiogram.event: Update id=82034163 is handled. Duration 209 ms by bot id=8974386075
2026-07-23 17:41:05,145 [INFO] aiogram.event: Update id=82034164 is handled. Duration 122 ms by bot id=8974386075
2026-07-23 17:41:09,647 [INFO] aiogram.event: Update id=82034165 is handled. Duration 91 ms by bot id=8974386075
2026-07-23 17:41:14,686 [INFO] aiogram.event: Update id=82034166 is handled. Duration 637 ms by bot id=8974386075
2026-07-23 17:41:41,986 [INFO] aiogram.event: Update id=82034167 is handled. Duration 110 ms by bot id=8974386075
2026-07-23 17:43:42,692 [INFO] aiogram.event: Update id=82034168 is handled. Duration 533 ms by bot id=8974386075
2026-07-23 17:44:34,150 [INFO] aiogram.event: Update id=82034169 is handled. Duration 214 ms by bot id=8974386075
2026-07-23 17:44:35,266 [INFO] aiogram.event: Update id=82034170 is handled. Duration 308 ms by bot id=8974386075
2026-07-23 17:48:30,829 [INFO] aiogram.event: Update id=82034171 is handled. Duration 204 ms by bot id=8974386075
2026-07-23 17:48:31,956 [INFO] aiogram.event: Update id=82034172 is handled. Duration 293 ms by bot id=8974386075
2026-07-23 17:48:33,106 [INFO] aiogram.event: Update id=82034173 is handled. Duration 249 ms by bot id=8974386075
2026-07-23 17:48:34,858 [INFO] aiogram.event: Update id=82034174 is handled. Duration 424 ms by bot id=8974386075
2026-07-23 17:48:36,178 [INFO] aiogram.event: Update id=82034175 is handled. Duration 203 ms by bot id=8974386075
2026-07-23 17:48:37,532 [INFO] aiogram.event: Update id=82034176 is handled. Duration 509 ms by bot id=8974386075
2026-07-23 17:49:21,718 [INFO] aiogram.event: Update id=82034177 is handled. Duration 111 ms by bot id=8974386075
2026-07-23 17:49:23,670 [INFO] aiogram.event: Update id=82034178 is handled. Duration 523 ms by bot id=8974386075
2026-07-23 17:49:25,447 [INFO] aiogram.event: Update id=82034179 is handled. Duration 200 ms by bot id=8974386075
2026-07-23 17:49:28,598 [INFO] aiogram.event: Update id=82034180 is handled. Duration 204 ms by bot id=8974386075
2026-07-23 17:49:30,001 [INFO] aiogram.event: Update id=82034181 is handled. Duration 185 ms by bot id=8974386075
2026-07-23 17:49:31,957 [INFO] aiogram.event: Update id=82034182 is handled. Duration 124 ms by bot id=8974386075
2026-07-23 17:49:34,434 [INFO] aiogram.event: Update id=82034183 is handled. Duration 188 ms by bot id=8974386075
2026-07-23 17:49:37,450 [INFO] aiogram.event: Update id=82034184 is handled. Duration 197 ms by bot id=8974386075
2026-07-23 17:49:38,639 [INFO] aiogram.event: Update id=82034185 is handled. Duration 271 ms by bot id=8974386075
2026-07-23 17:49:39,882 [INFO] aiogram.event: Update id=82034186 is handled. Duration 237 ms by bot id=8974386075
2026-07-23 17:49:40,606 [INFO] aiogram.event: Update id=82034187 is handled. Duration 198 ms by bot id=8974386075
2026-07-23 17:49:43,602 [INFO] aiogram.event: Update id=82034188 is handled. Duration 576 ms by bot id=8974386075
2026-07-23 17:49:46,439 [INFO] aiogram.event: Update id=82034189 is handled. Duration 104 ms by bot id=8974386075
2026-07-23 17:49:49,058 [INFO] aiogram.event: Update id=82034190 is handled. Duration 201 ms by bot id=8974386075
2026-07-23 17:49:51,321 [INFO] aiogram.event: Update id=82034191 is handled. Duration 182 ms by bot id=8974386075
2026-07-23 17:49:53,205 [INFO] aiogram.event: Update id=82034192 is handled. Duration 223 ms by bot id=8974386075
2026-07-23 17:49:54,912 [INFO] aiogram.event: Update id=82034193 is handled. Duration 182 ms by bot id=8974386075
2026-07-23 17:49:57,145 [INFO] aiogram.event: Update id=82034194 is handled. Duration 214 ms by bot id=8974386075
2026-07-23 17:49:59,062 [INFO] aiogram.event: Update id=82034195 is handled. Duration 190 ms by bot id=8974386075
2026-07-23 17:50:04,420 [INFO] aiogram.event: Update id=82034196 is handled. Duration 94 ms by bot id=8974386075
2026-07-23 17:50:33,952 [INFO] aiogram.event: Update id=82034197 is handled. Duration 206 ms by bot id=8974386075
2026-07-23 17:50:36,131 [INFO] aiogram.event: Update id=82034198 is handled. Duration 261 ms by bot id=8974386075
2026-07-23 17:52:15,921 [INFO] aiogram.event: Update id=82034199 is handled. Duration 198 ms by bot id=8974386075
2026-07-23 17:52:17,156 [INFO] aiogram.event: Update id=82034200 is handled. Duration 177 ms by bot id=8974386075
2026-07-23 17:52:18,167 [INFO] aiogram.event: Update id=82034201 is handled. Duration 216 ms by bot id=8974386075
2026-07-23 17:58:22,922 [INFO] aiogram.event: Update id=82034202 is handled. Duration 85 ms by bot id=8974386075
2026-07-23 17:58:28,622 [INFO] aiogram.event: Update id=82034203 is handled. Duration 114 ms by bot id=8974386075
2026-07-23 18:02:30,157 [INFO] aiogram.event: Update id=82034204 is handled. Duration 132 ms by bot id=8974386075
2026-07-23 18:02:34,257 [INFO] aiogram.event: Update id=82034205 is handled. Duration 511 ms by bot id=8974386075
2026-07-23 18:02:37,302 [INFO] aiogram.event: Update id=82034206 is handled. Duration 216 ms by bot id=8974386075
2026-07-23 18:02:38,734 [INFO] aiogram.event: Update id=82034207 is handled. Duration 531 ms by bot id=8974386075
2026-07-23 18:02:39,801 [INFO] aiogram.event: Update id=82034208 is handled. Duration 218 ms by bot id=8974386075
2026-07-23 18:02:47,391 [INFO] aiogram.dispatcher: Polling stopped
2026-07-23 18:02:47,392 [ERROR] aiogram.dispatcher: Failed to fetch updates - TelegramNetworkError: HTTP Client says - ServerDisconnectedError: Server disconnected
2026-07-23 18:02:47,392 [WARNING] aiogram.dispatcher: Sleep for 1.000000 seconds and try again... (tryings = 0, bot id = 8974386075)
2026-07-23 18:02:47,643 [INFO] aiogram.dispatcher: Polling stopped for bot @vpnjempobot id=8974386075 - 'JempoVPN'
2026-07-23 18:02:51,829 [INFO] root: Инициализация проекта...
2026-07-23 18:02:51,830 [INFO] root: База данных инициализирована.
2026-07-23 18:02:52,333 [INFO] root: Бот успешно запущен!
2026-07-23 18:02:52,334 [INFO] aiogram.dispatcher: Start polling
2026-07-23 18:02:52,425 [INFO] aiogram.dispatcher: Run polling for bot @vpnjempobot id=8974386075 - 'JempoVPN'
2026-07-23 18:02:58,757 [INFO] aiogram.event: Update id=82034209 is handled. Duration 119 ms by bot id=8974386075
2026-07-23 18:03:00,381 [INFO] aiogram.event: Update id=82034210 is handled. Duration 535 ms by bot id=8974386075
2026-07-23 18:03:01,609 [INFO] aiogram.event: Update id=82034211 is handled. Duration 287 ms by bot id=8974386075
2026-07-23 18:03:05,484 [INFO] aiogram.event: Update id=82034212 is handled. Duration 122 ms by bot id=8974386075
2026-07-23 18:05:08,632 [INFO] aiogram.event: Update id=82034213 is handled. Duration 440 ms by bot id=8974386075
2026-07-23 18:05:10,474 [INFO] aiogram.event: Update id=82034214 is handled. Duration 257 ms by bot id=8974386075
2026-07-23 18:05:51,415 [INFO] aiogram.event: Update id=82034215 is handled. Duration 591 ms by bot id=8974386075
2026-07-23 18:06:35,639 [INFO] aiogram.event: Update id=82034216 is handled. Duration 113 ms by bot id=8974386075
2026-07-23 18:06:37,492 [INFO] aiogram.event: Update id=82034217 is handled. Duration 582 ms by bot id=8974386075
2026-07-23 18:08:58,700 [ERROR] aiogram.dispatcher: Failed to fetch updates - TelegramNetworkError: HTTP Client says - Request timeout error
2026-07-23 18:08:58,700 [WARNING] aiogram.dispatcher: Sleep for 1.000000 seconds and try again... (tryings = 0, bot id = 8974386075)
2026-07-23 18:09:20,955 [ERROR] aiogram.dispatcher: Failed to fetch updates - TelegramNetworkError: HTTP Client says - ClientConnectorError: Cannot connect to host api.telegram.org:443 ssl:default [Превышен таймаут семафора]
2026-07-23 18:09:20,958 [WARNING] aiogram.dispatcher: Sleep for 1.450409 seconds and try again... (tryings = 1, bot id = 8974386075)
2026-07-23 18:09:43,664 [ERROR] aiogram.dispatcher: Failed to fetch updates - TelegramNetworkError: HTTP Client says - ClientConnectorError: Cannot connect to host api.telegram.org:443 ssl:default [Превышен таймаут семафора]
2026-07-23 18:09:43,665 [WARNING] aiogram.dispatcher: Sleep for 1.910610 seconds and try again... (tryings = 2, bot id = 8974386075)
2026-07-23 18:10:06,835 [ERROR] aiogram.dispatcher: Failed to fetch updates - TelegramNetworkError: HTTP Client says - ClientConnectorError: Cannot connect to host api.telegram.org:443 ssl:default [Превышен таймаут семафора]
2026-07-23 18:10:06,835 [WARNING] aiogram.dispatcher: Sleep for 2.323846 seconds and try again... (tryings = 3, bot id = 8974386075)
2026-07-23 18:10:30,414 [ERROR] aiogram.dispatcher: Failed to fetch updates - TelegramNetworkError: HTTP Client says - ClientConnectorError: Cannot connect to host api.telegram.org:443 ssl:default [Превышен таймаут семафора]
2026-07-23 18:10:30,424 [WARNING] aiogram.dispatcher: Sleep for 2.954647 seconds and try again... (tryings = 4, bot id = 8974386075)
2026-07-23 18:10:34,116 [INFO] aiogram.dispatcher: Connection established (tryings = 5, bot id = 8974386075)
2026-07-23 18:10:34,398 [INFO] aiogram.event: Update id=82034219 is not handled. Duration 279 ms by bot id=8974386075
2026-07-23 18:10:34,399 [ERROR] aiogram.event: Cause exception while process update id=82034219 by bot id=8974386075
TelegramBadRequest: Telegram server says - Bad Request: query is too old and response timeout expired or query ID is invalid
Traceback (most recent call last):
  File "C:\Users\dzemi\AppData\Local\Python\pythoncore-3.14-64\Lib\site-packages\aiogram\dispatcher\dispatcher.py", line 320, in _process_update
    response = await self.feed_update(bot, update, **kwargs)
               ^^^^^^^^^^^^^^^^^^^^^^^^^^^^^^^^^^^^^^^^^^^^^
  File "C:\Users\dzemi\AppData\Local\Python\pythoncore-3.14-64\Lib\site-packages\aiogram\dispatcher\dispatcher.py", line 164, in feed_update
    response = await self.update.wrap_outer_middleware(
               ^^^^^^^^^^^^^^^^^^^^^^^^^^^^^^^^^^^^^^^^
    ...<7 lines>...
    )
    ^
  File "C:\Users\dzemi\AppData\Local\Python\pythoncore-3.14-64\Lib\site-packages\aiogram\dispatcher\middlewares\error.py", line 27, in __call__
    return await handler(event, data)
           ^^^^^^^^^^^^^^^^^^^^^^^^^^
  File "C:\Users\dzemi\AppData\Local\Python\pythoncore-3.14-64\Lib\site-packages\aiogram\dispatcher\middlewares\user_context.py", line 58, in __call__
    return await handler(event, data)
           ^^^^^^^^^^^^^^^^^^^^^^^^^^
  File "C:\Users\dzemi\AppData\Local\Python\pythoncore-3.14-64\Lib\site-packages\aiogram\fsm\middleware.py", line 43, in __call__
    return await handler(event, data)
           ^^^^^^^^^^^^^^^^^^^^^^^^^^
  File "C:\Users\dzemi\AppData\Local\Python\pythoncore-3.14-64\Lib\site-packages\aiogram\dispatcher\event\telegram.py", line 126, in trigger
    return await wrapped_inner(event, kwargs)
           ^^^^^^^^^^^^^^^^^^^^^^^^^^^^^^^^^^
  File "C:\Users\dzemi\AppData\Local\Python\pythoncore-3.14-64\Lib\site-packages\aiogram\dispatcher\event\handler.py", line 71, in call
    return await wrapped()
           ^^^^^^^^^^^^^^^
  File "C:\Users\dzemi\AppData\Local\Python\pythoncore-3.14-64\Lib\site-packages\aiogram\dispatcher\dispatcher.py", line 283, in _listen_update
    return await self.propagate_event(update_type=update_type, event=event, **kwargs)
           ^^^^^^^^^^^^^^^^^^^^^^^^^^^^^^^^^^^^^^^^^^^^^^^^^^^^^^^^^^^^^^^^^^^^^^^^^^
  File "C:\Users\dzemi\AppData\Local\Python\pythoncore-3.14-64\Lib\site-packages\aiogram\dispatcher\router.py", line 167, in propagate_event
    return await observer.wrap_outer_middleware(_wrapped, event=event, data=kwargs)
           ^^^^^^^^^^^^^^^^^^^^^^^^^^^^^^^^^^^^^^^^^^^^^^^^^^^^^^^^^^^^^^^^^^^^^^^^
  File "C:\Users\dzemi\AppData\Local\Python\pythoncore-3.14-64\Lib\site-packages\aiogram\dispatcher\router.py", line 159, in _wrapped
    return await self._propagate_event(
           ^^^^^^^^^^^^^^^^^^^^^^^^^^^^
    ...<4 lines>...
    )
    ^
  File "C:\Users\dzemi\AppData\Local\Python\pythoncore-3.14-64\Lib\site-packages\aiogram\dispatcher\router.py", line 195, in _propagate_event
    response = await router.propagate_event(update_type=update_type, event=event, **kwargs)
               ^^^^^^^^^^^^^^^^^^^^^^^^^^^^^^^^^^^^^^^^^^^^^^^^^^^^^^^^^^^^^^^^^^^^^^^^^^^^
  File "C:\Users\dzemi\AppData\Local\Python\pythoncore-3.14-64\Lib\site-packages\aiogram\dispatcher\router.py", line 167, in propagate_event
    return await observer.wrap_outer_middleware(_wrapped, event=event, data=kwargs)
           ^^^^^^^^^^^^^^^^^^^^^^^^^^^^^^^^^^^^^^^^^^^^^^^^^^^^^^^^^^^^^^^^^^^^^^^^
  File "C:\Users\dzemi\AppData\Local\Python\pythoncore-3.14-64\Lib\site-packages\aiogram\dispatcher\router.py", line 159, in _wrapped
    return await self._propagate_event(
           ^^^^^^^^^^^^^^^^^^^^^^^^^^^^
    ...<4 lines>...
    )
    ^
  File "C:\Users\dzemi\AppData\Local\Python\pythoncore-3.14-64\Lib\site-packages\aiogram\dispatcher\router.py", line 187, in _propagate_event
    response = await observer.trigger(event, **kwargs)
               ^^^^^^^^^^^^^^^^^^^^^^^^^^^^^^^^^^^^^^^
  File "C:\Users\dzemi\AppData\Local\Python\pythoncore-3.14-64\Lib\site-packages\aiogram\dispatcher\event\telegram.py", line 126, in trigger
    return await wrapped_inner(event, kwargs)
           ^^^^^^^^^^^^^^^^^^^^^^^^^^^^^^^^^^
  File "C:\Users\dzemi\OneDrive\Desktop\VPN_BOT\bot\middlewares\throttling.py", line 25, in __call__
    await event.answer("⚠️ Слишком частые клики!", show_alert=True)
  File "C:\Users\dzemi\AppData\Local\Python\pythoncore-3.14-64\Lib\site-packages\aiogram\methods\base.py", line 82, in emit
    return await bot(self)
           ^^^^^^^^^^^^^^^
  File "C:\Users\dzemi\AppData\Local\Python\pythoncore-3.14-64\Lib\site-packages\aiogram\client\bot.py", line 514, in __call__
    return await self.session(self, method, timeout=request_timeout)
           ^^^^^^^^^^^^^^^^^^^^^^^^^^^^^^^^^^^^^^^^^^^^^^^^^^^^^^^^^
  File "C:\Users\dzemi\AppData\Local\Python\pythoncore-3.14-64\Lib\site-packages\aiogram\client\session\base.py", line 259, in __call__
    return cast(TelegramType, await middleware(bot, method))
                              ^^^^^^^^^^^^^^^^^^^^^^^^^^^^^
  File "C:\Users\dzemi\AppData\Local\Python\pythoncore-3.14-64\Lib\site-packages\aiogram\client\session\aiohttp.py", line 177, in make_request
    response = self.check_response(
        bot=bot,
    ...<2 lines>...
        content=raw_result,
    )
  File "C:\Users\dzemi\AppData\Local\Python\pythoncore-3.14-64\Lib\site-packages\aiogram\client\session\base.py", line 121, in check_response
    raise TelegramBadRequest(method=method, message=description)
aiogram.exceptions.TelegramBadRequest: Telegram server says - Bad Request: query is too old and response timeout expired or query ID is invalid
2026-07-23 18:10:34,422 [INFO] aiogram.event: Update id=82034221 is not handled. Duration 301 ms by bot id=8974386075
2026-07-23 18:10:34,422 [ERROR] aiogram.event: Cause exception while process update id=82034221 by bot id=8974386075
TelegramBadRequest: Telegram server says - Bad Request: query is too old and response timeout expired or query ID is invalid
Traceback (most recent call last):
  File "C:\Users\dzemi\AppData\Local\Python\pythoncore-3.14-64\Lib\site-packages\aiogram\dispatcher\dispatcher.py", line 320, in _process_update
    response = await self.feed_update(bot, update, **kwargs)
               ^^^^^^^^^^^^^^^^^^^^^^^^^^^^^^^^^^^^^^^^^^^^^
  File "C:\Users\dzemi\AppData\Local\Python\pythoncore-3.14-64\Lib\site-packages\aiogram\dispatcher\dispatcher.py", line 164, in feed_update
    response = await self.update.wrap_outer_middleware(
               ^^^^^^^^^^^^^^^^^^^^^^^^^^^^^^^^^^^^^^^^
    ...<7 lines>...
    )
    ^
  File "C:\Users\dzemi\AppData\Local\Python\pythoncore-3.14-64\Lib\site-packages\aiogram\dispatcher\middlewares\error.py", line 27, in __call__
    return await handler(event, data)
           ^^^^^^^^^^^^^^^^^^^^^^^^^^
  File "C:\Users\dzemi\AppData\Local\Python\pythoncore-3.14-64\Lib\site-packages\aiogram\dispatcher\middlewares\user_context.py", line 58, in __call__
    return await handler(event, data)
           ^^^^^^^^^^^^^^^^^^^^^^^^^^
  File "C:\Users\dzemi\AppData\Local\Python\pythoncore-3.14-64\Lib\site-packages\aiogram\fsm\middleware.py", line 43, in __call__
    return await handler(event, data)
           ^^^^^^^^^^^^^^^^^^^^^^^^^^
  File "C:\Users\dzemi\AppData\Local\Python\pythoncore-3.14-64\Lib\site-packages\aiogram\dispatcher\event\telegram.py", line 126, in trigger
    return await wrapped_inner(event, kwargs)
           ^^^^^^^^^^^^^^^^^^^^^^^^^^^^^^^^^^
  File "C:\Users\dzemi\AppData\Local\Python\pythoncore-3.14-64\Lib\site-packages\aiogram\dispatcher\event\handler.py", line 71, in call
    return await wrapped()
           ^^^^^^^^^^^^^^^
  File "C:\Users\dzemi\AppData\Local\Python\pythoncore-3.14-64\Lib\site-packages\aiogram\dispatcher\dispatcher.py", line 283, in _listen_update
    return await self.propagate_event(update_type=update_type, event=event, **kwargs)
           ^^^^^^^^^^^^^^^^^^^^^^^^^^^^^^^^^^^^^^^^^^^^^^^^^^^^^^^^^^^^^^^^^^^^^^^^^^
  File "C:\Users\dzemi\AppData\Local\Python\pythoncore-3.14-64\Lib\site-packages\aiogram\dispatcher\router.py", line 167, in propagate_event
    return await observer.wrap_outer_middleware(_wrapped, event=event, data=kwargs)
           ^^^^^^^^^^^^^^^^^^^^^^^^^^^^^^^^^^^^^^^^^^^^^^^^^^^^^^^^^^^^^^^^^^^^^^^^
  File "C:\Users\dzemi\AppData\Local\Python\pythoncore-3.14-64\Lib\site-packages\aiogram\dispatcher\router.py", line 159, in _wrapped
    return await self._propagate_event(
           ^^^^^^^^^^^^^^^^^^^^^^^^^^^^
    ...<4 lines>...
    )
    ^
  File "C:\Users\dzemi\AppData\Local\Python\pythoncore-3.14-64\Lib\site-packages\aiogram\dispatcher\router.py", line 195, in _propagate_event
    response = await router.propagate_event(update_type=update_type, event=event, **kwargs)
               ^^^^^^^^^^^^^^^^^^^^^^^^^^^^^^^^^^^^^^^^^^^^^^^^^^^^^^^^^^^^^^^^^^^^^^^^^^^^
  File "C:\Users\dzemi\AppData\Local\Python\pythoncore-3.14-64\Lib\site-packages\aiogram\dispatcher\router.py", line 167, in propagate_event
    return await observer.wrap_outer_middleware(_wrapped, event=event, data=kwargs)
           ^^^^^^^^^^^^^^^^^^^^^^^^^^^^^^^^^^^^^^^^^^^^^^^^^^^^^^^^^^^^^^^^^^^^^^^^
  File "C:\Users\dzemi\AppData\Local\Python\pythoncore-3.14-64\Lib\site-packages\aiogram\dispatcher\router.py", line 159, in _wrapped
    return await self._propagate_event(
           ^^^^^^^^^^^^^^^^^^^^^^^^^^^^
    ...<4 lines>...
    )
    ^
  File "C:\Users\dzemi\AppData\Local\Python\pythoncore-3.14-64\Lib\site-packages\aiogram\dispatcher\router.py", line 187, in _propagate_event
    response = await observer.trigger(event, **kwargs)
               ^^^^^^^^^^^^^^^^^^^^^^^^^^^^^^^^^^^^^^^
  File "C:\Users\dzemi\AppData\Local\Python\pythoncore-3.14-64\Lib\site-packages\aiogram\dispatcher\event\telegram.py", line 126, in trigger
    return await wrapped_inner(event, kwargs)
           ^^^^^^^^^^^^^^^^^^^^^^^^^^^^^^^^^^
  File "C:\Users\dzemi\OneDrive\Desktop\VPN_BOT\bot\middlewares\throttling.py", line 25, in __call__
    await event.answer("⚠️ Слишком частые клики!", show_alert=True)
  File "C:\Users\dzemi\AppData\Local\Python\pythoncore-3.14-64\Lib\site-packages\aiogram\methods\base.py", line 82, in emit
    return await bot(self)
           ^^^^^^^^^^^^^^^
  File "C:\Users\dzemi\AppData\Local\Python\pythoncore-3.14-64\Lib\site-packages\aiogram\client\bot.py", line 514, in __call__
    return await self.session(self, method, timeout=request_timeout)
           ^^^^^^^^^^^^^^^^^^^^^^^^^^^^^^^^^^^^^^^^^^^^^^^^^^^^^^^^^
  File "C:\Users\dzemi\AppData\Local\Python\pythoncore-3.14-64\Lib\site-packages\aiogram\client\session\base.py", line 259, in __call__
    return cast(TelegramType, await middleware(bot, method))
                              ^^^^^^^^^^^^^^^^^^^^^^^^^^^^^
  File "C:\Users\dzemi\AppData\Local\Python\pythoncore-3.14-64\Lib\site-packages\aiogram\client\session\aiohttp.py", line 177, in make_request
    response = self.check_response(
        bot=bot,
    ...<2 lines>...
        content=raw_result,
    )
  File "C:\Users\dzemi\AppData\Local\Python\pythoncore-3.14-64\Lib\site-packages\aiogram\client\session\base.py", line 121, in check_response
    raise TelegramBadRequest(method=method, message=description)
aiogram.exceptions.TelegramBadRequest: Telegram server says - Bad Request: query is too old and response timeout expired or query ID is invalid
2026-07-23 18:10:37,010 [INFO] aiogram.event: Update id=82034220 is not handled. Duration 2890 ms by bot id=8974386075
2026-07-23 18:10:37,010 [ERROR] aiogram.event: Cause exception while process update id=82034220 by bot id=8974386075
TelegramBadRequest: Telegram server says - Bad Request: query is too old and response timeout expired or query ID is invalid
Traceback (most recent call last):
  File "C:\Users\dzemi\AppData\Local\Python\pythoncore-3.14-64\Lib\site-packages\aiogram\dispatcher\dispatcher.py", line 320, in _process_update
    response = await self.feed_update(bot, update, **kwargs)
               ^^^^^^^^^^^^^^^^^^^^^^^^^^^^^^^^^^^^^^^^^^^^^
  File "C:\Users\dzemi\AppData\Local\Python\pythoncore-3.14-64\Lib\site-packages\aiogram\dispatcher\dispatcher.py", line 164, in feed_update
    response = await self.update.wrap_outer_middleware(
               ^^^^^^^^^^^^^^^^^^^^^^^^^^^^^^^^^^^^^^^^
    ...<7 lines>...
    )
    ^
  File "C:\Users\dzemi\AppData\Local\Python\pythoncore-3.14-64\Lib\site-packages\aiogram\dispatcher\middlewares\error.py", line 27, in __call__
    return await handler(event, data)
           ^^^^^^^^^^^^^^^^^^^^^^^^^^
  File "C:\Users\dzemi\AppData\Local\Python\pythoncore-3.14-64\Lib\site-packages\aiogram\dispatcher\middlewares\user_context.py", line 58, in __call__
    return await handler(event, data)
           ^^^^^^^^^^^^^^^^^^^^^^^^^^
  File "C:\Users\dzemi\AppData\Local\Python\pythoncore-3.14-64\Lib\site-packages\aiogram\fsm\middleware.py", line 43, in __call__
    return await handler(event, data)
           ^^^^^^^^^^^^^^^^^^^^^^^^^^
  File "C:\Users\dzemi\AppData\Local\Python\pythoncore-3.14-64\Lib\site-packages\aiogram\dispatcher\event\telegram.py", line 126, in trigger
    return await wrapped_inner(event, kwargs)
           ^^^^^^^^^^^^^^^^^^^^^^^^^^^^^^^^^^
  File "C:\Users\dzemi\AppData\Local\Python\pythoncore-3.14-64\Lib\site-packages\aiogram\dispatcher\event\handler.py", line 71, in call
    return await wrapped()
           ^^^^^^^^^^^^^^^
  File "C:\Users\dzemi\AppData\Local\Python\pythoncore-3.14-64\Lib\site-packages\aiogram\dispatcher\dispatcher.py", line 283, in _listen_update
    return await self.propagate_event(update_type=update_type, event=event, **kwargs)
           ^^^^^^^^^^^^^^^^^^^^^^^^^^^^^^^^^^^^^^^^^^^^^^^^^^^^^^^^^^^^^^^^^^^^^^^^^^
  File "C:\Users\dzemi\AppData\Local\Python\pythoncore-3.14-64\Lib\site-packages\aiogram\dispatcher\router.py", line 167, in propagate_event
    return await observer.wrap_outer_middleware(_wrapped, event=event, data=kwargs)
           ^^^^^^^^^^^^^^^^^^^^^^^^^^^^^^^^^^^^^^^^^^^^^^^^^^^^^^^^^^^^^^^^^^^^^^^^
  File "C:\Users\dzemi\AppData\Local\Python\pythoncore-3.14-64\Lib\site-packages\aiogram\dispatcher\router.py", line 159, in _wrapped
    return await self._propagate_event(
           ^^^^^^^^^^^^^^^^^^^^^^^^^^^^
    ...<4 lines>...
    )
    ^
  File "C:\Users\dzemi\AppData\Local\Python\pythoncore-3.14-64\Lib\site-packages\aiogram\dispatcher\router.py", line 195, in _propagate_event
    response = await router.propagate_event(update_type=update_type, event=event, **kwargs)
               ^^^^^^^^^^^^^^^^^^^^^^^^^^^^^^^^^^^^^^^^^^^^^^^^^^^^^^^^^^^^^^^^^^^^^^^^^^^^
  File "C:\Users\dzemi\AppData\Local\Python\pythoncore-3.14-64\Lib\site-packages\aiogram\dispatcher\router.py", line 167, in propagate_event
    return await observer.wrap_outer_middleware(_wrapped, event=event, data=kwargs)
           ^^^^^^^^^^^^^^^^^^^^^^^^^^^^^^^^^^^^^^^^^^^^^^^^^^^^^^^^^^^^^^^^^^^^^^^^
  File "C:\Users\dzemi\AppData\Local\Python\pythoncore-3.14-64\Lib\site-packages\aiogram\dispatcher\router.py", line 159, in _wrapped
    return await self._propagate_event(
           ^^^^^^^^^^^^^^^^^^^^^^^^^^^^
    ...<4 lines>...
    )
    ^
  File "C:\Users\dzemi\AppData\Local\Python\pythoncore-3.14-64\Lib\site-packages\aiogram\dispatcher\router.py", line 187, in _propagate_event
    response = await observer.trigger(event, **kwargs)
               ^^^^^^^^^^^^^^^^^^^^^^^^^^^^^^^^^^^^^^^
  File "C:\Users\dzemi\AppData\Local\Python\pythoncore-3.14-64\Lib\site-packages\aiogram\dispatcher\event\telegram.py", line 126, in trigger
    return await wrapped_inner(event, kwargs)
           ^^^^^^^^^^^^^^^^^^^^^^^^^^^^^^^^^^
  File "C:\Users\dzemi\OneDrive\Desktop\VPN_BOT\bot\middlewares\throttling.py", line 25, in __call__
    await event.answer("⚠️ Слишком частые клики!", show_alert=True)
  File "C:\Users\dzemi\AppData\Local\Python\pythoncore-3.14-64\Lib\site-packages\aiogram\methods\base.py", line 82, in emit
    return await bot(self)
           ^^^^^^^^^^^^^^^
  File "C:\Users\dzemi\AppData\Local\Python\pythoncore-3.14-64\Lib\site-packages\aiogram\client\bot.py", line 514, in __call__
    return await self.session(self, method, timeout=request_timeout)
           ^^^^^^^^^^^^^^^^^^^^^^^^^^^^^^^^^^^^^^^^^^^^^^^^^^^^^^^^^
  File "C:\Users\dzemi\AppData\Local\Python\pythoncore-3.14-64\Lib\site-packages\aiogram\client\session\base.py", line 259, in __call__
    return cast(TelegramType, await middleware(bot, method))
                              ^^^^^^^^^^^^^^^^^^^^^^^^^^^^^
  File "C:\Users\dzemi\AppData\Local\Python\pythoncore-3.14-64\Lib\site-packages\aiogram\client\session\aiohttp.py", line 177, in make_request
    response = self.check_response(
        bot=bot,
    ...<2 lines>...
        content=raw_result,
    )
  File "C:\Users\dzemi\AppData\Local\Python\pythoncore-3.14-64\Lib\site-packages\aiogram\client\session\base.py", line 121, in check_response
    raise TelegramBadRequest(method=method, message=description)
aiogram.exceptions.TelegramBadRequest: Telegram server says - Bad Request: query is too old and response timeout expired or query ID is invalid
2026-07-23 18:10:37,247 [INFO] aiogram.event: Update id=82034218 is not handled. Duration 3129 ms by bot id=8974386075
2026-07-23 18:10:37,247 [ERROR] aiogram.event: Cause exception while process update id=82034218 by bot id=8974386075
TelegramBadRequest: Telegram server says - Bad Request: query is too old and response timeout expired or query ID is invalid
Traceback (most recent call last):
  File "C:\Users\dzemi\AppData\Local\Python\pythoncore-3.14-64\Lib\site-packages\aiogram\dispatcher\dispatcher.py", line 320, in _process_update
    response = await self.feed_update(bot, update, **kwargs)
               ^^^^^^^^^^^^^^^^^^^^^^^^^^^^^^^^^^^^^^^^^^^^^
  File "C:\Users\dzemi\AppData\Local\Python\pythoncore-3.14-64\Lib\site-packages\aiogram\dispatcher\dispatcher.py", line 164, in feed_update
    response = await self.update.wrap_outer_middleware(
               ^^^^^^^^^^^^^^^^^^^^^^^^^^^^^^^^^^^^^^^^
    ...<7 lines>...
    )
    ^
  File "C:\Users\dzemi\AppData\Local\Python\pythoncore-3.14-64\Lib\site-packages\aiogram\dispatcher\middlewares\error.py", line 27, in __call__
    return await handler(event, data)
           ^^^^^^^^^^^^^^^^^^^^^^^^^^
  File "C:\Users\dzemi\AppData\Local\Python\pythoncore-3.14-64\Lib\site-packages\aiogram\dispatcher\middlewares\user_context.py", line 58, in __call__
    return await handler(event, data)
           ^^^^^^^^^^^^^^^^^^^^^^^^^^
  File "C:\Users\dzemi\AppData\Local\Python\pythoncore-3.14-64\Lib\site-packages\aiogram\fsm\middleware.py", line 43, in __call__
    return await handler(event, data)
           ^^^^^^^^^^^^^^^^^^^^^^^^^^
  File "C:\Users\dzemi\AppData\Local\Python\pythoncore-3.14-64\Lib\site-packages\aiogram\dispatcher\event\telegram.py", line 126, in trigger
    return await wrapped_inner(event, kwargs)
           ^^^^^^^^^^^^^^^^^^^^^^^^^^^^^^^^^^
  File "C:\Users\dzemi\AppData\Local\Python\pythoncore-3.14-64\Lib\site-packages\aiogram\dispatcher\event\handler.py", line 71, in call
    return await wrapped()
           ^^^^^^^^^^^^^^^
  File "C:\Users\dzemi\AppData\Local\Python\pythoncore-3.14-64\Lib\site-packages\aiogram\dispatcher\dispatcher.py", line 283, in _listen_update
    return await self.propagate_event(update_type=update_type, event=event, **kwargs)
           ^^^^^^^^^^^^^^^^^^^^^^^^^^^^^^^^^^^^^^^^^^^^^^^^^^^^^^^^^^^^^^^^^^^^^^^^^^
  File "C:\Users\dzemi\AppData\Local\Python\pythoncore-3.14-64\Lib\site-packages\aiogram\dispatcher\router.py", line 167, in propagate_event
    return await observer.wrap_outer_middleware(_wrapped, event=event, data=kwargs)
           ^^^^^^^^^^^^^^^^^^^^^^^^^^^^^^^^^^^^^^^^^^^^^^^^^^^^^^^^^^^^^^^^^^^^^^^^
  File "C:\Users\dzemi\AppData\Local\Python\pythoncore-3.14-64\Lib\site-packages\aiogram\dispatcher\router.py", line 159, in _wrapped
    return await self._propagate_event(
           ^^^^^^^^^^^^^^^^^^^^^^^^^^^^
    ...<4 lines>...
    )
    ^
  File "C:\Users\dzemi\AppData\Local\Python\pythoncore-3.14-64\Lib\site-packages\aiogram\dispatcher\router.py", line 195, in _propagate_event
    response = await router.propagate_event(update_type=update_type, event=event, **kwargs)
               ^^^^^^^^^^^^^^^^^^^^^^^^^^^^^^^^^^^^^^^^^^^^^^^^^^^^^^^^^^^^^^^^^^^^^^^^^^^^
  File "C:\Users\dzemi\AppData\Local\Python\pythoncore-3.14-64\Lib\site-packages\aiogram\dispatcher\router.py", line 167, in propagate_event
    return await observer.wrap_outer_middleware(_wrapped, event=event, data=kwargs)
           ^^^^^^^^^^^^^^^^^^^^^^^^^^^^^^^^^^^^^^^^^^^^^^^^^^^^^^^^^^^^^^^^^^^^^^^^
  File "C:\Users\dzemi\AppData\Local\Python\pythoncore-3.14-64\Lib\site-packages\aiogram\dispatcher\router.py", line 159, in _wrapped
    return await self._propagate_event(
           ^^^^^^^^^^^^^^^^^^^^^^^^^^^^
    ...<4 lines>...
    )
    ^
  File "C:\Users\dzemi\AppData\Local\Python\pythoncore-3.14-64\Lib\site-packages\aiogram\dispatcher\router.py", line 187, in _propagate_event
    response = await observer.trigger(event, **kwargs)
               ^^^^^^^^^^^^^^^^^^^^^^^^^^^^^^^^^^^^^^^
  File "C:\Users\dzemi\AppData\Local\Python\pythoncore-3.14-64\Lib\site-packages\aiogram\dispatcher\event\telegram.py", line 126, in trigger
    return await wrapped_inner(event, kwargs)
           ^^^^^^^^^^^^^^^^^^^^^^^^^^^^^^^^^^
  File "C:\Users\dzemi\OneDrive\Desktop\VPN_BOT\bot\middlewares\throttling.py", line 28, in __call__
    return await handler(event, data)
           ^^^^^^^^^^^^^^^^^^^^^^^^^^
  File "C:\Users\dzemi\AppData\Local\Python\pythoncore-3.14-64\Lib\site-packages\aiogram\dispatcher\event\handler.py", line 71, in call
    return await wrapped()
           ^^^^^^^^^^^^^^^
  File "C:\Users\dzemi\OneDrive\Desktop\VPN_BOT\bot\handlers\start.py", line 123, in buy_sub_handler
    await callback.answer()
  File "C:\Users\dzemi\AppData\Local\Python\pythoncore-3.14-64\Lib\site-packages\aiogram\methods\base.py", line 82, in emit
    return await bot(self)
           ^^^^^^^^^^^^^^^
  File "C:\Users\dzemi\AppData\Local\Python\pythoncore-3.14-64\Lib\site-packages\aiogram\client\bot.py", line 514, in __call__
    return await self.session(self, method, timeout=request_timeout)
           ^^^^^^^^^^^^^^^^^^^^^^^^^^^^^^^^^^^^^^^^^^^^^^^^^^^^^^^^^
  File "C:\Users\dzemi\AppData\Local\Python\pythoncore-3.14-64\Lib\site-packages\aiogram\client\session\base.py", line 259, in __call__
    return cast(TelegramType, await middleware(bot, method))
                              ^^^^^^^^^^^^^^^^^^^^^^^^^^^^^
  File "C:\Users\dzemi\AppData\Local\Python\pythoncore-3.14-64\Lib\site-packages\aiogram\client\session\aiohttp.py", line 177, in make_request
    response = self.check_response(
        bot=bot,
    ...<2 lines>...
        content=raw_result,
    )
  File "C:\Users\dzemi\AppData\Local\Python\pythoncore-3.14-64\Lib\site-packages\aiogram\client\session\base.py", line 121, in check_response
    raise TelegramBadRequest(method=method, message=description)
aiogram.exceptions.TelegramBadRequest: Telegram server says - Bad Request: query is too old and response timeout expired or query ID is invalid
2026-07-23 18:10:37,305 [INFO] aiogram.event: Update id=82034222 is handled. Duration 3184 ms by bot id=8974386075
2026-07-23 18:11:17,384 [INFO] aiogram.event: Update id=82034223 is handled. Duration 211 ms by bot id=8974386075
2026-07-23 18:11:19,187 [INFO] aiogram.event: Update id=82034224 is handled. Duration 550 ms by bot id=8974386075
2026-07-23 18:11:20,228 [INFO] aiogram.event: Update id=82034225 is handled. Duration 314 ms by bot id=8974386075
2026-07-23 18:11:25,631 [INFO] aiogram.event: Update id=82034226 is handled. Duration 195 ms by bot id=8974386075
2026-07-23 18:11:31,163 [INFO] aiogram.event: Update id=82034227 is handled. Duration 99 ms by bot id=8974386075
2026-07-23 18:11:38,231 [INFO] aiogram.event: Update id=82034228 is handled. Duration 667 ms by bot id=8974386075
2026-07-23 18:11:39,641 [INFO] aiogram.event: Update id=82034229 is handled. Duration 215 ms by bot id=8974386075
2026-07-23 18:13:02,380 [INFO] aiogram.event: Update id=82034230 is handled. Duration 111 ms by bot id=8974386075
2026-07-23 18:13:29,564 [INFO] aiogram.event: Update id=82034231 is handled. Duration 294 ms by bot id=8974386075
2026-07-23 18:13:30,948 [INFO] aiogram.event: Update id=82034232 is handled. Duration 217 ms by bot id=8974386075
2026-07-23 18:13:32,950 [INFO] aiogram.event: Update id=82034233 is handled. Duration 985 ms by bot id=8974386075
2026-07-23 18:13:35,762 [INFO] aiogram.event: Update id=82034234 is handled. Duration 270 ms by bot id=8974386075
2026-07-23 18:13:37,198 [INFO] aiogram.event: Update id=82034235 is handled. Duration 525 ms by bot id=8974386075
2026-07-23 18:13:38,252 [INFO] aiogram.event: Update id=82034236 is handled. Duration 201 ms by bot id=8974386075
2026-07-23 18:23:00,556 [INFO] aiogram.event: Update id=82034237 is handled. Duration 336 ms by bot id=8974386075
2026-07-23 18:53:06,793 [INFO] aiogram.dispatcher: Polling stopped
2026-07-23 18:53:06,795 [ERROR] aiogram.dispatcher: Failed to fetch updates - TelegramNetworkError: HTTP Client says - ServerDisconnectedError: Server disconnected
2026-07-23 18:53:06,795 [WARNING] aiogram.dispatcher: Sleep for 1.000000 seconds and try again... (tryings = 0, bot id = 8974386075)
2026-07-23 18:53:07,046 [INFO] aiogram.dispatcher: Polling stopped for bot @vpnjempobot id=8974386075 - 'JempoVPN'
2026-07-23 18:53:11,552 [INFO] root: Инициализация проекта...
2026-07-23 18:53:11,554 [INFO] root: База данных инициализирована.
2026-07-23 18:53:12,052 [INFO] root: Бот успешно запущен!
2026-07-23 18:53:12,052 [INFO] aiogram.dispatcher: Start polling
2026-07-23 18:53:12,137 [INFO] aiogram.dispatcher: Run polling for bot @vpnjempobot id=8974386075 - 'JempoVPN'
2026-07-23 18:53:19,599 [INFO] aiogram.event: Update id=82034238 is handled. Duration 159 ms by bot id=8974386075
2026-07-23 18:53:21,423 [INFO] aiogram.event: Update id=82034239 is handled. Duration 556 ms by bot id=8974386075
2026-07-23 18:53:24,103 [INFO] aiogram.event: Update id=82034240 is handled. Duration 197 ms by bot id=8974386075
2026-07-23 18:53:25,238 [INFO] aiogram.event: Update id=82034241 is handled. Duration 206 ms by bot id=8974386075
2026-07-23 18:53:26,893 [INFO] aiogram.event: Update id=82034242 is handled. Duration 254 ms by bot id=8974386075
2026-07-23 18:53:27,685 [INFO] aiogram.event: Update id=82034243 is handled. Duration 212 ms by bot id=8974386075
2026-07-23 18:53:31,970 [INFO] aiogram.event: Update id=82034244 is handled. Duration 587 ms by bot id=8974386075
2026-07-23 18:54:03,381 [INFO] aiogram.event: Update id=82034245 is handled. Duration 142 ms by bot id=8974386075
2026-07-23 18:54:05,427 [INFO] aiogram.event: Update id=82034246 is handled. Duration 619 ms by bot id=8974386075
2026-07-23 18:54:14,897 [INFO] aiogram.event: Update id=82034247 is handled. Duration 567 ms by bot id=8974386075
2026-07-23 18:54:18,837 [INFO] aiogram.event: Update id=82034248 is handled. Duration 219 ms by bot id=8974386075
2026-07-23 18:54:20,388 [INFO] aiogram.event: Update id=82034249 is handled. Duration 518 ms by bot id=8974386075
2026-07-23 18:54:23,148 [INFO] aiogram.event: Update id=82034250 is handled. Duration 228 ms by bot id=8974386075
2026-07-23 18:54:49,514 [INFO] aiogram.dispatcher: Polling stopped
2026-07-23 18:54:49,515 [ERROR] aiogram.dispatcher: Failed to fetch updates - TelegramNetworkError: HTTP Client says - ServerDisconnectedError: Server disconnected
2026-07-23 18:54:49,515 [WARNING] aiogram.dispatcher: Sleep for 1.000000 seconds and try again... (tryings = 0, bot id = 8974386075)
2026-07-23 18:54:49,765 [INFO] aiogram.dispatcher: Polling stopped for bot @vpnjempobot id=8974386075 - 'JempoVPN'
2026-07-23 18:54:54,182 [INFO] root: Инициализация проекта...
2026-07-23 18:54:54,185 [INFO] root: База данных инициализирована.
2026-07-23 18:54:54,916 [INFO] root: Бот успешно запущен!
2026-07-23 18:54:54,916 [INFO] aiogram.dispatcher: Start polling
2026-07-23 18:54:55,007 [INFO] aiogram.dispatcher: Run polling for bot @vpnjempobot id=8974386075 - 'JempoVPN'
2026-07-23 18:55:19,191 [INFO] aiogram.event: Update id=82034251 is handled. Duration 580 ms by bot id=8974386075
2026-07-23 18:55:22,699 [INFO] aiogram.event: Update id=82034252 is handled. Duration 559 ms by bot id=8974386075
2026-07-23 18:55:29,562 [INFO] aiogram.event: Update id=82034253 is handled. Duration 117 ms by bot id=8974386075
2026-07-23 18:55:30,650 [INFO] aiogram.event: Update id=82034254 is handled. Duration 131 ms by bot id=8974386075
2026-07-23 18:55:32,151 [INFO] aiogram.event: Update id=82034255 is handled. Duration 512 ms by bot id=8974386075
2026-07-23 19:51:54,360 [INFO] aiogram.event: Update id=82034256 is handled. Duration 801 ms by bot id=8974386075
2026-07-23 19:52:17,836 [INFO] aiogram.event: Update id=82034257 is handled. Duration 643 ms by bot id=8974386075
2026-07-23 19:52:47,075 [INFO] aiogram.event: Update id=82034258 is handled. Duration 702 ms by bot id=8974386075
2026-07-23 19:55:27,688 [INFO] aiogram.event: Update id=82034259 is handled. Duration 588 ms by bot id=8974386075
2026-07-23 19:55:30,345 [INFO] aiogram.event: Update id=82034260 is handled. Duration 370 ms by bot id=8974386075
2026-07-23 19:55:45,265 [INFO] aiogram.event: Update id=82034261 is handled. Duration 230 ms by bot id=8974386075
2026-07-23 19:58:41,753 [ERROR] aiogram.dispatcher: Failed to fetch updates - TelegramNetworkError: HTTP Client says - ClientOSError: [WinError 1236] Подключение к сети было разорвано локальной системой
2026-07-23 19:58:41,776 [WARNING] aiogram.dispatcher: Sleep for 1.000000 seconds and try again... (tryings = 0, bot id = 8974386075)
2026-07-23 19:59:03,786 [ERROR] aiogram.dispatcher: Failed to fetch updates - TelegramNetworkError: HTTP Client says - ClientConnectorError: Cannot connect to host api.telegram.org:443 ssl:default [Multiple exceptions: [WinError 121] Превышен таймаут семафора, [WinError 1231] Сетевая папка недоступна. За информацией о разрешении проблем в сети обратитесь к справочной системе Windows]
2026-07-23 19:59:03,788 [WARNING] aiogram.dispatcher: Sleep for 1.492158 seconds and try again... (tryings = 1, bot id = 8974386075)
2026-07-23 19:59:16,002 [INFO] aiogram.dispatcher: Connection established (tryings = 2, bot id = 8974386075)
2026-07-23 19:59:24,834 [ERROR] aiogram.dispatcher: Failed to fetch updates - TelegramNetworkError: HTTP Client says - ClientOSError: [WinError 1236] Подключение к сети было разорвано локальной системой
2026-07-23 19:59:24,866 [WARNING] aiogram.dispatcher: Sleep for 1.000000 seconds and try again... (tryings = 0, bot id = 8974386075)
2026-07-23 19:59:32,887 [ERROR] aiogram.dispatcher: Failed to fetch updates - TelegramNetworkError: HTTP Client says - ClientConnectorError: Cannot connect to host api.telegram.org:443 ssl:default [Multiple exceptions: [WinError 1236] Подключение к сети было разорвано локальной системой, [WinError 1231] Сетевая папка недоступна. За информацией о разрешении проблем в сети обратитесь к справочной системе Windows]
2026-07-23 19:59:32,887 [WARNING] aiogram.dispatcher: Sleep for 1.144254 seconds and try again... (tryings = 1, bot id = 8974386075)
2026-07-23 19:59:44,740 [INFO] aiogram.dispatcher: Connection established (tryings = 2, bot id = 8974386075)
2026-07-23 20:00:20,596 [ERROR] aiogram.dispatcher: Failed to fetch updates - TelegramNetworkError: HTTP Client says - ClientOSError: [WinError 1236] Подключение к сети было разорвано локальной системой
2026-07-23 20:00:20,634 [WARNING] aiogram.dispatcher: Sleep for 1.000000 seconds and try again... (tryings = 0, bot id = 8974386075)
2026-07-23 20:00:42,654 [ERROR] aiogram.dispatcher: Failed to fetch updates - TelegramNetworkError: HTTP Client says - ClientConnectorError: Cannot connect to host api.telegram.org:443 ssl:default [Multiple exceptions: [WinError 121] Превышен таймаут семафора, [WinError 1231] Сетевая папка недоступна. За информацией о разрешении проблем в сети обратитесь к справочной системе Windows]
2026-07-23 20:00:42,654 [WARNING] aiogram.dispatcher: Sleep for 1.402045 seconds and try again... (tryings = 1, bot id = 8974386075)
2026-07-23 20:01:05,059 [ERROR] aiogram.dispatcher: Failed to fetch updates - TelegramNetworkError: HTTP Client says - ClientConnectorError: Cannot connect to host api.telegram.org:443 ssl:default [Multiple exceptions: [WinError 1231] Сетевая папка недоступна. За информацией о разрешении проблем в сети обратитесь к справочной системе Windows, [WinError 121] Превышен таймаут семафора]
2026-07-23 20:01:05,060 [WARNING] aiogram.dispatcher: Sleep for 1.805695 seconds and try again... (tryings = 2, bot id = 8974386075)
2026-07-23 20:01:21,869 [ERROR] aiogram.dispatcher: Failed to fetch updates - TelegramNetworkError: HTTP Client says - ClientConnectorError: Cannot connect to host api.telegram.org:443 ssl:default [Multiple exceptions: [WinError 1236] Подключение к сети было разорвано локальной системой, [WinError 1231] Сетевая папка недоступна. За информацией о разрешении проблем в сети обратитесь к справочной системе Windows]
2026-07-23 20:01:21,869 [WARNING] aiogram.dispatcher: Sleep for 2.326410 seconds and try again... (tryings = 3, bot id = 8974386075)
2026-07-23 20:01:24,741 [INFO] aiogram.dispatcher: Connection established (tryings = 4, bot id = 8974386075)
2026-07-23 20:01:25,264 [INFO] aiogram.event: Update id=82034262 is handled. Duration 522 ms by bot id=8974386075
2026-07-23 20:01:29,689 [INFO] aiogram.event: Update id=82034263 is handled. Duration 552 ms by bot id=8974386075
2026-07-23 20:02:02,857 [INFO] aiogram.event: Update id=82034264 is handled. Duration 152 ms by bot id=8974386075
2026-07-23 20:06:08,322 [INFO] aiogram.event: Update id=82034265 is handled. Duration 751 ms by bot id=8974386075
2026-07-23 20:06:12,613 [INFO] aiogram.event: Update id=82034266 is handled. Duration 280 ms by bot id=8974386075
2026-07-23 20:10:53,555 [ERROR] aiogram.dispatcher: Failed to fetch updates - TelegramNetworkError: HTTP Client says - ClientOSError: [WinError 1236] Подключение к сети было разорвано локальной системой
2026-07-23 20:10:53,565 [WARNING] aiogram.dispatcher: Sleep for 1.000000 seconds and try again... (tryings = 0, bot id = 8974386075)
2026-07-23 20:11:15,601 [ERROR] aiogram.dispatcher: Failed to fetch updates - TelegramNetworkError: HTTP Client says - ClientConnectorError: Cannot connect to host api.telegram.org:443 ssl:default [Multiple exceptions: [WinError 1231] Сетевая папка недоступна. За информацией о разрешении проблем в сети обратитесь к справочной системе Windows, [WinError 121] Превышен таймаут семафора]
2026-07-23 20:11:15,601 [WARNING] aiogram.dispatcher: Sleep for 1.277999 seconds and try again... (tryings = 1, bot id = 8974386075)
2026-07-23 20:11:37,882 [ERROR] aiogram.dispatcher: Failed to fetch updates - TelegramNetworkError: HTTP Client says - ClientConnectorError: Cannot connect to host api.telegram.org:443 ssl:default [Multiple exceptions: [WinError 121] Превышен таймаут семафора, [WinError 1231] Сетевая папка недоступна. За информацией о разрешении проблем в сети обратитесь к справочной системе Windows]
2026-07-23 20:11:37,882 [WARNING] aiogram.dispatcher: Sleep for 1.647019 seconds and try again... (tryings = 2, bot id = 8974386075)
2026-07-23 20:12:00,534 [ERROR] aiogram.dispatcher: Failed to fetch updates - TelegramNetworkError: HTTP Client says - ClientConnectorError: Cannot connect to host api.telegram.org:443 ssl:default [Multiple exceptions: [WinError 1231] Сетевая папка недоступна. За информацией о разрешении проблем в сети обратитесь к справочной системе Windows, [WinError 121] Превышен таймаут семафора]
2026-07-23 20:12:00,534 [WARNING] aiogram.dispatcher: Sleep for 2.055821 seconds and try again... (tryings = 3, bot id = 8974386075)
2026-07-23 20:12:23,593 [ERROR] aiogram.dispatcher: Failed to fetch updates - TelegramNetworkError: HTTP Client says - ClientConnectorError: Cannot connect to host api.telegram.org:443 ssl:default [Multiple exceptions: [WinError 121] Превышен таймаут семафора, [WinError 1231] Сетевая папка недоступна. За информацией о разрешении проблем в сети обратитесь к справочной системе Windows]
2026-07-23 20:12:23,595 [WARNING] aiogram.dispatcher: Sleep for 2.542638 seconds and try again... (tryings = 4, bot id = 8974386075)
2026-07-23 20:12:47,146 [ERROR] aiogram.dispatcher: Failed to fetch updates - TelegramNetworkError: HTTP Client says - ClientConnectorError: Cannot connect to host api.telegram.org:443 ssl:default [Multiple exceptions: [WinError 1231] Сетевая папка недоступна. За информацией о разрешении проблем в сети обратитесь к справочной системе Windows, [WinError 121] Превышен таймаут семафора]
2026-07-23 20:12:47,146 [WARNING] aiogram.dispatcher: Sleep for 3.383001 seconds and try again... (tryings = 5, bot id = 8974386075)
2026-07-23 20:13:11,534 [ERROR] aiogram.dispatcher: Failed to fetch updates - TelegramNetworkError: HTTP Client says - ClientConnectorError: Cannot connect to host api.telegram.org:443 ssl:default [Multiple exceptions: [WinError 121] Превышен таймаут семафора, [WinError 1231] Сетевая папка недоступна. За информацией о разрешении проблем в сети обратитесь к справочной системе Windows]
2026-07-23 20:13:11,535 [WARNING] aiogram.dispatcher: Sleep for 4.323369 seconds and try again... (tryings = 6, bot id = 8974386075)
2026-07-23 20:13:36,864 [ERROR] aiogram.dispatcher: Failed to fetch updates - TelegramNetworkError: HTTP Client says - ClientConnectorError: Cannot connect to host api.telegram.org:443 ssl:default [Multiple exceptions: [WinError 1231] Сетевая папка недоступна. За информацией о разрешении проблем в сети обратитесь к справочной системе Windows, [WinError 121] Превышен таймаут семафора]
2026-07-23 20:13:36,865 [WARNING] aiogram.dispatcher: Sleep for 5.079651 seconds and try again... (tryings = 7, bot id = 8974386075)
2026-07-23 20:14:02,951 [ERROR] aiogram.dispatcher: Failed to fetch updates - TelegramNetworkError: HTTP Client says - ClientConnectorError: Cannot connect to host api.telegram.org:443 ssl:default [Multiple exceptions: [WinError 121] Превышен таймаут семафора, [WinError 1231] Сетевая папка недоступна. За информацией о разрешении проблем в сети обратитесь к справочной системе Windows]
2026-07-23 20:14:02,952 [WARNING] aiogram.dispatcher: Sleep for 4.986760 seconds and try again... (tryings = 8, bot id = 8974386075)
2026-07-23 20:14:28,943 [ERROR] aiogram.dispatcher: Failed to fetch updates - TelegramNetworkError: HTTP Client says - ClientConnectorError: Cannot connect to host api.telegram.org:443 ssl:default [Multiple exceptions: [WinError 1231] Сетевая папка недоступна. За информацией о разрешении проблем в сети обратитесь к справочной системе Windows, [WinError 121] Превышен таймаут семафора]
2026-07-23 20:14:28,944 [WARNING] aiogram.dispatcher: Sleep for 4.859108 seconds and try again... (tryings = 9, bot id = 8974386075)
2026-07-23 20:14:54,808 [ERROR] aiogram.dispatcher: Failed to fetch updates - TelegramNetworkError: HTTP Client says - ClientConnectorError: Cannot connect to host api.telegram.org:443 ssl:default [Multiple exceptions: [WinError 121] Превышен таймаут семафора, [WinError 1231] Сетевая папка недоступна. За информацией о разрешении проблем в сети обратитесь к справочной системе Windows]
2026-07-23 20:14:54,808 [WARNING] aiogram.dispatcher: Sleep for 5.116989 seconds and try again... (tryings = 10, bot id = 8974386075)
2026-07-23 20:15:20,931 [ERROR] aiogram.dispatcher: Failed to fetch updates - TelegramNetworkError: HTTP Client says - ClientConnectorError: Cannot connect to host api.telegram.org:443 ssl:default [Multiple exceptions: [WinError 1231] Сетевая папка недоступна. За информацией о разрешении проблем в сети обратитесь к справочной системе Windows, [WinError 121] Превышен таймаут семафора]
2026-07-23 20:15:20,937 [WARNING] aiogram.dispatcher: Sleep for 5.038722 seconds and try again... (tryings = 11, bot id = 8974386075)
2026-07-23 20:15:46,981 [ERROR] aiogram.dispatcher: Failed to fetch updates - TelegramNetworkError: HTTP Client says - ClientConnectorError: Cannot connect to host api.telegram.org:443 ssl:default [Multiple exceptions: [WinError 121] Превышен таймаут семафора, [WinError 1231] Сетевая папка недоступна. За информацией о разрешении проблем в сети обратитесь к справочной системе Windows]
2026-07-23 20:15:46,982 [WARNING] aiogram.dispatcher: Sleep for 4.956664 seconds and try again... (tryings = 12, bot id = 8974386075)
2026-07-23 20:16:12,944 [ERROR] aiogram.dispatcher: Failed to fetch updates - TelegramNetworkError: HTTP Client says - ClientConnectorError: Cannot connect to host api.telegram.org:443 ssl:default [Multiple exceptions: [WinError 1231] Сетевая папка недоступна. За информацией о разрешении проблем в сети обратитесь к справочной системе Windows, [WinError 121] Превышен таймаут семафора]
2026-07-23 20:16:12,944 [WARNING] aiogram.dispatcher: Sleep for 5.031971 seconds and try again... (tryings = 13, bot id = 8974386075)
2026-07-23 20:16:38,981 [ERROR] aiogram.dispatcher: Failed to fetch updates - TelegramNetworkError: HTTP Client says - ClientConnectorError: Cannot connect to host api.telegram.org:443 ssl:default [Multiple exceptions: [WinError 121] Превышен таймаут семафора, [WinError 1231] Сетевая папка недоступна. За информацией о разрешении проблем в сети обратитесь к справочной системе Windows]
2026-07-23 20:16:38,983 [WARNING] aiogram.dispatcher: Sleep for 5.119663 seconds and try again... (tryings = 14, bot id = 8974386075)
2026-07-23 20:17:05,109 [ERROR] aiogram.dispatcher: Failed to fetch updates - TelegramNetworkError: HTTP Client says - ClientConnectorError: Cannot connect to host api.telegram.org:443 ssl:default [Multiple exceptions: [WinError 1231] Сетевая папка недоступна. За информацией о разрешении проблем в сети обратитесь к справочной системе Windows, [WinError 121] Превышен таймаут семафора]
2026-07-23 20:17:05,109 [WARNING] aiogram.dispatcher: Sleep for 4.967254 seconds and try again... (tryings = 15, bot id = 8974386075)
2026-07-23 20:17:31,081 [ERROR] aiogram.dispatcher: Failed to fetch updates - TelegramNetworkError: HTTP Client says - ClientConnectorError: Cannot connect to host api.telegram.org:443 ssl:default [Multiple exceptions: [WinError 121] Превышен таймаут семафора, [WinError 1231] Сетевая папка недоступна. За информацией о разрешении проблем в сети обратитесь к справочной системе Windows]
2026-07-23 20:17:31,082 [WARNING] aiogram.dispatcher: Sleep for 5.038296 seconds and try again... (tryings = 16, bot id = 8974386075)
2026-07-23 20:17:57,125 [ERROR] aiogram.dispatcher: Failed to fetch updates - TelegramNetworkError: HTTP Client says - ClientConnectorError: Cannot connect to host api.telegram.org:443 ssl:default [Multiple exceptions: [WinError 1231] Сетевая папка недоступна. За информацией о разрешении проблем в сети обратитесь к справочной системе Windows, [WinError 121] Превышен таймаут семафора]
2026-07-23 20:17:57,125 [WARNING] aiogram.dispatcher: Sleep for 5.158839 seconds and try again... (tryings = 17, bot id = 8974386075)
2026-07-23 20:18:23,289 [ERROR] aiogram.dispatcher: Failed to fetch updates - TelegramNetworkError: HTTP Client says - ClientConnectorError: Cannot connect to host api.telegram.org:443 ssl:default [Multiple exceptions: [WinError 121] Превышен таймаут семафора, [WinError 1231] Сетевая папка недоступна. За информацией о разрешении проблем в сети обратитесь к справочной системе Windows]
2026-07-23 20:18:23,289 [WARNING] aiogram.dispatcher: Sleep for 4.988882 seconds and try again... (tryings = 18, bot id = 8974386075)
2026-07-23 20:18:49,281 [ERROR] aiogram.dispatcher: Failed to fetch updates - TelegramNetworkError: HTTP Client says - ClientConnectorError: Cannot connect to host api.telegram.org:443 ssl:default [Multiple exceptions: [WinError 1231] Сетевая папка недоступна. За информацией о разрешении проблем в сети обратитесь к справочной системе Windows, [WinError 121] Превышен таймаут семафора]
2026-07-23 20:18:49,282 [WARNING] aiogram.dispatcher: Sleep for 5.012923 seconds and try again... (tryings = 19, bot id = 8974386075)
2026-07-23 20:19:15,300 [ERROR] aiogram.dispatcher: Failed to fetch updates - TelegramNetworkError: HTTP Client says - ClientConnectorError: Cannot connect to host api.telegram.org:443 ssl:default [Multiple exceptions: [WinError 121] Превышен таймаут семафора, [WinError 1231] Сетевая папка недоступна. За информацией о разрешении проблем в сети обратитесь к справочной системе Windows]
2026-07-23 20:19:15,300 [WARNING] aiogram.dispatcher: Sleep for 5.005713 seconds and try again... (tryings = 20, bot id = 8974386075)
2026-07-23 20:19:41,313 [ERROR] aiogram.dispatcher: Failed to fetch updates - TelegramNetworkError: HTTP Client says - ClientConnectorError: Cannot connect to host api.telegram.org:443 ssl:default [Multiple exceptions: [WinError 1231] Сетевая папка недоступна. За информацией о разрешении проблем в сети обратитесь к справочной системе Windows, [WinError 121] Превышен таймаут семафора]
2026-07-23 20:19:41,313 [WARNING] aiogram.dispatcher: Sleep for 4.933190 seconds and try again... (tryings = 21, bot id = 8974386075)
2026-07-23 20:20:07,257 [ERROR] aiogram.dispatcher: Failed to fetch updates - TelegramNetworkError: HTTP Client says - ClientConnectorError: Cannot connect to host api.telegram.org:443 ssl:default [Multiple exceptions: [WinError 121] Превышен таймаут семафора, [WinError 1231] Сетевая папка недоступна. За информацией о разрешении проблем в сети обратитесь к справочной системе Windows]
2026-07-23 20:20:07,263 [WARNING] aiogram.dispatcher: Sleep for 4.877468 seconds and try again... (tryings = 22, bot id = 8974386075)
2026-07-23 20:20:33,147 [ERROR] aiogram.dispatcher: Failed to fetch updates - TelegramNetworkError: HTTP Client says - ClientConnectorError: Cannot connect to host api.telegram.org:443 ssl:default [Multiple exceptions: [WinError 1231] Сетевая папка недоступна. За информацией о разрешении проблем в сети обратитесь к справочной системе Windows, [WinError 121] Превышен таймаут семафора]
2026-07-23 20:20:33,147 [WARNING] aiogram.dispatcher: Sleep for 5.181317 seconds and try again... (tryings = 23, bot id = 8974386075)
2026-07-23 20:20:59,334 [ERROR] aiogram.dispatcher: Failed to fetch updates - TelegramNetworkError: HTTP Client says - ClientConnectorError: Cannot connect to host api.telegram.org:443 ssl:default [Multiple exceptions: [WinError 121] Превышен таймаут семафора, [WinError 1231] Сетевая папка недоступна. За информацией о разрешении проблем в сети обратитесь к справочной системе Windows]
2026-07-23 20:20:59,335 [WARNING] aiogram.dispatcher: Sleep for 5.073579 seconds and try again... (tryings = 24, bot id = 8974386075)
2026-07-23 20:21:25,415 [ERROR] aiogram.dispatcher: Failed to fetch updates - TelegramNetworkError: HTTP Client says - ClientConnectorError: Cannot connect to host api.telegram.org:443 ssl:default [Multiple exceptions: [WinError 1231] Сетевая папка недоступна. За информацией о разрешении проблем в сети обратитесь к справочной системе Windows, [WinError 121] Превышен таймаут семафора]
2026-07-23 20:21:25,416 [WARNING] aiogram.dispatcher: Sleep for 4.889954 seconds and try again... (tryings = 25, bot id = 8974386075)
2026-07-23 20:21:51,310 [ERROR] aiogram.dispatcher: Failed to fetch updates - TelegramNetworkError: HTTP Client says - ClientConnectorError: Cannot connect to host api.telegram.org:443 ssl:default [Multiple exceptions: [WinError 121] Превышен таймаут семафора, [WinError 1231] Сетевая папка недоступна. За информацией о разрешении проблем в сети обратитесь к справочной системе Windows]
2026-07-23 20:21:51,311 [WARNING] aiogram.dispatcher: Sleep for 4.977483 seconds and try again... (tryings = 26, bot id = 8974386075)
2026-07-23 20:22:17,294 [ERROR] aiogram.dispatcher: Failed to fetch updates - TelegramNetworkError: HTTP Client says - ClientConnectorError: Cannot connect to host api.telegram.org:443 ssl:default [Multiple exceptions: [WinError 1231] Сетевая папка недоступна. За информацией о разрешении проблем в сети обратитесь к справочной системе Windows, [WinError 121] Превышен таймаут семафора]
2026-07-23 20:22:17,296 [WARNING] aiogram.dispatcher: Sleep for 4.938520 seconds and try again... (tryings = 27, bot id = 8974386075)
2026-07-23 20:22:43,238 [ERROR] aiogram.dispatcher: Failed to fetch updates - TelegramNetworkError: HTTP Client says - ClientConnectorError: Cannot connect to host api.telegram.org:443 ssl:default [Multiple exceptions: [WinError 121] Превышен таймаут семафора, [WinError 1231] Сетевая папка недоступна. За информацией о разрешении проблем в сети обратитесь к справочной системе Windows]
2026-07-23 20:22:43,238 [WARNING] aiogram.dispatcher: Sleep for 4.830725 seconds and try again... (tryings = 28, bot id = 8974386075)
2026-07-23 20:23:09,075 [ERROR] aiogram.dispatcher: Failed to fetch updates - TelegramNetworkError: HTTP Client says - ClientConnectorError: Cannot connect to host api.telegram.org:443 ssl:default [Multiple exceptions: [WinError 1231] Сетевая папка недоступна. За информацией о разрешении проблем в сети обратитесь к справочной системе Windows, [WinError 121] Превышен таймаут семафора]
2026-07-23 20:23:09,076 [WARNING] aiogram.dispatcher: Sleep for 5.006034 seconds and try again... (tryings = 29, bot id = 8974386075)
2026-07-23 20:23:35,088 [ERROR] aiogram.dispatcher: Failed to fetch updates - TelegramNetworkError: HTTP Client says - ClientConnectorError: Cannot connect to host api.telegram.org:443 ssl:default [Multiple exceptions: [WinError 121] Превышен таймаут семафора, [WinError 1231] Сетевая папка недоступна. За информацией о разрешении проблем в сети обратитесь к справочной системе Windows]
2026-07-23 20:23:35,088 [WARNING] aiogram.dispatcher: Sleep for 4.905366 seconds and try again... (tryings = 30, bot id = 8974386075)
2026-07-23 20:24:01,000 [ERROR] aiogram.dispatcher: Failed to fetch updates - TelegramNetworkError: HTTP Client says - ClientConnectorError: Cannot connect to host api.telegram.org:443 ssl:default [Multiple exceptions: [WinError 1231] Сетевая папка недоступна. За информацией о разрешении проблем в сети обратитесь к справочной системе Windows, [WinError 121] Превышен таймаут семафора]
2026-07-23 20:24:01,000 [WARNING] aiogram.dispatcher: Sleep for 4.941098 seconds and try again... (tryings = 31, bot id = 8974386075)
2026-07-23 20:24:26,947 [ERROR] aiogram.dispatcher: Failed to fetch updates - TelegramNetworkError: HTTP Client says - ClientConnectorError: Cannot connect to host api.telegram.org:443 ssl:default [Multiple exceptions: [WinError 121] Превышен таймаут семафора, [WinError 1231] Сетевая папка недоступна. За информацией о разрешении проблем в сети обратитесь к справочной системе Windows]
2026-07-23 20:24:26,947 [WARNING] aiogram.dispatcher: Sleep for 4.951345 seconds and try again... (tryings = 32, bot id = 8974386075)
2026-07-23 20:24:52,908 [ERROR] aiogram.dispatcher: Failed to fetch updates - TelegramNetworkError: HTTP Client says - ClientConnectorError: Cannot connect to host api.telegram.org:443 ssl:default [Multiple exceptions: [WinError 1231] Сетевая папка недоступна. За информацией о разрешении проблем в сети обратитесь к справочной системе Windows, [WinError 121] Превышен таймаут семафора]
2026-07-23 20:24:52,909 [WARNING] aiogram.dispatcher: Sleep for 4.847690 seconds and try again... (tryings = 33, bot id = 8974386075)
2026-07-23 20:25:18,762 [ERROR] aiogram.dispatcher: Failed to fetch updates - TelegramNetworkError: HTTP Client says - ClientConnectorError: Cannot connect to host api.telegram.org:443 ssl:default [Multiple exceptions: [WinError 121] Превышен таймаут семафора, [WinError 1231] Сетевая папка недоступна. За информацией о разрешении проблем в сети обратитесь к справочной системе Windows]
2026-07-23 20:25:18,763 [WARNING] aiogram.dispatcher: Sleep for 4.782966 seconds and try again... (tryings = 34, bot id = 8974386075)
2026-07-23 20:25:30,549 [ERROR] aiogram.dispatcher: Failed to fetch updates - TelegramNetworkError: HTTP Client says - ClientConnectorError: Cannot connect to host api.telegram.org:443 ssl:default [Multiple exceptions: [WinError 1231] Сетевая папка недоступна. За информацией о разрешении проблем в сети обратитесь к справочной системе Windows, [WinError 1236] Подключение к сети было разорвано локальной системой]
2026-07-23 20:25:30,550 [WARNING] aiogram.dispatcher: Sleep for 4.963462 seconds and try again... (tryings = 35, bot id = 8974386075)
2026-07-23 20:25:45,869 [INFO] aiogram.dispatcher: Connection established (tryings = 36, bot id = 8974386075)
2026-07-23 20:27:03,868 [ERROR] aiogram.dispatcher: Failed to fetch updates - TelegramNetworkError: HTTP Client says - ClientOSError: [WinError 1236] Подключение к сети было разорвано локальной системой
2026-07-23 20:27:03,868 [WARNING] aiogram.dispatcher: Sleep for 1.000000 seconds and try again... (tryings = 0, bot id = 8974386075)
2026-07-23 20:27:25,878 [ERROR] aiogram.dispatcher: Failed to fetch updates - TelegramNetworkError: HTTP Client says - ClientConnectorError: Cannot connect to host api.telegram.org:443 ssl:default [Multiple exceptions: [WinError 1231] Сетевая папка недоступна. За информацией о разрешении проблем в сети обратитесь к справочной системе Windows, [WinError 121] Превышен таймаут семафора]
2026-07-23 20:27:25,878 [WARNING] aiogram.dispatcher: Sleep for 1.357704 seconds and try again... (tryings = 1, bot id = 8974386075)
2026-07-23 20:27:48,238 [ERROR] aiogram.dispatcher: Failed to fetch updates - TelegramNetworkError: HTTP Client says - ClientConnectorError: Cannot connect to host api.telegram.org:443 ssl:default [Multiple exceptions: [WinError 121] Превышен таймаут семафора, [WinError 1231] Сетевая папка недоступна. За информацией о разрешении проблем в сети обратитесь к справочной системе Windows]
2026-07-23 20:27:48,238 [WARNING] aiogram.dispatcher: Sleep for 1.779415 seconds and try again... (tryings = 2, bot id = 8974386075)
2026-07-23 20:28:11,024 [ERROR] aiogram.dispatcher: Failed to fetch updates - TelegramNetworkError: HTTP Client says - ClientConnectorError: Cannot connect to host api.telegram.org:443 ssl:default [Multiple exceptions: [WinError 1231] Сетевая папка недоступна. За информацией о разрешении проблем в сети обратитесь к справочной системе Windows, [WinError 121] Превышен таймаут семафора]
2026-07-23 20:28:11,024 [WARNING] aiogram.dispatcher: Sleep for 2.281771 seconds and try again... (tryings = 3, bot id = 8974386075)
2026-07-23 20:28:34,312 [ERROR] aiogram.dispatcher: Failed to fetch updates - TelegramNetworkError: HTTP Client says - ClientConnectorError: Cannot connect to host api.telegram.org:443 ssl:default [Multiple exceptions: [WinError 121] Превышен таймаут семафора, [WinError 1231] Сетевая папка недоступна. За информацией о разрешении проблем в сети обратитесь к справочной системе Windows]
2026-07-23 20:28:34,312 [WARNING] aiogram.dispatcher: Sleep for 2.914267 seconds and try again... (tryings = 4, bot id = 8974386075)
2026-07-23 20:28:58,233 [ERROR] aiogram.dispatcher: Failed to fetch updates - TelegramNetworkError: HTTP Client says - ClientConnectorError: Cannot connect to host api.telegram.org:443 ssl:default [Multiple exceptions: [WinError 1231] Сетевая папка недоступна. За информацией о разрешении проблем в сети обратитесь к справочной системе Windows, [WinError 121] Превышен таймаут семафора]
2026-07-23 20:28:58,233 [WARNING] aiogram.dispatcher: Sleep for 3.907303 seconds and try again... (tryings = 5, bot id = 8974386075)
2026-07-23 20:29:23,146 [ERROR] aiogram.dispatcher: Failed to fetch updates - TelegramNetworkError: HTTP Client says - ClientConnectorError: Cannot connect to host api.telegram.org:443 ssl:default [Multiple exceptions: [WinError 121] Превышен таймаут семафора, [WinError 1231] Сетевая папка недоступна. За информацией о разрешении проблем в сети обратитесь к справочной системе Windows]
2026-07-23 20:29:23,146 [WARNING] aiogram.dispatcher: Sleep for 4.996604 seconds and try again... (tryings = 6, bot id = 8974386075)
2026-07-23 20:29:49,146 [ERROR] aiogram.dispatcher: Failed to fetch updates - TelegramNetworkError: HTTP Client says - ClientConnectorError: Cannot connect to host api.telegram.org:443 ssl:default [Multiple exceptions: [WinError 1231] Сетевая папка недоступна. За информацией о разрешении проблем в сети обратитесь к справочной системе Windows, [WinError 121] Превышен таймаут семафора]
2026-07-23 20:29:49,146 [WARNING] aiogram.dispatcher: Sleep for 4.930663 seconds and try again... (tryings = 7, bot id = 8974386075)
2026-07-23 20:30:15,084 [ERROR] aiogram.dispatcher: Failed to fetch updates - TelegramNetworkError: HTTP Client says - ClientConnectorError: Cannot connect to host api.telegram.org:443 ssl:default [Multiple exceptions: [WinError 121] Превышен таймаут семафора, [WinError 1231] Сетевая папка недоступна. За информацией о разрешении проблем в сети обратитесь к справочной системе Windows]
2026-07-23 20:30:15,085 [WARNING] aiogram.dispatcher: Sleep for 4.860385 seconds and try again... (tryings = 8, bot id = 8974386075)
2026-07-23 20:30:40,950 [ERROR] aiogram.dispatcher: Failed to fetch updates - TelegramNetworkError: HTTP Client says - ClientConnectorError: Cannot connect to host api.telegram.org:443 ssl:default [Multiple exceptions: [WinError 1231] Сетевая папка недоступна. За информацией о разрешении проблем в сети обратитесь к справочной системе Windows, [WinError 121] Превышен таймаут семафора]
2026-07-23 20:30:40,951 [WARNING] aiogram.dispatcher: Sleep for 4.926164 seconds and try again... (tryings = 9, bot id = 8974386075)
2026-07-23 20:31:06,882 [ERROR] aiogram.dispatcher: Failed to fetch updates - TelegramNetworkError: HTTP Client says - ClientConnectorError: Cannot connect to host api.telegram.org:443 ssl:default [Multiple exceptions: [WinError 121] Превышен таймаут семафора, [WinError 1231] Сетевая папка недоступна. За информацией о разрешении проблем в сети обратитесь к справочной системе Windows]
2026-07-23 20:31:06,883 [WARNING] aiogram.dispatcher: Sleep for 5.083384 seconds and try again... (tryings = 10, bot id = 8974386075)
2026-07-23 20:31:32,970 [ERROR] aiogram.dispatcher: Failed to fetch updates - TelegramNetworkError: HTTP Client says - ClientConnectorError: Cannot connect to host api.telegram.org:443 ssl:default [Multiple exceptions: [WinError 1231] Сетевая папка недоступна. За информацией о разрешении проблем в сети обратитесь к справочной системе Windows, [WinError 121] Превышен таймаут семафора]
2026-07-23 20:31:32,971 [WARNING] aiogram.dispatcher: Sleep for 5.084118 seconds and try again... (tryings = 11, bot id = 8974386075)
2026-07-23 20:31:59,059 [ERROR] aiogram.dispatcher: Failed to fetch updates - TelegramNetworkError: HTTP Client says - ClientConnectorError: Cannot connect to host api.telegram.org:443 ssl:default [Multiple exceptions: [WinError 121] Превышен таймаут семафора, [WinError 1231] Сетевая папка недоступна. За информацией о разрешении проблем в сети обратитесь к справочной системе Windows]
2026-07-23 20:31:59,059 [WARNING] aiogram.dispatcher: Sleep for 5.051768 seconds and try again... (tryings = 12, bot id = 8974386075)
2026-07-23 20:32:25,116 [ERROR] aiogram.dispatcher: Failed to fetch updates - TelegramNetworkError: HTTP Client says - ClientConnectorError: Cannot connect to host api.telegram.org:443 ssl:default [Multiple exceptions: [WinError 1231] Сетевая папка недоступна. За информацией о разрешении проблем в сети обратитесь к справочной системе Windows, [WinError 121] Превышен таймаут семафора]
2026-07-23 20:32:25,116 [WARNING] aiogram.dispatcher: Sleep for 5.021334 seconds and try again... (tryings = 13, bot id = 8974386075)
2026-07-23 20:32:51,144 [ERROR] aiogram.dispatcher: Failed to fetch updates - TelegramNetworkError: HTTP Client says - ClientConnectorError: Cannot connect to host api.telegram.org:443 ssl:default [Multiple exceptions: [WinError 121] Превышен таймаут семафора, [WinError 1231] Сетевая папка недоступна. За информацией о разрешении проблем в сети обратитесь к справочной системе Windows]
2026-07-23 20:32:51,144 [WARNING] aiogram.dispatcher: Sleep for 5.081109 seconds and try again... (tryings = 14, bot id = 8974386075)
2026-07-23 20:33:17,232 [ERROR] aiogram.dispatcher: Failed to fetch updates - TelegramNetworkError: HTTP Client says - ClientConnectorError: Cannot connect to host api.telegram.org:443 ssl:default [Multiple exceptions: [WinError 1231] Сетевая папка недоступна. За информацией о разрешении проблем в сети обратитесь к справочной системе Windows, [WinError 121] Превышен таймаут семафора]
2026-07-23 20:33:17,232 [WARNING] aiogram.dispatcher: Sleep for 4.897214 seconds and try again... (tryings = 15, bot id = 8974386075)
2026-07-23 20:33:43,134 [ERROR] aiogram.dispatcher: Failed to fetch updates - TelegramNetworkError: HTTP Client says - ClientConnectorError: Cannot connect to host api.telegram.org:443 ssl:default [Multiple exceptions: [WinError 121] Превышен таймаут семафора, [WinError 1231] Сетевая папка недоступна. За информацией о разрешении проблем в сети обратитесь к справочной системе Windows]
2026-07-23 20:33:43,134 [WARNING] aiogram.dispatcher: Sleep for 5.044377 seconds and try again... (tryings = 16, bot id = 8974386075)
2026-07-23 20:34:09,183 [ERROR] aiogram.dispatcher: Failed to fetch updates - TelegramNetworkError: HTTP Client says - ClientConnectorError: Cannot connect to host api.telegram.org:443 ssl:default [Multiple exceptions: [WinError 1231] Сетевая папка недоступна. За информацией о разрешении проблем в сети обратитесь к справочной системе Windows, [WinError 121] Превышен таймаут семафора]
2026-07-23 20:34:09,183 [WARNING] aiogram.dispatcher: Sleep for 4.855360 seconds and try again... (tryings = 17, bot id = 8974386075)
2026-07-23 20:34:35,044 [ERROR] aiogram.dispatcher: Failed to fetch updates - TelegramNetworkError: HTTP Client says - ClientConnectorError: Cannot connect to host api.telegram.org:443 ssl:default [Multiple exceptions: [WinError 121] Превышен таймаут семафора, [WinError 1231] Сетевая папка недоступна. За информацией о разрешении проблем в сети обратитесь к справочной системе Windows]
2026-07-23 20:34:35,044 [WARNING] aiogram.dispatcher: Sleep for 5.096703 seconds and try again... (tryings = 18, bot id = 8974386075)
2026-07-23 20:35:01,143 [ERROR] aiogram.dispatcher: Failed to fetch updates - TelegramNetworkError: HTTP Client says - ClientConnectorError: Cannot connect to host api.telegram.org:443 ssl:default [Multiple exceptions: [WinError 1231] Сетевая папка недоступна. За информацией о разрешении проблем в сети обратитесь к справочной системе Windows, [WinError 121] Превышен таймаут семафора]
2026-07-23 20:35:01,144 [WARNING] aiogram.dispatcher: Sleep for 4.984106 seconds and try again... (tryings = 19, bot id = 8974386075)
2026-07-23 20:35:27,132 [ERROR] aiogram.dispatcher: Failed to fetch updates - TelegramNetworkError: HTTP Client says - ClientConnectorError: Cannot connect to host api.telegram.org:443 ssl:default [Multiple exceptions: [WinError 121] Превышен таймаут семафора, [WinError 1231] Сетевая папка недоступна. За информацией о разрешении проблем в сети обратитесь к справочной системе Windows]
2026-07-23 20:35:27,133 [WARNING] aiogram.dispatcher: Sleep for 5.108086 seconds and try again... (tryings = 20, bot id = 8974386075)
2026-07-23 20:35:53,247 [ERROR] aiogram.dispatcher: Failed to fetch updates - TelegramNetworkError: HTTP Client says - ClientConnectorError: Cannot connect to host api.telegram.org:443 ssl:default [Multiple exceptions: [WinError 1231] Сетевая папка недоступна. За информацией о разрешении проблем в сети обратитесь к справочной системе Windows, [WinError 121] Превышен таймаут семафора]
2026-07-23 20:35:53,247 [WARNING] aiogram.dispatcher: Sleep for 5.093964 seconds and try again... (tryings = 21, bot id = 8974386075)
2026-07-23 20:36:19,344 [ERROR] aiogram.dispatcher: Failed to fetch updates - TelegramNetworkError: HTTP Client says - ClientConnectorError: Cannot connect to host api.telegram.org:443 ssl:default [Multiple exceptions: [WinError 121] Превышен таймаут семафора, [WinError 1231] Сетевая папка недоступна. За информацией о разрешении проблем в сети обратитесь к справочной системе Windows]
2026-07-23 20:36:19,344 [WARNING] aiogram.dispatcher: Sleep for 5.020999 seconds and try again... (tryings = 22, bot id = 8974386075)
2026-07-23 20:36:45,372 [ERROR] aiogram.dispatcher: Failed to fetch updates - TelegramNetworkError: HTTP Client says - ClientConnectorError: Cannot connect to host api.telegram.org:443 ssl:default [Multiple exceptions: [WinError 1231] Сетевая папка недоступна. За информацией о разрешении проблем в сети обратитесь к справочной системе Windows, [WinError 121] Превышен таймаут семафора]
2026-07-23 20:36:45,372 [WARNING] aiogram.dispatcher: Sleep for 4.945808 seconds and try again... (tryings = 23, bot id = 8974386075)
2026-07-23 20:37:11,324 [ERROR] aiogram.dispatcher: Failed to fetch updates - TelegramNetworkError: HTTP Client says - ClientConnectorError: Cannot connect to host api.telegram.org:443 ssl:default [Multiple exceptions: [WinError 121] Превышен таймаут семафора, [WinError 1231] Сетевая папка недоступна. За информацией о разрешении проблем в сети обратитесь к справочной системе Windows]
2026-07-23 20:37:11,324 [WARNING] aiogram.dispatcher: Sleep for 5.156215 seconds and try again... (tryings = 24, bot id = 8974386075)
2026-07-23 20:37:37,487 [ERROR] aiogram.dispatcher: Failed to fetch updates - TelegramNetworkError: HTTP Client says - ClientConnectorError: Cannot connect to host api.telegram.org:443 ssl:default [Multiple exceptions: [WinError 1231] Сетевая папка недоступна. За информацией о разрешении проблем в сети обратитесь к справочной системе Windows, [WinError 121] Превышен таймаут семафора]
2026-07-23 20:37:37,488 [WARNING] aiogram.dispatcher: Sleep for 5.049874 seconds and try again... (tryings = 25, bot id = 8974386075)
2026-07-23 20:38:03,545 [ERROR] aiogram.dispatcher: Failed to fetch updates - TelegramNetworkError: HTTP Client says - ClientConnectorError: Cannot connect to host api.telegram.org:443 ssl:default [Multiple exceptions: [WinError 121] Превышен таймаут семафора, [WinError 1231] Сетевая папка недоступна. За информацией о разрешении проблем в сети обратитесь к справочной системе Windows]
2026-07-23 20:38:03,546 [WARNING] aiogram.dispatcher: Sleep for 4.961648 seconds and try again... (tryings = 26, bot id = 8974386075)
2026-07-23 20:38:29,652 [ERROR] aiogram.dispatcher: Failed to fetch updates - TelegramNetworkError: HTTP Client says - ClientConnectorError: Cannot connect to host api.telegram.org:443 ssl:default [Multiple exceptions: [WinError 1231] Сетевая папка недоступна. За информацией о разрешении проблем в сети обратитесь к справочной системе Windows, [WinError 121] Превышен таймаут семафора]
2026-07-23 20:38:29,653 [WARNING] aiogram.dispatcher: Sleep for 5.111165 seconds and try again... (tryings = 27, bot id = 8974386075)
2026-07-23 20:38:55,771 [ERROR] aiogram.dispatcher: Failed to fetch updates - TelegramNetworkError: HTTP Client says - ClientConnectorError: Cannot connect to host api.telegram.org:443 ssl:default [Multiple exceptions: [WinError 121] Превышен таймаут семафора, [WinError 1231] Сетевая папка недоступна. За информацией о разрешении проблем в сети обратитесь к справочной системе Windows]
2026-07-23 20:38:55,771 [WARNING] aiogram.dispatcher: Sleep for 4.986426 seconds and try again... (tryings = 28, bot id = 8974386075)
2026-07-23 20:39:21,762 [ERROR] aiogram.dispatcher: Failed to fetch updates - TelegramNetworkError: HTTP Client says - ClientConnectorError: Cannot connect to host api.telegram.org:443 ssl:default [Multiple exceptions: [WinError 1231] Сетевая папка недоступна. За информацией о разрешении проблем в сети обратитесь к справочной системе Windows, [WinError 121] Превышен таймаут семафора]
2026-07-23 20:39:21,763 [WARNING] aiogram.dispatcher: Sleep for 4.928959 seconds and try again... (tryings = 29, bot id = 8974386075)
2026-07-23 20:39:47,698 [ERROR] aiogram.dispatcher: Failed to fetch updates - TelegramNetworkError: HTTP Client says - ClientConnectorError: Cannot connect to host api.telegram.org:443 ssl:default [Multiple exceptions: [WinError 121] Превышен таймаут семафора, [WinError 1231] Сетевая папка недоступна. За информацией о разрешении проблем в сети обратитесь к справочной системе Windows]
2026-07-23 20:39:47,699 [WARNING] aiogram.dispatcher: Sleep for 4.964996 seconds and try again... (tryings = 30, bot id = 8974386075)
2026-07-23 20:40:13,669 [ERROR] aiogram.dispatcher: Failed to fetch updates - TelegramNetworkError: HTTP Client says - ClientConnectorError: Cannot connect to host api.telegram.org:443 ssl:default [Multiple exceptions: [WinError 1231] Сетевая папка недоступна. За информацией о разрешении проблем в сети обратитесь к справочной системе Windows, [WinError 121] Превышен таймаут семафора]
2026-07-23 20:40:13,669 [WARNING] aiogram.dispatcher: Sleep for 4.967407 seconds and try again... (tryings = 31, bot id = 8974386075)
2026-07-23 20:40:39,639 [ERROR] aiogram.dispatcher: Failed to fetch updates - TelegramNetworkError: HTTP Client says - ClientConnectorError: Cannot connect to host api.telegram.org:443 ssl:default [Multiple exceptions: [WinError 121] Превышен таймаут семафора, [WinError 1231] Сетевая папка недоступна. За информацией о разрешении проблем в сети обратитесь к справочной системе Windows]
2026-07-23 20:40:39,640 [WARNING] aiogram.dispatcher: Sleep for 4.916620 seconds and try again... (tryings = 32, bot id = 8974386075)
2026-07-23 20:41:05,561 [ERROR] aiogram.dispatcher: Failed to fetch updates - TelegramNetworkError: HTTP Client says - ClientConnectorError: Cannot connect to host api.telegram.org:443 ssl:default [Multiple exceptions: [WinError 1231] Сетевая папка недоступна. За информацией о разрешении проблем в сети обратитесь к справочной системе Windows, [WinError 121] Превышен таймаут семафора]
2026-07-23 20:41:05,561 [WARNING] aiogram.dispatcher: Sleep for 4.795772 seconds and try again... (tryings = 33, bot id = 8974386075)
2026-07-23 20:41:31,363 [ERROR] aiogram.dispatcher: Failed to fetch updates - TelegramNetworkError: HTTP Client says - ClientConnectorError: Cannot connect to host api.telegram.org:443 ssl:default [Multiple exceptions: [WinError 121] Превышен таймаут семафора, [WinError 1231] Сетевая папка недоступна. За информацией о разрешении проблем в сети обратитесь к справочной системе Windows]
2026-07-23 20:41:31,364 [WARNING] aiogram.dispatcher: Sleep for 4.971939 seconds and try again... (tryings = 34, bot id = 8974386075)
2026-07-23 20:41:57,341 [ERROR] aiogram.dispatcher: Failed to fetch updates - TelegramNetworkError: HTTP Client says - ClientConnectorError: Cannot connect to host api.telegram.org:443 ssl:default [Multiple exceptions: [WinError 1231] Сетевая папка недоступна. За информацией о разрешении проблем в сети обратитесь к справочной системе Windows, [WinError 121] Превышен таймаут семафора]
2026-07-23 20:41:57,341 [WARNING] aiogram.dispatcher: Sleep for 4.873211 seconds and try again... (tryings = 35, bot id = 8974386075)
2026-07-23 20:42:23,219 [ERROR] aiogram.dispatcher: Failed to fetch updates - TelegramNetworkError: HTTP Client says - ClientConnectorError: Cannot connect to host api.telegram.org:443 ssl:default [Multiple exceptions: [WinError 121] Превышен таймаут семафора, [WinError 1231] Сетевая папка недоступна. За информацией о разрешении проблем в сети обратитесь к справочной системе Windows]
2026-07-23 20:42:23,219 [WARNING] aiogram.dispatcher: Sleep for 5.060727 seconds and try again... (tryings = 36, bot id = 8974386075)
2026-07-23 20:42:49,286 [ERROR] aiogram.dispatcher: Failed to fetch updates - TelegramNetworkError: HTTP Client says - ClientConnectorError: Cannot connect to host api.telegram.org:443 ssl:default [Multiple exceptions: [WinError 1231] Сетевая папка недоступна. За информацией о разрешении проблем в сети обратитесь к справочной системе Windows, [WinError 121] Превышен таймаут семафора]
2026-07-23 20:42:49,286 [WARNING] aiogram.dispatcher: Sleep for 4.902946 seconds and try again... (tryings = 37, bot id = 8974386075)
2026-07-23 20:43:15,196 [ERROR] aiogram.dispatcher: Failed to fetch updates - TelegramNetworkError: HTTP Client says - ClientConnectorError: Cannot connect to host api.telegram.org:443 ssl:default [Multiple exceptions: [WinError 121] Превышен таймаут семафора, [WinError 1231] Сетевая папка недоступна. За информацией о разрешении проблем в сети обратитесь к справочной системе Windows]
2026-07-23 20:43:15,196 [WARNING] aiogram.dispatcher: Sleep for 5.094008 seconds and try again... (tryings = 38, bot id = 8974386075)
2026-07-23 20:43:41,295 [ERROR] aiogram.dispatcher: Failed to fetch updates - TelegramNetworkError: HTTP Client says - ClientConnectorError: Cannot connect to host api.telegram.org:443 ssl:default [Multiple exceptions: [WinError 1231] Сетевая папка недоступна. За информацией о разрешении проблем в сети обратитесь к справочной системе Windows, [WinError 121] Превышен таймаут семафора]
2026-07-23 20:43:41,295 [WARNING] aiogram.dispatcher: Sleep for 5.099785 seconds and try again... (tryings = 39, bot id = 8974386075)
2026-07-23 20:44:07,399 [ERROR] aiogram.dispatcher: Failed to fetch updates - TelegramNetworkError: HTTP Client says - ClientConnectorError: Cannot connect to host api.telegram.org:443 ssl:default [Multiple exceptions: [WinError 121] Превышен таймаут семафора, [WinError 1231] Сетевая папка недоступна. За информацией о разрешении проблем в сети обратитесь к справочной системе Windows]
2026-07-23 20:44:07,399 [WARNING] aiogram.dispatcher: Sleep for 5.089558 seconds and try again... (tryings = 40, bot id = 8974386075)
2026-07-23 20:44:33,493 [ERROR] aiogram.dispatcher: Failed to fetch updates - TelegramNetworkError: HTTP Client says - ClientConnectorError: Cannot connect to host api.telegram.org:443 ssl:default [Multiple exceptions: [WinError 1231] Сетевая папка недоступна. За информацией о разрешении проблем в сети обратитесь к справочной системе Windows, [WinError 121] Превышен таймаут семафора]
2026-07-23 20:44:33,493 [WARNING] aiogram.dispatcher: Sleep for 4.820142 seconds and try again... (tryings = 41, bot id = 8974386075)
2026-07-23 20:44:59,318 [ERROR] aiogram.dispatcher: Failed to fetch updates - TelegramNetworkError: HTTP Client says - ClientConnectorError: Cannot connect to host api.telegram.org:443 ssl:default [Multiple exceptions: [WinError 121] Превышен таймаут семафора, [WinError 1231] Сетевая папка недоступна. За информацией о разрешении проблем в сети обратитесь к справочной системе Windows]
2026-07-23 20:44:59,318 [WARNING] aiogram.dispatcher: Sleep for 5.182841 seconds and try again... (tryings = 42, bot id = 8974386075)
2026-07-23 20:45:25,507 [ERROR] aiogram.dispatcher: Failed to fetch updates - TelegramNetworkError: HTTP Client says - ClientConnectorError: Cannot connect to host api.telegram.org:443 ssl:default [Multiple exceptions: [WinError 1231] Сетевая папка недоступна. За информацией о разрешении проблем в сети обратитесь к справочной системе Windows, [WinError 121] Превышен таймаут семафора]
2026-07-23 20:45:25,507 [WARNING] aiogram.dispatcher: Sleep for 5.127951 seconds and try again... (tryings = 43, bot id = 8974386075)
2026-07-23 20:45:51,638 [ERROR] aiogram.dispatcher: Failed to fetch updates - TelegramNetworkError: HTTP Client says - ClientConnectorError: Cannot connect to host api.telegram.org:443 ssl:default [Multiple exceptions: [WinError 121] Превышен таймаут семафора, [WinError 1231] Сетевая папка недоступна. За информацией о разрешении проблем в сети обратитесь к справочной системе Windows]
2026-07-23 20:45:51,639 [WARNING] aiogram.dispatcher: Sleep for 4.938423 seconds and try again... (tryings = 44, bot id = 8974386075)
2026-07-23 20:46:17,582 [ERROR] aiogram.dispatcher: Failed to fetch updates - TelegramNetworkError: HTTP Client says - ClientConnectorError: Cannot connect to host api.telegram.org:443 ssl:default [Multiple exceptions: [WinError 1231] Сетевая папка недоступна. За информацией о разрешении проблем в сети обратитесь к справочной системе Windows, [WinError 121] Превышен таймаут семафора]
2026-07-23 20:46:17,582 [WARNING] aiogram.dispatcher: Sleep for 4.911067 seconds and try again... (tryings = 45, bot id = 8974386075)
2026-07-23 20:46:43,498 [ERROR] aiogram.dispatcher: Failed to fetch updates - TelegramNetworkError: HTTP Client says - ClientConnectorError: Cannot connect to host api.telegram.org:443 ssl:default [Multiple exceptions: [WinError 121] Превышен таймаут семафора, [WinError 1231] Сетевая папка недоступна. За информацией о разрешении проблем в сети обратитесь к справочной системе Windows]
2026-07-23 20:46:43,498 [WARNING] aiogram.dispatcher: Sleep for 4.970153 seconds and try again... (tryings = 46, bot id = 8974386075)
2026-07-23 20:47:09,472 [ERROR] aiogram.dispatcher: Failed to fetch updates - TelegramNetworkError: HTTP Client says - ClientConnectorError: Cannot connect to host api.telegram.org:443 ssl:default [Multiple exceptions: [WinError 1231] Сетевая папка недоступна. За информацией о разрешении проблем в сети обратитесь к справочной системе Windows, [WinError 121] Превышен таймаут семафора]
2026-07-23 20:47:09,472 [WARNING] aiogram.dispatcher: Sleep for 4.954595 seconds and try again... (tryings = 47, bot id = 8974386075)
2026-07-23 20:47:15,435 [ERROR] aiogram.dispatcher: Failed to fetch updates - TelegramNetworkError: HTTP Client says - ClientConnectorError: Cannot connect to host api.telegram.org:443 ssl:default [Multiple exceptions: [WinError 1236] Подключение к сети было разорвано локальной системой, [WinError 1231] Сетевая папка недоступна. За информацией о разрешении проблем в сети обратитесь к справочной системе Windows]
2026-07-23 20:47:15,445 [WARNING] aiogram.dispatcher: Sleep for 5.013553 seconds and try again... (tryings = 48, bot id = 8974386075)
2026-07-23 20:47:31,098 [INFO] aiogram.dispatcher: Connection established (tryings = 49, bot id = 8974386075)
2026-07-23 21:12:49,999 [INFO] aiogram.dispatcher: Polling stopped
2026-07-23 21:12:50,000 [ERROR] aiogram.dispatcher: Failed to fetch updates - TelegramNetworkError: HTTP Client says - ServerDisconnectedError: Server disconnected
2026-07-23 21:12:50,000 [WARNING] aiogram.dispatcher: Sleep for 1.000000 seconds and try again... (tryings = 0, bot id = 8974386075)
2026-07-23 21:12:50,252 [INFO] aiogram.dispatcher: Polling stopped for bot @vpnjempobot id=8974386075 - 'JempoVPN'
2026-07-23 21:15:54,097 [INFO] root: Инициализация проекта...
2026-07-23 21:15:54,100 [INFO] root: База данных инициализирована.
2026-07-23 21:15:54,796 [INFO] root: Бот успешно запущен!
2026-07-23 21:15:54,796 [INFO] aiogram.dispatcher: Start polling
2026-07-23 21:15:54,925 [INFO] aiogram.dispatcher: Run polling for bot @vpnjempobot id=8974386075 - 'JempoVPN'
2026-07-23 21:16:02,537 [INFO] aiogram.event: Update id=82034275 is not handled. Duration 2 ms by bot id=8974386075
2026-07-23 21:19:36,355 [INFO] aiogram.dispatcher: Polling stopped
2026-07-23 21:19:36,355 [ERROR] aiogram.dispatcher: Failed to fetch updates - TelegramNetworkError: HTTP Client says - ServerDisconnectedError: Server disconnected
2026-07-23 21:19:36,356 [WARNING] aiogram.dispatcher: Sleep for 1.000000 seconds and try again... (tryings = 0, bot id = 8974386075)
2026-07-23 21:19:36,606 [INFO] aiogram.dispatcher: Polling stopped for bot @vpnjempobot id=8974386075 - 'JempoVPN'
2026-07-23 21:21:31,948 [INFO] root: Инициализация проекта...
2026-07-23 21:21:31,950 [INFO] root: База данных инициализирована.
2026-07-23 21:21:32,584 [INFO] root: Бот успешно запущен!
2026-07-23 21:21:32,584 [INFO] aiogram.dispatcher: Start polling
2026-07-23 21:21:32,702 [INFO] aiogram.dispatcher: Run polling for bot @vpnjempobot id=8974386075 - 'JempoVPN'
2026-07-23 21:21:39,246 [INFO] aiogram.event: Update id=82034276 is not handled. Duration 1 ms by bot id=8974386075
2026-07-23 21:22:38,523 [INFO] aiogram.dispatcher: Polling stopped
2026-07-23 21:22:38,524 [ERROR] aiogram.dispatcher: Failed to fetch updates - TelegramNetworkError: HTTP Client says - ServerDisconnectedError: Server disconnected
2026-07-23 21:22:38,524 [WARNING] aiogram.dispatcher: Sleep for 1.000000 seconds and try again... (tryings = 0, bot id = 8974386075)
2026-07-23 21:22:38,775 [INFO] aiogram.dispatcher: Polling stopped for bot @vpnjempobot id=8974386075 - 'JempoVPN'
2026-07-23 21:22:44,804 [INFO] root: Инициализация проекта...
2026-07-23 21:22:44,806 [INFO] root: База данных инициализирована.
2026-07-23 21:22:45,470 [INFO] root: Бот успешно запущен!
2026-07-23 21:22:45,471 [INFO] aiogram.dispatcher: Start polling
2026-07-23 21:22:45,603 [INFO] aiogram.dispatcher: Run polling for bot @vpnjempobot id=8974386075 - 'JempoVPN'
2026-07-23 21:22:50,357 [INFO] aiogram.event: Update id=82034277 is not handled. Duration 1 ms by bot id=8974386075
2026-07-23 21:22:52,864 [INFO] aiogram.event: Update id=82034278 is handled. Duration 261 ms by bot id=8974386075
2026-07-23 21:22:54,336 [INFO] aiogram.event: Update id=82034279 is handled. Duration 147 ms by bot id=8974386075
2026-07-23 21:22:57,949 [INFO] aiogram.event: Update id=82034280 is not handled. Duration 1 ms by bot id=8974386075
2026-07-23 21:23:01,470 [INFO] aiogram.event: Update id=82034281 is handled. Duration 336 ms by bot id=8974386075
2026-07-23 21:23:04,962 [INFO] aiogram.event: Update id=82034282 is not handled. Duration 1 ms by bot id=8974386075
2026-07-23 21:24:13,024 [INFO] aiogram.dispatcher: Polling stopped
2026-07-23 21:24:13,024 [ERROR] aiogram.dispatcher: Failed to fetch updates - TelegramNetworkError: HTTP Client says - ServerDisconnectedError: Server disconnected
2026-07-23 21:24:13,024 [WARNING] aiogram.dispatcher: Sleep for 1.000000 seconds and try again... (tryings = 0, bot id = 8974386075)
2026-07-23 21:24:13,275 [INFO] aiogram.dispatcher: Polling stopped for bot @vpnjempobot id=8974386075 - 'JempoVPN'
2026-07-23 21:24:19,271 [INFO] root: Инициализация проекта...
2026-07-23 21:24:19,273 [INFO] root: База данных инициализирована.
2026-07-23 21:24:19,917 [INFO] root: Бот успешно запущен!
2026-07-23 21:24:19,917 [INFO] aiogram.dispatcher: Start polling
2026-07-23 21:24:20,039 [INFO] aiogram.dispatcher: Run polling for bot @vpnjempobot id=8974386075 - 'JempoVPN'
2026-07-23 21:24:25,799 [INFO] aiogram.event: Update id=82034283 is not handled. Duration 1 ms by bot id=8974386075
2026-07-23 21:24:27,541 [INFO] aiogram.event: Update id=82034284 is handled. Duration 164 ms by bot id=8974386075
2026-07-23 21:24:30,584 [INFO] aiogram.event: Update id=82034285 is not handled. Duration 2 ms by bot id=8974386075
2026-07-23 21:24:49,962 [INFO] aiogram.event: Update id=82034286 is handled. Duration 154 ms by bot id=8974386075
2026-07-23 21:24:52,015 [INFO] aiogram.event: Update id=82034287 is handled. Duration 314 ms by bot id=8974386075
2026-07-23 21:24:53,437 [INFO] aiogram.event: Update id=82034288 is handled. Duration 281 ms by bot id=8974386075
2026-07-23 21:24:54,621 [INFO] aiogram.event: Update id=82034289 is handled. Duration 327 ms by bot id=8974386075
2026-07-23 21:24:59,049 [INFO] aiogram.event: Update id=82034290 is handled. Duration 289 ms by bot id=8974386075
2026-07-23 21:25:00,159 [INFO] aiogram.event: Update id=82034291 is handled. Duration 403 ms by bot id=8974386075
2026-07-23 21:25:04,062 [INFO] aiogram.event: Update id=82034292 is handled. Duration 267 ms by bot id=8974386075
2026-07-23 21:25:06,260 [INFO] aiogram.event: Update id=82034293 is handled. Duration 155 ms by bot id=8974386075
2026-07-23 21:25:49,102 [INFO] aiogram.dispatcher: Polling stopped
2026-07-23 21:25:49,103 [ERROR] aiogram.dispatcher: Failed to fetch updates - TelegramNetworkError: HTTP Client says - ServerDisconnectedError: Server disconnected
2026-07-23 21:25:49,103 [WARNING] aiogram.dispatcher: Sleep for 1.000000 seconds and try again... (tryings = 0, bot id = 8974386075)
2026-07-23 21:25:49,355 [INFO] aiogram.dispatcher: Polling stopped for bot @vpnjempobot id=8974386075 - 'JempoVPN'
2026-07-23 21:25:55,451 [INFO] root: Инициализация проекта...
2026-07-23 21:25:55,453 [INFO] root: База данных инициализирована.
2026-07-23 21:25:56,112 [INFO] root: Бот успешно запущен!
2026-07-23 21:25:56,112 [INFO] aiogram.dispatcher: Start polling
2026-07-23 21:25:56,240 [INFO] aiogram.dispatcher: Run polling for bot @vpnjempobot id=8974386075 - 'JempoVPN'
2026-07-23 21:25:59,793 [INFO] aiogram.event: Update id=82034294 is handled. Duration 149 ms by bot id=8974386075
2026-07-23 21:26:02,799 [INFO] aiogram.event: Update id=82034295 is handled. Duration 409 ms by bot id=8974386075
2026-07-23 21:26:04,271 [INFO] aiogram.event: Update id=82034296 is handled. Duration 290 ms by bot id=8974386075
2026-07-23 21:26:05,345 [INFO] aiogram.event: Update id=82034297 is handled. Duration 266 ms by bot id=8974386075
2026-07-23 21:26:07,004 [INFO] aiogram.event: Update id=82034298 is handled. Duration 350 ms by bot id=8974386075
2026-07-23 21:26:10,336 [INFO] aiogram.event: Update id=82034299 is not handled. Duration 2 ms by bot id=8974386075
2026-07-23 21:26:28,556 [INFO] aiogram.event: Update id=82034300 is handled. Duration 286 ms by bot id=8974386075
2026-07-23 21:26:31,445 [INFO] aiogram.event: Update id=82034301 is handled. Duration 275 ms by bot id=8974386075
2026-07-23 21:26:32,886 [INFO] aiogram.event: Update id=82034302 is handled. Duration 265 ms by bot id=8974386075
2026-07-23 21:28:23,294 [INFO] aiogram.dispatcher: Polling stopped
2026-07-23 21:28:23,295 [ERROR] aiogram.dispatcher: Failed to fetch updates - TelegramNetworkError: HTTP Client says - ServerDisconnectedError: Server disconnected
2026-07-23 21:28:23,295 [WARNING] aiogram.dispatcher: Sleep for 1.000000 seconds and try again... (tryings = 0, bot id = 8974386075)
2026-07-23 21:28:23,547 [INFO] aiogram.dispatcher: Polling stopped for bot @vpnjempobot id=8974386075 - 'JempoVPN'
2026-07-23 21:28:29,634 [INFO] root: Инициализация проекта...
2026-07-23 21:28:29,636 [INFO] root: База данных инициализирована.
2026-07-23 21:28:30,279 [INFO] root: Бот успешно запущен!
2026-07-23 21:28:30,279 [INFO] aiogram.dispatcher: Start polling
2026-07-23 21:28:30,400 [INFO] aiogram.dispatcher: Run polling for bot @vpnjempobot id=8974386075 - 'JempoVPN'
2026-07-23 21:28:34,898 [INFO] aiogram.event: Update id=82034303 is handled. Duration 138 ms by bot id=8974386075
2026-07-23 21:28:37,744 [INFO] aiogram.event: Update id=82034304 is handled. Duration 293 ms by bot id=8974386075
2026-07-23 21:28:39,275 [INFO] aiogram.event: Update id=82034305 is handled. Duration 264 ms by bot id=8974386075
2026-07-23 21:28:41,003 [INFO] aiogram.event: Update id=82034306 is handled. Duration 271 ms by bot id=8974386075
2026-07-23 21:28:41,804 [INFO] aiogram.event: Update id=82034307 is handled. Duration 284 ms by bot id=8974386075
2026-07-23 21:28:44,264 [INFO] aiogram.event: Update id=82034308 is not handled. Duration 1 ms by bot id=8974386075
2026-07-23 21:36:59,315 [ERROR] aiogram.dispatcher: Failed to fetch updates - TelegramNetworkError: HTTP Client says - ClientOSError: [WinError 1236] Подключение к сети было разорвано локальной системой
2026-07-23 21:36:59,345 [WARNING] aiogram.dispatcher: Sleep for 1.000000 seconds and try again... (tryings = 0, bot id = 8974386075)
2026-07-23 21:37:21,444 [ERROR] aiogram.dispatcher: Failed to fetch updates - TelegramNetworkError: HTTP Client says - ClientConnectorError: Cannot connect to host api.telegram.org:443 ssl:default [Multiple exceptions: [WinError 121] Превышен таймаут семафора, [WinError 1231] Сетевая папка недоступна. За информацией о разрешении проблем в сети обратитесь к справочной системе Windows]
2026-07-23 21:37:21,445 [WARNING] aiogram.dispatcher: Sleep for 1.350502 seconds and try again... (tryings = 1, bot id = 8974386075)
2026-07-23 21:37:43,799 [ERROR] aiogram.dispatcher: Failed to fetch updates - TelegramNetworkError: HTTP Client says - ClientConnectorError: Cannot connect to host api.telegram.org:443 ssl:default [Multiple exceptions: [WinError 1231] Сетевая папка недоступна. За информацией о разрешении проблем в сети обратитесь к справочной системе Windows, [WinError 121] Превышен таймаут семафора]
2026-07-23 21:37:43,799 [WARNING] aiogram.dispatcher: Sleep for 1.749702 seconds and try again... (tryings = 2, bot id = 8974386075)
2026-07-23 21:38:06,554 [ERROR] aiogram.dispatcher: Failed to fetch updates - TelegramNetworkError: HTTP Client says - ClientConnectorError: Cannot connect to host api.telegram.org:443 ssl:default [Multiple exceptions: [WinError 121] Превышен таймаут семафора, [WinError 1231] Сетевая папка недоступна. За информацией о разрешении проблем в сети обратитесь к справочной системе Windows]
2026-07-23 21:38:06,554 [WARNING] aiogram.dispatcher: Sleep for 2.238418 seconds and try again... (tryings = 3, bot id = 8974386075)
2026-07-23 21:38:29,796 [ERROR] aiogram.dispatcher: Failed to fetch updates - TelegramNetworkError: HTTP Client says - ClientConnectorError: Cannot connect to host api.telegram.org:443 ssl:default [Multiple exceptions: [WinError 1231] Сетевая папка недоступна. За информацией о разрешении проблем в сети обратитесь к справочной системе Windows, [WinError 121] Превышен таймаут семафора]
2026-07-23 21:38:29,800 [WARNING] aiogram.dispatcher: Sleep for 2.842342 seconds and try again... (tryings = 4, bot id = 8974386075)
2026-07-23 21:38:53,648 [ERROR] aiogram.dispatcher: Failed to fetch updates - TelegramNetworkError: HTTP Client says - ClientConnectorError: Cannot connect to host api.telegram.org:443 ssl:default [Multiple exceptions: [WinError 121] Превышен таймаут семафора, [WinError 1231] Сетевая папка недоступна. За информацией о разрешении проблем в сети обратитесь к справочной системе Windows]
2026-07-23 21:38:53,648 [WARNING] aiogram.dispatcher: Sleep for 3.711183 seconds and try again... (tryings = 5, bot id = 8974386075)
2026-07-23 21:39:18,365 [ERROR] aiogram.dispatcher: Failed to fetch updates - TelegramNetworkError: HTTP Client says - ClientConnectorError: Cannot connect to host api.telegram.org:443 ssl:default [Multiple exceptions: [WinError 1231] Сетевая папка недоступна. За информацией о разрешении проблем в сети обратитесь к справочной системе Windows, [WinError 121] Превышен таймаут семафора]
2026-07-23 21:39:18,365 [WARNING] aiogram.dispatcher: Sleep for 4.886238 seconds and try again... (tryings = 6, bot id = 8974386075)
2026-07-23 21:39:44,256 [ERROR] aiogram.dispatcher: Failed to fetch updates - TelegramNetworkError: HTTP Client says - ClientConnectorError: Cannot connect to host api.telegram.org:443 ssl:default [Multiple exceptions: [WinError 121] Превышен таймаут семафора, [WinError 1231] Сетевая папка недоступна. За информацией о разрешении проблем в сети обратитесь к справочной системе Windows]
2026-07-23 21:39:44,257 [WARNING] aiogram.dispatcher: Sleep for 4.921009 seconds and try again... (tryings = 7, bot id = 8974386075)
2026-07-23 21:40:10,184 [ERROR] aiogram.dispatcher: Failed to fetch updates - TelegramNetworkError: HTTP Client says - ClientConnectorError: Cannot connect to host api.telegram.org:443 ssl:default [Multiple exceptions: [WinError 1231] Сетевая папка недоступна. За информацией о разрешении проблем в сети обратитесь к справочной системе Windows, [WinError 121] Превышен таймаут семафора]
2026-07-23 21:40:10,184 [WARNING] aiogram.dispatcher: Sleep for 4.993844 seconds and try again... (tryings = 8, bot id = 8974386075)
2026-07-23 21:40:36,181 [ERROR] aiogram.dispatcher: Failed to fetch updates - TelegramNetworkError: HTTP Client says - ClientConnectorError: Cannot connect to host api.telegram.org:443 ssl:default [Multiple exceptions: [WinError 121] Превышен таймаут семафора, [WinError 1231] Сетевая папка недоступна. За информацией о разрешении проблем в сети обратитесь к справочной системе Windows]
2026-07-23 21:40:36,182 [WARNING] aiogram.dispatcher: Sleep for 4.933321 seconds and try again... (tryings = 9, bot id = 8974386075)
2026-07-23 21:41:02,123 [ERROR] aiogram.dispatcher: Failed to fetch updates - TelegramNetworkError: HTTP Client says - ClientConnectorError: Cannot connect to host api.telegram.org:443 ssl:default [Multiple exceptions: [WinError 1231] Сетевая папка недоступна. За информацией о разрешении проблем в сети обратитесь к справочной системе Windows, [WinError 121] Превышен таймаут семафора]
2026-07-23 21:41:02,123 [WARNING] aiogram.dispatcher: Sleep for 5.034345 seconds and try again... (tryings = 10, bot id = 8974386075)
2026-07-23 21:41:28,161 [ERROR] aiogram.dispatcher: Failed to fetch updates - TelegramNetworkError: HTTP Client says - ClientConnectorError: Cannot connect to host api.telegram.org:443 ssl:default [Multiple exceptions: [WinError 121] Превышен таймаут семафора, [WinError 1231] Сетевая папка недоступна. За информацией о разрешении проблем в сети обратитесь к справочной системе Windows]
2026-07-23 21:41:28,164 [WARNING] aiogram.dispatcher: Sleep for 5.031573 seconds and try again... (tryings = 11, bot id = 8974386075)
2026-07-23 21:41:54,201 [ERROR] aiogram.dispatcher: Failed to fetch updates - TelegramNetworkError: HTTP Client says - ClientConnectorError: Cannot connect to host api.telegram.org:443 ssl:default [Multiple exceptions: [WinError 1231] Сетевая папка недоступна. За информацией о разрешении проблем в сети обратитесь к справочной системе Windows, [WinError 121] Превышен таймаут семафора]
2026-07-23 21:41:54,201 [WARNING] aiogram.dispatcher: Sleep for 5.169188 seconds and try again... (tryings = 12, bot id = 8974386075)
2026-07-23 21:42:20,376 [ERROR] aiogram.dispatcher: Failed to fetch updates - TelegramNetworkError: HTTP Client says - ClientConnectorError: Cannot connect to host api.telegram.org:443 ssl:default [Multiple exceptions: [WinError 121] Превышен таймаут семафора, [WinError 1231] Сетевая папка недоступна. За информацией о разрешении проблем в сети обратитесь к справочной системе Windows]
2026-07-23 21:42:20,376 [WARNING] aiogram.dispatcher: Sleep for 5.062203 seconds and try again... (tryings = 13, bot id = 8974386075)
2026-07-23 21:42:46,442 [ERROR] aiogram.dispatcher: Failed to fetch updates - TelegramNetworkError: HTTP Client says - ClientConnectorError: Cannot connect to host api.telegram.org:443 ssl:default [Multiple exceptions: [WinError 1231] Сетевая папка недоступна. За информацией о разрешении проблем в сети обратитесь к справочной системе Windows, [WinError 121] Превышен таймаут семафора]
2026-07-23 21:42:46,442 [WARNING] aiogram.dispatcher: Sleep for 5.068527 seconds and try again... (tryings = 14, bot id = 8974386075)
2026-07-23 21:43:12,517 [ERROR] aiogram.dispatcher: Failed to fetch updates - TelegramNetworkError: HTTP Client says - ClientConnectorError: Cannot connect to host api.telegram.org:443 ssl:default [Multiple exceptions: [WinError 121] Превышен таймаут семафора, [WinError 1231] Сетевая папка недоступна. За информацией о разрешении проблем в сети обратитесь к справочной системе Windows]
2026-07-23 21:43:12,517 [WARNING] aiogram.dispatcher: Sleep for 5.053543 seconds and try again... (tryings = 15, bot id = 8974386075)
2026-07-23 21:43:38,577 [ERROR] aiogram.dispatcher: Failed to fetch updates - TelegramNetworkError: HTTP Client says - ClientConnectorError: Cannot connect to host api.telegram.org:443 ssl:default [Multiple exceptions: [WinError 1231] Сетевая папка недоступна. За информацией о разрешении проблем в сети обратитесь к справочной системе Windows, [WinError 121] Превышен таймаут семафора]
2026-07-23 21:43:38,577 [WARNING] aiogram.dispatcher: Sleep for 4.786980 seconds and try again... (tryings = 16, bot id = 8974386075)
2026-07-23 21:44:04,369 [ERROR] aiogram.dispatcher: Failed to fetch updates - TelegramNetworkError: HTTP Client says - ClientConnectorError: Cannot connect to host api.telegram.org:443 ssl:default [Multiple exceptions: [WinError 121] Превышен таймаут семафора, [WinError 1231] Сетевая папка недоступна. За информацией о разрешении проблем в сети обратитесь к справочной системе Windows]
2026-07-23 21:44:04,369 [WARNING] aiogram.dispatcher: Sleep for 4.878906 seconds and try again... (tryings = 17, bot id = 8974386075)
2026-07-23 21:44:30,256 [ERROR] aiogram.dispatcher: Failed to fetch updates - TelegramNetworkError: HTTP Client says - ClientConnectorError: Cannot connect to host api.telegram.org:443 ssl:default [Multiple exceptions: [WinError 1231] Сетевая папка недоступна. За информацией о разрешении проблем в сети обратитесь к справочной системе Windows, [WinError 121] Превышен таймаут семафора]
2026-07-23 21:44:30,256 [WARNING] aiogram.dispatcher: Sleep for 4.957542 seconds and try again... (tryings = 18, bot id = 8974386075)
2026-07-23 21:44:56,217 [ERROR] aiogram.dispatcher: Failed to fetch updates - TelegramNetworkError: HTTP Client says - ClientConnectorError: Cannot connect to host api.telegram.org:443 ssl:default [Multiple exceptions: [WinError 121] Превышен таймаут семафора, [WinError 1231] Сетевая папка недоступна. За информацией о разрешении проблем в сети обратитесь к справочной системе Windows]
2026-07-23 21:44:56,217 [WARNING] aiogram.dispatcher: Sleep for 4.886285 seconds and try again... (tryings = 19, bot id = 8974386075)
2026-07-23 21:45:22,108 [ERROR] aiogram.dispatcher: Failed to fetch updates - TelegramNetworkError: HTTP Client says - ClientConnectorError: Cannot connect to host api.telegram.org:443 ssl:default [Multiple exceptions: [WinError 1231] Сетевая папка недоступна. За информацией о разрешении проблем в сети обратитесь к справочной системе Windows, [WinError 121] Превышен таймаут семафора]
2026-07-23 21:45:22,108 [WARNING] aiogram.dispatcher: Sleep for 4.843300 seconds and try again... (tryings = 20, bot id = 8974386075)
2026-07-23 21:45:47,958 [ERROR] aiogram.dispatcher: Failed to fetch updates - TelegramNetworkError: HTTP Client says - ClientConnectorError: Cannot connect to host api.telegram.org:443 ssl:default [Multiple exceptions: [WinError 121] Превышен таймаут семафора, [WinError 1231] Сетевая папка недоступна. За информацией о разрешении проблем в сети обратитесь к справочной системе Windows]
2026-07-23 21:45:47,960 [WARNING] aiogram.dispatcher: Sleep for 4.839662 seconds and try again... (tryings = 21, bot id = 8974386075)
2026-07-23 21:46:13,807 [ERROR] aiogram.dispatcher: Failed to fetch updates - TelegramNetworkError: HTTP Client says - ClientConnectorError: Cannot connect to host api.telegram.org:443 ssl:default [Multiple exceptions: [WinError 1231] Сетевая папка недоступна. За информацией о разрешении проблем в сети обратитесь к справочной системе Windows, [WinError 121] Превышен таймаут семафора]
2026-07-23 21:46:13,807 [WARNING] aiogram.dispatcher: Sleep for 4.995919 seconds and try again... (tryings = 22, bot id = 8974386075)
2026-07-23 21:46:39,810 [ERROR] aiogram.dispatcher: Failed to fetch updates - TelegramNetworkError: HTTP Client says - ClientConnectorError: Cannot connect to host api.telegram.org:443 ssl:default [Multiple exceptions: [WinError 121] Превышен таймаут семафора, [WinError 1231] Сетевая папка недоступна. За информацией о разрешении проблем в сети обратитесь к справочной системе Windows]
2026-07-23 21:46:39,810 [WARNING] aiogram.dispatcher: Sleep for 4.847264 seconds and try again... (tryings = 23, bot id = 8974386075)
2026-07-23 21:47:05,661 [ERROR] aiogram.dispatcher: Failed to fetch updates - TelegramNetworkError: HTTP Client says - ClientConnectorError: Cannot connect to host api.telegram.org:443 ssl:default [Multiple exceptions: [WinError 1231] Сетевая папка недоступна. За информацией о разрешении проблем в сети обратитесь к справочной системе Windows, [WinError 121] Превышен таймаут семафора]
2026-07-23 21:47:05,661 [WARNING] aiogram.dispatcher: Sleep for 5.028335 seconds and try again... (tryings = 24, bot id = 8974386075)
2026-07-23 21:47:31,694 [ERROR] aiogram.dispatcher: Failed to fetch updates - TelegramNetworkError: HTTP Client says - ClientConnectorError: Cannot connect to host api.telegram.org:443 ssl:default [Multiple exceptions: [WinError 121] Превышен таймаут семафора, [WinError 1231] Сетевая папка недоступна. За информацией о разрешении проблем в сети обратитесь к справочной системе Windows]
2026-07-23 21:47:31,694 [WARNING] aiogram.dispatcher: Sleep for 4.889505 seconds and try again... (tryings = 25, bot id = 8974386075)
2026-07-23 21:47:57,589 [ERROR] aiogram.dispatcher: Failed to fetch updates - TelegramNetworkError: HTTP Client says - ClientConnectorError: Cannot connect to host api.telegram.org:443 ssl:default [Multiple exceptions: [WinError 1231] Сетевая папка недоступна. За информацией о разрешении проблем в сети обратитесь к справочной системе Windows, [WinError 121] Превышен таймаут семафора]
2026-07-23 21:47:57,589 [WARNING] aiogram.dispatcher: Sleep for 5.006197 seconds and try again... (tryings = 26, bot id = 8974386075)
2026-07-23 21:48:23,598 [ERROR] aiogram.dispatcher: Failed to fetch updates - TelegramNetworkError: HTTP Client says - ClientConnectorError: Cannot connect to host api.telegram.org:443 ssl:default [Multiple exceptions: [WinError 121] Превышен таймаут семафора, [WinError 1231] Сетевая папка недоступна. За информацией о разрешении проблем в сети обратитесь к справочной системе Windows]
2026-07-23 21:48:23,599 [WARNING] aiogram.dispatcher: Sleep for 4.918417 seconds and try again... (tryings = 27, bot id = 8974386075)
2026-07-23 21:48:49,521 [ERROR] aiogram.dispatcher: Failed to fetch updates - TelegramNetworkError: HTTP Client says - ClientConnectorError: Cannot connect to host api.telegram.org:443 ssl:default [Multiple exceptions: [WinError 1231] Сетевая папка недоступна. За информацией о разрешении проблем в сети обратитесь к справочной системе Windows, [WinError 121] Превышен таймаут семафора]
2026-07-23 21:48:49,521 [WARNING] aiogram.dispatcher: Sleep for 4.862848 seconds and try again... (tryings = 28, bot id = 8974386075)
2026-07-23 21:49:15,387 [ERROR] aiogram.dispatcher: Failed to fetch updates - TelegramNetworkError: HTTP Client says - ClientConnectorError: Cannot connect to host api.telegram.org:443 ssl:default [Multiple exceptions: [WinError 121] Превышен таймаут семафора, [WinError 1231] Сетевая папка недоступна. За информацией о разрешении проблем в сети обратитесь к справочной системе Windows]
2026-07-23 21:49:15,387 [WARNING] aiogram.dispatcher: Sleep for 5.176508 seconds and try again... (tryings = 29, bot id = 8974386075)
2026-07-23 21:49:41,568 [ERROR] aiogram.dispatcher: Failed to fetch updates - TelegramNetworkError: HTTP Client says - ClientConnectorError: Cannot connect to host api.telegram.org:443 ssl:default [Multiple exceptions: [WinError 1231] Сетевая папка недоступна. За информацией о разрешении проблем в сети обратитесь к справочной системе Windows, [WinError 121] Превышен таймаут семафора]
2026-07-23 21:49:41,568 [WARNING] aiogram.dispatcher: Sleep for 4.988584 seconds and try again... (tryings = 30, bot id = 8974386075)
2026-07-23 21:50:07,561 [ERROR] aiogram.dispatcher: Failed to fetch updates - TelegramNetworkError: HTTP Client says - ClientConnectorError: Cannot connect to host api.telegram.org:443 ssl:default [Multiple exceptions: [WinError 121] Превышен таймаут семафора, [WinError 1231] Сетевая папка недоступна. За информацией о разрешении проблем в сети обратитесь к справочной системе Windows]
2026-07-23 21:50:07,561 [WARNING] aiogram.dispatcher: Sleep for 4.991816 seconds and try again... (tryings = 31, bot id = 8974386075)
2026-07-23 21:50:33,559 [ERROR] aiogram.dispatcher: Failed to fetch updates - TelegramNetworkError: HTTP Client says - ClientConnectorError: Cannot connect to host api.telegram.org:443 ssl:default [Multiple exceptions: [WinError 1231] Сетевая папка недоступна. За информацией о разрешении проблем в сети обратитесь к справочной системе Windows, [WinError 121] Превышен таймаут семафора]
2026-07-23 21:50:33,559 [WARNING] aiogram.dispatcher: Sleep for 4.980459 seconds and try again... (tryings = 32, bot id = 8974386075)
2026-07-23 21:50:59,542 [ERROR] aiogram.dispatcher: Failed to fetch updates - TelegramNetworkError: HTTP Client says - ClientConnectorError: Cannot connect to host api.telegram.org:443 ssl:default [Multiple exceptions: [WinError 121] Превышен таймаут семафора, [WinError 1231] Сетевая папка недоступна. За информацией о разрешении проблем в сети обратитесь к справочной системе Windows]
2026-07-23 21:50:59,542 [WARNING] aiogram.dispatcher: Sleep for 5.009308 seconds and try again... (tryings = 33, bot id = 8974386075)
2026-07-23 21:51:25,558 [ERROR] aiogram.dispatcher: Failed to fetch updates - TelegramNetworkError: HTTP Client says - ClientConnectorError: Cannot connect to host api.telegram.org:443 ssl:default [Multiple exceptions: [WinError 1231] Сетевая папка недоступна. За информацией о разрешении проблем в сети обратитесь к справочной системе Windows, [WinError 121] Превышен таймаут семафора]
2026-07-23 21:51:25,558 [WARNING] aiogram.dispatcher: Sleep for 4.824534 seconds and try again... (tryings = 34, bot id = 8974386075)
2026-07-23 21:51:51,385 [ERROR] aiogram.dispatcher: Failed to fetch updates - TelegramNetworkError: HTTP Client says - ClientConnectorError: Cannot connect to host api.telegram.org:443 ssl:default [Multiple exceptions: [WinError 121] Превышен таймаут семафора, [WinError 1231] Сетевая папка недоступна. За информацией о разрешении проблем в сети обратитесь к справочной системе Windows]
2026-07-23 21:51:51,385 [WARNING] aiogram.dispatcher: Sleep for 4.933074 seconds and try again... (tryings = 35, bot id = 8974386075)
2026-07-23 21:52:17,323 [ERROR] aiogram.dispatcher: Failed to fetch updates - TelegramNetworkError: HTTP Client says - ClientConnectorError: Cannot connect to host api.telegram.org:443 ssl:default [Multiple exceptions: [WinError 1231] Сетевая папка недоступна. За информацией о разрешении проблем в сети обратитесь к справочной системе Windows, [WinError 121] Превышен таймаут семафора]
2026-07-23 21:52:17,324 [WARNING] aiogram.dispatcher: Sleep for 4.920359 seconds and try again... (tryings = 36, bot id = 8974386075)
2026-07-23 21:52:43,249 [ERROR] aiogram.dispatcher: Failed to fetch updates - TelegramNetworkError: HTTP Client says - ClientConnectorError: Cannot connect to host api.telegram.org:443 ssl:default [Multiple exceptions: [WinError 121] Превышен таймаут семафора, [WinError 1231] Сетевая папка недоступна. За информацией о разрешении проблем в сети обратитесь к справочной системе Windows]
2026-07-23 21:52:43,249 [WARNING] aiogram.dispatcher: Sleep for 5.026535 seconds and try again... (tryings = 37, bot id = 8974386075)
2026-07-23 21:53:09,279 [ERROR] aiogram.dispatcher: Failed to fetch updates - TelegramNetworkError: HTTP Client says - ClientConnectorError: Cannot connect to host api.telegram.org:443 ssl:default [Multiple exceptions: [WinError 1231] Сетевая папка недоступна. За информацией о разрешении проблем в сети обратитесь к справочной системе Windows, [WinError 121] Превышен таймаут семафора]
2026-07-23 21:53:09,280 [WARNING] aiogram.dispatcher: Sleep for 5.005639 seconds and try again... (tryings = 38, bot id = 8974386075)
2026-07-23 21:53:35,291 [ERROR] aiogram.dispatcher: Failed to fetch updates - TelegramNetworkError: HTTP Client says - ClientConnectorError: Cannot connect to host api.telegram.org:443 ssl:default [Multiple exceptions: [WinError 121] Превышен таймаут семафора, [WinError 1231] Сетевая папка недоступна. За информацией о разрешении проблем в сети обратитесь к справочной системе Windows]
2026-07-23 21:53:35,291 [WARNING] aiogram.dispatcher: Sleep for 4.702025 seconds and try again... (tryings = 39, bot id = 8974386075)
2026-07-23 21:54:00,997 [ERROR] aiogram.dispatcher: Failed to fetch updates - TelegramNetworkError: HTTP Client says - ClientConnectorError: Cannot connect to host api.telegram.org:443 ssl:default [Multiple exceptions: [WinError 1231] Сетевая папка недоступна. За информацией о разрешении проблем в сети обратитесь к справочной системе Windows, [WinError 121] Превышен таймаут семафора]
2026-07-23 21:54:00,997 [WARNING] aiogram.dispatcher: Sleep for 4.899856 seconds and try again... (tryings = 40, bot id = 8974386075)
2026-07-23 21:54:26,902 [ERROR] aiogram.dispatcher: Failed to fetch updates - TelegramNetworkError: HTTP Client says - ClientConnectorError: Cannot connect to host api.telegram.org:443 ssl:default [Multiple exceptions: [WinError 121] Превышен таймаут семафора, [WinError 1231] Сетевая папка недоступна. За информацией о разрешении проблем в сети обратитесь к справочной системе Windows]
2026-07-23 21:54:26,902 [WARNING] aiogram.dispatcher: Sleep for 4.939140 seconds and try again... (tryings = 41, bot id = 8974386075)
2026-07-23 21:54:52,847 [ERROR] aiogram.dispatcher: Failed to fetch updates - TelegramNetworkError: HTTP Client says - ClientConnectorError: Cannot connect to host api.telegram.org:443 ssl:default [Multiple exceptions: [WinError 1231] Сетевая папка недоступна. За информацией о разрешении проблем в сети обратитесь к справочной системе Windows, [WinError 121] Превышен таймаут семафора]
2026-07-23 21:54:52,848 [WARNING] aiogram.dispatcher: Sleep for 5.058003 seconds and try again... (tryings = 42, bot id = 8974386075)
2026-07-23 21:55:18,910 [ERROR] aiogram.dispatcher: Failed to fetch updates - TelegramNetworkError: HTTP Client says - ClientConnectorError: Cannot connect to host api.telegram.org:443 ssl:default [Multiple exceptions: [WinError 121] Превышен таймаут семафора, [WinError 1231] Сетевая папка недоступна. За информацией о разрешении проблем в сети обратитесь к справочной системе Windows]
2026-07-23 21:55:18,910 [WARNING] aiogram.dispatcher: Sleep for 5.007544 seconds and try again... (tryings = 43, bot id = 8974386075)
2026-07-23 21:55:44,921 [ERROR] aiogram.dispatcher: Failed to fetch updates - TelegramNetworkError: HTTP Client says - ClientConnectorError: Cannot connect to host api.telegram.org:443 ssl:default [Multiple exceptions: [WinError 1231] Сетевая папка недоступна. За информацией о разрешении проблем в сети обратитесь к справочной системе Windows, [WinError 121] Превышен таймаут семафора]
2026-07-23 21:55:44,921 [WARNING] aiogram.dispatcher: Sleep for 5.049166 seconds and try again... (tryings = 44, bot id = 8974386075)
2026-07-23 21:56:10,977 [ERROR] aiogram.dispatcher: Failed to fetch updates - TelegramNetworkError: HTTP Client says - ClientConnectorError: Cannot connect to host api.telegram.org:443 ssl:default [Multiple exceptions: [WinError 121] Превышен таймаут семафора, [WinError 1231] Сетевая папка недоступна. За информацией о разрешении проблем в сети обратитесь к справочной системе Windows]
2026-07-23 21:56:10,978 [WARNING] aiogram.dispatcher: Sleep for 5.089674 seconds and try again... (tryings = 45, bot id = 8974386075)
2026-07-23 21:56:37,071 [ERROR] aiogram.dispatcher: Failed to fetch updates - TelegramNetworkError: HTTP Client says - ClientConnectorError: Cannot connect to host api.telegram.org:443 ssl:default [Multiple exceptions: [WinError 1231] Сетевая папка недоступна. За информацией о разрешении проблем в сети обратитесь к справочной системе Windows, [WinError 121] Превышен таймаут семафора]
2026-07-23 21:56:37,072 [WARNING] aiogram.dispatcher: Sleep for 5.081030 seconds and try again... (tryings = 46, bot id = 8974386075)
2026-07-23 21:57:03,157 [ERROR] aiogram.dispatcher: Failed to fetch updates - TelegramNetworkError: HTTP Client says - ClientConnectorError: Cannot connect to host api.telegram.org:443 ssl:default [Multiple exceptions: [WinError 121] Превышен таймаут семафора, [WinError 1231] Сетевая папка недоступна. За информацией о разрешении проблем в сети обратитесь к справочной системе Windows]
2026-07-23 21:57:03,157 [WARNING] aiogram.dispatcher: Sleep for 4.995830 seconds and try again... (tryings = 47, bot id = 8974386075)
2026-07-23 21:57:29,157 [ERROR] aiogram.dispatcher: Failed to fetch updates - TelegramNetworkError: HTTP Client says - ClientConnectorError: Cannot connect to host api.telegram.org:443 ssl:default [Multiple exceptions: [WinError 1231] Сетевая папка недоступна. За информацией о разрешении проблем в сети обратитесь к справочной системе Windows, [WinError 121] Превышен таймаут семафора]
2026-07-23 21:57:29,158 [WARNING] aiogram.dispatcher: Sleep for 4.884873 seconds and try again... (tryings = 48, bot id = 8974386075)
2026-07-23 21:57:55,048 [ERROR] aiogram.dispatcher: Failed to fetch updates - TelegramNetworkError: HTTP Client says - ClientConnectorError: Cannot connect to host api.telegram.org:443 ssl:default [Multiple exceptions: [WinError 121] Превышен таймаут семафора, [WinError 1231] Сетевая папка недоступна. За информацией о разрешении проблем в сети обратитесь к справочной системе Windows]
2026-07-23 21:57:55,048 [WARNING] aiogram.dispatcher: Sleep for 4.917567 seconds and try again... (tryings = 49, bot id = 8974386075)
2026-07-23 21:58:20,968 [ERROR] aiogram.dispatcher: Failed to fetch updates - TelegramNetworkError: HTTP Client says - ClientConnectorError: Cannot connect to host api.telegram.org:443 ssl:default [Multiple exceptions: [WinError 1231] Сетевая папка недоступна. За информацией о разрешении проблем в сети обратитесь к справочной системе Windows, [WinError 121] Превышен таймаут семафора]
2026-07-23 21:58:20,969 [WARNING] aiogram.dispatcher: Sleep for 5.020221 seconds and try again... (tryings = 50, bot id = 8974386075)
2026-07-23 21:58:46,995 [ERROR] aiogram.dispatcher: Failed to fetch updates - TelegramNetworkError: HTTP Client says - ClientConnectorError: Cannot connect to host api.telegram.org:443 ssl:default [Multiple exceptions: [WinError 121] Превышен таймаут семафора, [WinError 1231] Сетевая папка недоступна. За информацией о разрешении проблем в сети обратитесь к справочной системе Windows]
2026-07-23 21:58:46,995 [WARNING] aiogram.dispatcher: Sleep for 4.952378 seconds and try again... (tryings = 51, bot id = 8974386075)
2026-07-23 21:59:12,949 [ERROR] aiogram.dispatcher: Failed to fetch updates - TelegramNetworkError: HTTP Client says - ClientConnectorError: Cannot connect to host api.telegram.org:443 ssl:default [Multiple exceptions: [WinError 1231] Сетевая папка недоступна. За информацией о разрешении проблем в сети обратитесь к справочной системе Windows, [WinError 121] Превышен таймаут семафора]
2026-07-23 21:59:12,950 [WARNING] aiogram.dispatcher: Sleep for 4.887557 seconds and try again... (tryings = 52, bot id = 8974386075)
2026-07-23 21:59:38,840 [ERROR] aiogram.dispatcher: Failed to fetch updates - TelegramNetworkError: HTTP Client says - ClientConnectorError: Cannot connect to host api.telegram.org:443 ssl:default [Multiple exceptions: [WinError 121] Превышен таймаут семафора, [WinError 1231] Сетевая папка недоступна. За информацией о разрешении проблем в сети обратитесь к справочной системе Windows]
2026-07-23 21:59:38,841 [WARNING] aiogram.dispatcher: Sleep for 4.976335 seconds and try again... (tryings = 53, bot id = 8974386075)
2026-07-23 22:00:04,823 [ERROR] aiogram.dispatcher: Failed to fetch updates - TelegramNetworkError: HTTP Client says - ClientConnectorError: Cannot connect to host api.telegram.org:443 ssl:default [Multiple exceptions: [WinError 1231] Сетевая папка недоступна. За информацией о разрешении проблем в сети обратитесь к справочной системе Windows, [WinError 121] Превышен таймаут семафора]
2026-07-23 22:00:04,823 [WARNING] aiogram.dispatcher: Sleep for 4.970244 seconds and try again... (tryings = 54, bot id = 8974386075)
2026-07-23 22:00:30,798 [ERROR] aiogram.dispatcher: Failed to fetch updates - TelegramNetworkError: HTTP Client says - ClientConnectorError: Cannot connect to host api.telegram.org:443 ssl:default [Multiple exceptions: [WinError 121] Превышен таймаут семафора, [WinError 1231] Сетевая папка недоступна. За информацией о разрешении проблем в сети обратитесь к справочной системе Windows]
2026-07-23 22:00:30,799 [WARNING] aiogram.dispatcher: Sleep for 4.974216 seconds and try again... (tryings = 55, bot id = 8974386075)
2026-07-23 22:00:56,778 [ERROR] aiogram.dispatcher: Failed to fetch updates - TelegramNetworkError: HTTP Client says - ClientConnectorError: Cannot connect to host api.telegram.org:443 ssl:default [Multiple exceptions: [WinError 1231] Сетевая папка недоступна. За информацией о разрешении проблем в сети обратитесь к справочной системе Windows, [WinError 121] Превышен таймаут семафора]
2026-07-23 22:00:56,778 [WARNING] aiogram.dispatcher: Sleep for 5.230763 seconds and try again... (tryings = 56, bot id = 8974386075)
2026-07-23 22:01:23,013 [ERROR] aiogram.dispatcher: Failed to fetch updates - TelegramNetworkError: HTTP Client says - ClientConnectorError: Cannot connect to host api.telegram.org:443 ssl:default [Multiple exceptions: [WinError 121] Превышен таймаут семафора, [WinError 1231] Сетевая папка недоступна. За информацией о разрешении проблем в сети обратитесь к справочной системе Windows]
2026-07-23 22:01:23,013 [WARNING] aiogram.dispatcher: Sleep for 5.000491 seconds and try again... (tryings = 57, bot id = 8974386075)
2026-07-23 22:01:49,021 [ERROR] aiogram.dispatcher: Failed to fetch updates - TelegramNetworkError: HTTP Client says - ClientConnectorError: Cannot connect to host api.telegram.org:443 ssl:default [Multiple exceptions: [WinError 1231] Сетевая папка недоступна. За информацией о разрешении проблем в сети обратитесь к справочной системе Windows, [WinError 121] Превышен таймаут семафора]
2026-07-23 22:01:49,022 [WARNING] aiogram.dispatcher: Sleep for 4.946592 seconds and try again... (tryings = 58, bot id = 8974386075)
2026-07-23 22:02:14,971 [ERROR] aiogram.dispatcher: Failed to fetch updates - TelegramNetworkError: HTTP Client says - ClientConnectorError: Cannot connect to host api.telegram.org:443 ssl:default [Multiple exceptions: [WinError 121] Превышен таймаут семафора, [WinError 1231] Сетевая папка недоступна. За информацией о разрешении проблем в сети обратитесь к справочной системе Windows]
2026-07-23 22:02:14,972 [WARNING] aiogram.dispatcher: Sleep for 5.036053 seconds and try again... (tryings = 59, bot id = 8974386075)
2026-07-23 22:02:41,012 [ERROR] aiogram.dispatcher: Failed to fetch updates - TelegramNetworkError: HTTP Client says - ClientConnectorError: Cannot connect to host api.telegram.org:443 ssl:default [Multiple exceptions: [WinError 1231] Сетевая папка недоступна. За информацией о разрешении проблем в сети обратитесь к справочной системе Windows, [WinError 121] Превышен таймаут семафора]
2026-07-23 22:02:41,013 [WARNING] aiogram.dispatcher: Sleep for 5.094247 seconds and try again... (tryings = 60, bot id = 8974386075)
2026-07-23 22:03:07,111 [ERROR] aiogram.dispatcher: Failed to fetch updates - TelegramNetworkError: HTTP Client says - ClientConnectorError: Cannot connect to host api.telegram.org:443 ssl:default [Multiple exceptions: [WinError 121] Превышен таймаут семафора, [WinError 1231] Сетевая папка недоступна. За информацией о разрешении проблем в сети обратитесь к справочной системе Windows]
2026-07-23 22:03:07,111 [WARNING] aiogram.dispatcher: Sleep for 5.163762 seconds and try again... (tryings = 61, bot id = 8974386075)
2026-07-23 22:03:33,281 [ERROR] aiogram.dispatcher: Failed to fetch updates - TelegramNetworkError: HTTP Client says - ClientConnectorError: Cannot connect to host api.telegram.org:443 ssl:default [Multiple exceptions: [WinError 1231] Сетевая папка недоступна. За информацией о разрешении проблем в сети обратитесь к справочной системе Windows, [WinError 121] Превышен таймаут семафора]
2026-07-23 22:03:33,281 [WARNING] aiogram.dispatcher: Sleep for 4.832203 seconds and try again... (tryings = 62, bot id = 8974386075)
2026-07-23 22:03:59,117 [ERROR] aiogram.dispatcher: Failed to fetch updates - TelegramNetworkError: HTTP Client says - ClientConnectorError: Cannot connect to host api.telegram.org:443 ssl:default [Multiple exceptions: [WinError 121] Превышен таймаут семафора, [WinError 1231] Сетевая папка недоступна. За информацией о разрешении проблем в сети обратитесь к справочной системе Windows]
2026-07-23 22:03:59,119 [WARNING] aiogram.dispatcher: Sleep for 5.090226 seconds and try again... (tryings = 63, bot id = 8974386075)
2026-07-23 22:04:25,214 [ERROR] aiogram.dispatcher: Failed to fetch updates - TelegramNetworkError: HTTP Client says - ClientConnectorError: Cannot connect to host api.telegram.org:443 ssl:default [Multiple exceptions: [WinError 1231] Сетевая папка недоступна. За информацией о разрешении проблем в сети обратитесь к справочной системе Windows, [WinError 121] Превышен таймаут семафора]
2026-07-23 22:04:25,214 [WARNING] aiogram.dispatcher: Sleep for 5.035506 seconds and try again... (tryings = 64, bot id = 8974386075)
2026-07-23 22:04:51,255 [ERROR] aiogram.dispatcher: Failed to fetch updates - TelegramNetworkError: HTTP Client says - ClientConnectorError: Cannot connect to host api.telegram.org:443 ssl:default [Multiple exceptions: [WinError 121] Превышен таймаут семафора, [WinError 1231] Сетевая папка недоступна. За информацией о разрешении проблем в сети обратитесь к справочной системе Windows]
2026-07-23 22:04:51,255 [WARNING] aiogram.dispatcher: Sleep for 5.017031 seconds and try again... (tryings = 65, bot id = 8974386075)
2026-07-23 22:05:17,279 [ERROR] aiogram.dispatcher: Failed to fetch updates - TelegramNetworkError: HTTP Client says - ClientConnectorError: Cannot connect to host api.telegram.org:443 ssl:default [Multiple exceptions: [WinError 1231] Сетевая папка недоступна. За информацией о разрешении проблем в сети обратитесь к справочной системе Windows, [WinError 121] Превышен таймаут семафора]
2026-07-23 22:05:17,279 [WARNING] aiogram.dispatcher: Sleep for 4.927341 seconds and try again... (tryings = 66, bot id = 8974386075)
2026-07-23 22:05:43,211 [ERROR] aiogram.dispatcher: Failed to fetch updates - TelegramNetworkError: HTTP Client says - ClientConnectorError: Cannot connect to host api.telegram.org:443 ssl:default [Multiple exceptions: [WinError 121] Превышен таймаут семафора, [WinError 1231] Сетевая папка недоступна. За информацией о разрешении проблем в сети обратитесь к справочной системе Windows]
2026-07-23 22:05:43,211 [WARNING] aiogram.dispatcher: Sleep for 4.911776 seconds and try again... (tryings = 67, bot id = 8974386075)
2026-07-23 22:06:09,127 [ERROR] aiogram.dispatcher: Failed to fetch updates - TelegramNetworkError: HTTP Client says - ClientConnectorError: Cannot connect to host api.telegram.org:443 ssl:default [Multiple exceptions: [WinError 1231] Сетевая папка недоступна. За информацией о разрешении проблем в сети обратитесь к справочной системе Windows, [WinError 121] Превышен таймаут семафора]
2026-07-23 22:06:09,127 [WARNING] aiogram.dispatcher: Sleep for 4.903801 seconds and try again... (tryings = 68, bot id = 8974386075)
2026-07-23 22:06:14,463 [INFO] aiogram.dispatcher: Connection established (tryings = 69, bot id = 8974386075)
2026-07-23 22:06:14,465 [INFO] aiogram.event: Update id=82034309 is not handled. Duration 1 ms by bot id=8974386075
2026-07-23 22:46:30,955 [INFO] aiogram.event: Update id=82034310 is handled. Duration 656 ms by bot id=8974386075
2026-07-23 22:55:44,618 [INFO] aiogram.event: Update id=82034311 is handled. Duration 199 ms by bot id=8974386075
2026-07-23 22:55:45,652 [INFO] aiogram.event: Update id=82034312 is handled. Duration 202 ms by bot id=8974386075
2026-07-23 22:55:48,287 [INFO] aiogram.event: Update id=82034313 is handled. Duration 120 ms by bot id=8974386075
2026-07-23 22:56:16,407 [INFO] aiogram.event: Update id=82034314 is handled. Duration 131 ms by bot id=8974386075
2026-07-23 22:56:25,098 [INFO] aiogram.event: Update id=82034315 is handled. Duration 764 ms by bot id=8974386075
2026-07-23 22:56:29,346 [INFO] aiogram.event: Update id=82034316 is handled. Duration 592 ms by bot id=8974386075
2026-07-23 23:01:38,949 [INFO] aiogram.event: Update id=82034317 is handled. Duration 203 ms by bot id=8974386075
2026-07-23 23:01:40,620 [INFO] aiogram.event: Update id=82034318 is handled. Duration 205 ms by bot id=8974386075
2026-07-23 23:01:43,103 [INFO] aiogram.event: Update id=82034319 is handled. Duration 269 ms by bot id=8974386075
2026-07-23 23:01:49,320 [INFO] aiogram.event: Update id=82034320 is handled. Duration 334 ms by bot id=8974386075
2026-07-23 23:01:50,921 [INFO] aiogram.event: Update id=82034321 is handled. Duration 200 ms by bot id=8974386075
2026-07-23 23:15:22,607 [INFO] aiogram.event: Update id=82034322 is handled. Duration 1176 ms by bot id=8974386075
2026-07-23 23:44:54,993 [INFO] aiogram.dispatcher: Polling stopped
2026-07-23 23:44:54,994 [ERROR] aiogram.dispatcher: Failed to fetch updates - TelegramNetworkError: HTTP Client says - ServerDisconnectedError: Server disconnected
2026-07-23 23:44:54,995 [WARNING] aiogram.dispatcher: Sleep for 1.000000 seconds and try again... (tryings = 0, bot id = 8974386075)
2026-07-23 23:44:55,248 [INFO] aiogram.dispatcher: Polling stopped for bot @vpnjempobot id=8974386075 - 'JempoVPN'
2026-07-23 23:48:37,790 [INFO] root: Инициализация проекта...
2026-07-23 23:48:37,792 [INFO] root: База данных инициализирована.
2026-07-23 23:48:38,288 [INFO] root: Бот успешно запущен!
2026-07-23 23:48:38,288 [INFO] aiogram.dispatcher: Start polling
2026-07-23 23:48:38,368 [INFO] aiogram.dispatcher: Run polling for bot @vpnjempobot id=8974386075 - 'JempoVPN'
2026-07-23 23:48:42,044 [INFO] aiogram.event: Update id=82034325 is handled. Duration 109 ms by bot id=8974386075
2026-07-23 23:48:44,082 [INFO] aiogram.event: Update id=82034326 is handled. Duration 190 ms by bot id=8974386075
2026-07-23 23:48:45,439 [INFO] aiogram.event: Update id=82034327 is handled. Duration 194 ms by bot id=8974386075
2026-07-23 23:48:47,996 [INFO] aiogram.event: Update id=82034328 is handled. Duration 486 ms by bot id=8974386075
2026-07-23 23:48:48,975 [INFO] aiogram.event: Update id=82034329 is handled. Duration 192 ms by bot id=8974386075
2026-07-23 23:48:49,713 [INFO] aiogram.event: Update id=82034330 is handled. Duration 187 ms by bot id=8974386075
2026-07-23 23:48:51,358 [INFO] aiogram.event: Update id=82034331 is handled. Duration 195 ms by bot id=8974386075
2026-07-23 23:48:52,951 [INFO] aiogram.event: Update id=82034332 is handled. Duration 212 ms by bot id=8974386075
2026-07-23 23:48:53,977 [INFO] aiogram.event: Update id=82034333 is handled. Duration 197 ms by bot id=8974386075
2026-07-23 23:48:55,634 [INFO] aiogram.event: Update id=82034334 is handled. Duration 190 ms by bot id=8974386075
2026-07-23 23:48:57,206 [INFO] aiogram.event: Update id=82034335 is handled. Duration 202 ms by bot id=8974386075
2026-07-23 23:48:58,259 [INFO] aiogram.event: Update id=82034336 is handled. Duration 192 ms by bot id=8974386075
2026-07-23 23:48:58,966 [INFO] aiogram.event: Update id=82034337 is not handled. Duration 3 ms by bot id=8974386075
2026-07-23 23:48:58,974 [ERROR] aiogram.event: Cause exception while process update id=82034337 by bot id=8974386075
ModuleNotFoundError: No module named 'bot.utils.xxy'
Traceback (most recent call last):
  File "C:\Users\dzemi\AppData\Local\Python\pythoncore-3.14-64\Lib\site-packages\aiogram\dispatcher\dispatcher.py", line 320, in _process_update
    response = await self.feed_update(bot, update, **kwargs)
               ^^^^^^^^^^^^^^^^^^^^^^^^^^^^^^^^^^^^^^^^^^^^^
  File "C:\Users\dzemi\AppData\Local\Python\pythoncore-3.14-64\Lib\site-packages\aiogram\dispatcher\dispatcher.py", line 164, in feed_update
    response = await self.update.wrap_outer_middleware(
               ^^^^^^^^^^^^^^^^^^^^^^^^^^^^^^^^^^^^^^^^
    ...<7 lines>...
    )
    ^
  File "C:\Users\dzemi\AppData\Local\Python\pythoncore-3.14-64\Lib\site-packages\aiogram\dispatcher\middlewares\error.py", line 27, in __call__
    return await handler(event, data)
           ^^^^^^^^^^^^^^^^^^^^^^^^^^
  File "C:\Users\dzemi\AppData\Local\Python\pythoncore-3.14-64\Lib\site-packages\aiogram\dispatcher\middlewares\user_context.py", line 58, in __call__
    return await handler(event, data)
           ^^^^^^^^^^^^^^^^^^^^^^^^^^
  File "C:\Users\dzemi\AppData\Local\Python\pythoncore-3.14-64\Lib\site-packages\aiogram\fsm\middleware.py", line 43, in __call__
    return await handler(event, data)
           ^^^^^^^^^^^^^^^^^^^^^^^^^^
  File "C:\Users\dzemi\AppData\Local\Python\pythoncore-3.14-64\Lib\site-packages\aiogram\dispatcher\event\telegram.py", line 126, in trigger
    return await wrapped_inner(event, kwargs)
           ^^^^^^^^^^^^^^^^^^^^^^^^^^^^^^^^^^
  File "C:\Users\dzemi\AppData\Local\Python\pythoncore-3.14-64\Lib\site-packages\aiogram\dispatcher\event\handler.py", line 71, in call
    return await wrapped()
           ^^^^^^^^^^^^^^^
  File "C:\Users\dzemi\AppData\Local\Python\pythoncore-3.14-64\Lib\site-packages\aiogram\dispatcher\dispatcher.py", line 283, in _listen_update
    return await self.propagate_event(update_type=update_type, event=event, **kwargs)
           ^^^^^^^^^^^^^^^^^^^^^^^^^^^^^^^^^^^^^^^^^^^^^^^^^^^^^^^^^^^^^^^^^^^^^^^^^^
  File "C:\Users\dzemi\AppData\Local\Python\pythoncore-3.14-64\Lib\site-packages\aiogram\dispatcher\router.py", line 167, in propagate_event
    return await observer.wrap_outer_middleware(_wrapped, event=event, data=kwargs)
           ^^^^^^^^^^^^^^^^^^^^^^^^^^^^^^^^^^^^^^^^^^^^^^^^^^^^^^^^^^^^^^^^^^^^^^^^
  File "C:\Users\dzemi\AppData\Local\Python\pythoncore-3.14-64\Lib\site-packages\aiogram\dispatcher\router.py", line 159, in _wrapped
    return await self._propagate_event(
           ^^^^^^^^^^^^^^^^^^^^^^^^^^^^
    ...<4 lines>...
    )
    ^
  File "C:\Users\dzemi\AppData\Local\Python\pythoncore-3.14-64\Lib\site-packages\aiogram\dispatcher\router.py", line 195, in _propagate_event
    response = await router.propagate_event(update_type=update_type, event=event, **kwargs)
               ^^^^^^^^^^^^^^^^^^^^^^^^^^^^^^^^^^^^^^^^^^^^^^^^^^^^^^^^^^^^^^^^^^^^^^^^^^^^
  File "C:\Users\dzemi\AppData\Local\Python\pythoncore-3.14-64\Lib\site-packages\aiogram\dispatcher\router.py", line 167, in propagate_event
    return await observer.wrap_outer_middleware(_wrapped, event=event, data=kwargs)
           ^^^^^^^^^^^^^^^^^^^^^^^^^^^^^^^^^^^^^^^^^^^^^^^^^^^^^^^^^^^^^^^^^^^^^^^^
  File "C:\Users\dzemi\AppData\Local\Python\pythoncore-3.14-64\Lib\site-packages\aiogram\dispatcher\router.py", line 159, in _wrapped
    return await self._propagate_event(
           ^^^^^^^^^^^^^^^^^^^^^^^^^^^^
    ...<4 lines>...
    )
    ^
  File "C:\Users\dzemi\AppData\Local\Python\pythoncore-3.14-64\Lib\site-packages\aiogram\dispatcher\router.py", line 187, in _propagate_event
    response = await observer.trigger(event, **kwargs)
               ^^^^^^^^^^^^^^^^^^^^^^^^^^^^^^^^^^^^^^^
  File "C:\Users\dzemi\AppData\Local\Python\pythoncore-3.14-64\Lib\site-packages\aiogram\dispatcher\event\telegram.py", line 126, in trigger
    return await wrapped_inner(event, kwargs)
           ^^^^^^^^^^^^^^^^^^^^^^^^^^^^^^^^^^
  File "C:\Users\dzemi\OneDrive\Desktop\VPN_BOT\bot\middlewares\throttling.py", line 28, in __call__
    return await handler(event, data)
           ^^^^^^^^^^^^^^^^^^^^^^^^^^
  File "C:\Users\dzemi\AppData\Local\Python\pythoncore-3.14-64\Lib\site-packages\aiogram\dispatcher\event\handler.py", line 71, in call
    return await wrapped()
           ^^^^^^^^^^^^^^^
  File "C:\Users\dzemi\OneDrive\Desktop\VPN_BOT\bot\handlers\start.py", line 87, in my_sub_handler
    from bot.utils.xxy import get_clients_by_tg_id
ModuleNotFoundError: No module named 'bot.utils.xxy'
2026-07-23 23:49:00,137 [INFO] aiogram.event: Update id=82034338 is not handled. Duration 3 ms by bot id=8974386075
2026-07-23 23:49:00,138 [ERROR] aiogram.event: Cause exception while process update id=82034338 by bot id=8974386075
ModuleNotFoundError: No module named 'bot.utils.xxy'
Traceback (most recent call last):
  File "C:\Users\dzemi\AppData\Local\Python\pythoncore-3.14-64\Lib\site-packages\aiogram\dispatcher\dispatcher.py", line 320, in _process_update
    response = await self.feed_update(bot, update, **kwargs)
               ^^^^^^^^^^^^^^^^^^^^^^^^^^^^^^^^^^^^^^^^^^^^^
  File "C:\Users\dzemi\AppData\Local\Python\pythoncore-3.14-64\Lib\site-packages\aiogram\dispatcher\dispatcher.py", line 164, in feed_update
    response = await self.update.wrap_outer_middleware(
               ^^^^^^^^^^^^^^^^^^^^^^^^^^^^^^^^^^^^^^^^
    ...<7 lines>...
    )
    ^
  File "C:\Users\dzemi\AppData\Local\Python\pythoncore-3.14-64\Lib\site-packages\aiogram\dispatcher\middlewares\error.py", line 27, in __call__
    return await handler(event, data)
           ^^^^^^^^^^^^^^^^^^^^^^^^^^
  File "C:\Users\dzemi\AppData\Local\Python\pythoncore-3.14-64\Lib\site-packages\aiogram\dispatcher\middlewares\user_context.py", line 58, in __call__
    return await handler(event, data)
           ^^^^^^^^^^^^^^^^^^^^^^^^^^
  File "C:\Users\dzemi\AppData\Local\Python\pythoncore-3.14-64\Lib\site-packages\aiogram\fsm\middleware.py", line 43, in __call__
    return await handler(event, data)
           ^^^^^^^^^^^^^^^^^^^^^^^^^^
  File "C:\Users\dzemi\AppData\Local\Python\pythoncore-3.14-64\Lib\site-packages\aiogram\dispatcher\event\telegram.py", line 126, in trigger
    return await wrapped_inner(event, kwargs)
           ^^^^^^^^^^^^^^^^^^^^^^^^^^^^^^^^^^
  File "C:\Users\dzemi\AppData\Local\Python\pythoncore-3.14-64\Lib\site-packages\aiogram\dispatcher\event\handler.py", line 71, in call
    return await wrapped()
           ^^^^^^^^^^^^^^^
  File "C:\Users\dzemi\AppData\Local\Python\pythoncore-3.14-64\Lib\site-packages\aiogram\dispatcher\dispatcher.py", line 283, in _listen_update
    return await self.propagate_event(update_type=update_type, event=event, **kwargs)
           ^^^^^^^^^^^^^^^^^^^^^^^^^^^^^^^^^^^^^^^^^^^^^^^^^^^^^^^^^^^^^^^^^^^^^^^^^^
  File "C:\Users\dzemi\AppData\Local\Python\pythoncore-3.14-64\Lib\site-packages\aiogram\dispatcher\router.py", line 167, in propagate_event
    return await observer.wrap_outer_middleware(_wrapped, event=event, data=kwargs)
           ^^^^^^^^^^^^^^^^^^^^^^^^^^^^^^^^^^^^^^^^^^^^^^^^^^^^^^^^^^^^^^^^^^^^^^^^
  File "C:\Users\dzemi\AppData\Local\Python\pythoncore-3.14-64\Lib\site-packages\aiogram\dispatcher\router.py", line 159, in _wrapped
    return await self._propagate_event(
           ^^^^^^^^^^^^^^^^^^^^^^^^^^^^
    ...<4 lines>...
    )
    ^
  File "C:\Users\dzemi\AppData\Local\Python\pythoncore-3.14-64\Lib\site-packages\aiogram\dispatcher\router.py", line 195, in _propagate_event
    response = await router.propagate_event(update_type=update_type, event=event, **kwargs)
               ^^^^^^^^^^^^^^^^^^^^^^^^^^^^^^^^^^^^^^^^^^^^^^^^^^^^^^^^^^^^^^^^^^^^^^^^^^^^
  File "C:\Users\dzemi\AppData\Local\Python\pythoncore-3.14-64\Lib\site-packages\aiogram\dispatcher\router.py", line 167, in propagate_event
    return await observer.wrap_outer_middleware(_wrapped, event=event, data=kwargs)
           ^^^^^^^^^^^^^^^^^^^^^^^^^^^^^^^^^^^^^^^^^^^^^^^^^^^^^^^^^^^^^^^^^^^^^^^^
  File "C:\Users\dzemi\AppData\Local\Python\pythoncore-3.14-64\Lib\site-packages\aiogram\dispatcher\router.py", line 159, in _wrapped
    return await self._propagate_event(
           ^^^^^^^^^^^^^^^^^^^^^^^^^^^^
    ...<4 lines>...
    )
    ^
  File "C:\Users\dzemi\AppData\Local\Python\pythoncore-3.14-64\Lib\site-packages\aiogram\dispatcher\router.py", line 187, in _propagate_event
    response = await observer.trigger(event, **kwargs)
               ^^^^^^^^^^^^^^^^^^^^^^^^^^^^^^^^^^^^^^^
  File "C:\Users\dzemi\AppData\Local\Python\pythoncore-3.14-64\Lib\site-packages\aiogram\dispatcher\event\telegram.py", line 126, in trigger
    return await wrapped_inner(event, kwargs)
           ^^^^^^^^^^^^^^^^^^^^^^^^^^^^^^^^^^
  File "C:\Users\dzemi\OneDrive\Desktop\VPN_BOT\bot\middlewares\throttling.py", line 28, in __call__
    return await handler(event, data)
           ^^^^^^^^^^^^^^^^^^^^^^^^^^
  File "C:\Users\dzemi\AppData\Local\Python\pythoncore-3.14-64\Lib\site-packages\aiogram\dispatcher\event\handler.py", line 71, in call
    return await wrapped()
           ^^^^^^^^^^^^^^^
  File "C:\Users\dzemi\OneDrive\Desktop\VPN_BOT\bot\handlers\start.py", line 87, in my_sub_handler
    from bot.utils.xxy import get_clients_by_tg_id
ModuleNotFoundError: No module named 'bot.utils.xxy'
2026-07-23 23:49:01,425 [INFO] aiogram.event: Update id=82034339 is handled. Duration 116 ms by bot id=8974386075
2026-07-23 23:49:02,547 [INFO] aiogram.event: Update id=82034340 is not handled. Duration 3 ms by bot id=8974386075
2026-07-23 23:49:02,548 [ERROR] aiogram.event: Cause exception while process update id=82034340 by bot id=8974386075
ModuleNotFoundError: No module named 'bot.utils.xxy'
Traceback (most recent call last):
  File "C:\Users\dzemi\AppData\Local\Python\pythoncore-3.14-64\Lib\site-packages\aiogram\dispatcher\dispatcher.py", line 320, in _process_update
    response = await self.feed_update(bot, update, **kwargs)
               ^^^^^^^^^^^^^^^^^^^^^^^^^^^^^^^^^^^^^^^^^^^^^
  File "C:\Users\dzemi\AppData\Local\Python\pythoncore-3.14-64\Lib\site-packages\aiogram\dispatcher\dispatcher.py", line 164, in feed_update
    response = await self.update.wrap_outer_middleware(
               ^^^^^^^^^^^^^^^^^^^^^^^^^^^^^^^^^^^^^^^^
    ...<7 lines>...
    )
    ^
  File "C:\Users\dzemi\AppData\Local\Python\pythoncore-3.14-64\Lib\site-packages\aiogram\dispatcher\middlewares\error.py", line 27, in __call__
    return await handler(event, data)
           ^^^^^^^^^^^^^^^^^^^^^^^^^^
  File "C:\Users\dzemi\AppData\Local\Python\pythoncore-3.14-64\Lib\site-packages\aiogram\dispatcher\middlewares\user_context.py", line 58, in __call__
    return await handler(event, data)
           ^^^^^^^^^^^^^^^^^^^^^^^^^^
  File "C:\Users\dzemi\AppData\Local\Python\pythoncore-3.14-64\Lib\site-packages\aiogram\fsm\middleware.py", line 43, in __call__
    return await handler(event, data)
           ^^^^^^^^^^^^^^^^^^^^^^^^^^
  File "C:\Users\dzemi\AppData\Local\Python\pythoncore-3.14-64\Lib\site-packages\aiogram\dispatcher\event\telegram.py", line 126, in trigger
    return await wrapped_inner(event, kwargs)
           ^^^^^^^^^^^^^^^^^^^^^^^^^^^^^^^^^^
  File "C:\Users\dzemi\AppData\Local\Python\pythoncore-3.14-64\Lib\site-packages\aiogram\dispatcher\event\handler.py", line 71, in call
    return await wrapped()
           ^^^^^^^^^^^^^^^
  File "C:\Users\dzemi\AppData\Local\Python\pythoncore-3.14-64\Lib\site-packages\aiogram\dispatcher\dispatcher.py", line 283, in _listen_update
    return await self.propagate_event(update_type=update_type, event=event, **kwargs)
           ^^^^^^^^^^^^^^^^^^^^^^^^^^^^^^^^^^^^^^^^^^^^^^^^^^^^^^^^^^^^^^^^^^^^^^^^^^
  File "C:\Users\dzemi\AppData\Local\Python\pythoncore-3.14-64\Lib\site-packages\aiogram\dispatcher\router.py", line 167, in propagate_event
    return await observer.wrap_outer_middleware(_wrapped, event=event, data=kwargs)
           ^^^^^^^^^^^^^^^^^^^^^^^^^^^^^^^^^^^^^^^^^^^^^^^^^^^^^^^^^^^^^^^^^^^^^^^^
  File "C:\Users\dzemi\AppData\Local\Python\pythoncore-3.14-64\Lib\site-packages\aiogram\dispatcher\router.py", line 159, in _wrapped
    return await self._propagate_event(
           ^^^^^^^^^^^^^^^^^^^^^^^^^^^^
    ...<4 lines>...
    )
    ^
  File "C:\Users\dzemi\AppData\Local\Python\pythoncore-3.14-64\Lib\site-packages\aiogram\dispatcher\router.py", line 195, in _propagate_event
    response = await router.propagate_event(update_type=update_type, event=event, **kwargs)
               ^^^^^^^^^^^^^^^^^^^^^^^^^^^^^^^^^^^^^^^^^^^^^^^^^^^^^^^^^^^^^^^^^^^^^^^^^^^^
  File "C:\Users\dzemi\AppData\Local\Python\pythoncore-3.14-64\Lib\site-packages\aiogram\dispatcher\router.py", line 167, in propagate_event
    return await observer.wrap_outer_middleware(_wrapped, event=event, data=kwargs)
           ^^^^^^^^^^^^^^^^^^^^^^^^^^^^^^^^^^^^^^^^^^^^^^^^^^^^^^^^^^^^^^^^^^^^^^^^
  File "C:\Users\dzemi\AppData\Local\Python\pythoncore-3.14-64\Lib\site-packages\aiogram\dispatcher\router.py", line 159, in _wrapped
    return await self._propagate_event(
           ^^^^^^^^^^^^^^^^^^^^^^^^^^^^
    ...<4 lines>...
    )
    ^
  File "C:\Users\dzemi\AppData\Local\Python\pythoncore-3.14-64\Lib\site-packages\aiogram\dispatcher\router.py", line 187, in _propagate_event
    response = await observer.trigger(event, **kwargs)
               ^^^^^^^^^^^^^^^^^^^^^^^^^^^^^^^^^^^^^^^
  File "C:\Users\dzemi\AppData\Local\Python\pythoncore-3.14-64\Lib\site-packages\aiogram\dispatcher\event\telegram.py", line 126, in trigger
    return await wrapped_inner(event, kwargs)
           ^^^^^^^^^^^^^^^^^^^^^^^^^^^^^^^^^^
  File "C:\Users\dzemi\OneDrive\Desktop\VPN_BOT\bot\middlewares\throttling.py", line 28, in __call__
    return await handler(event, data)
           ^^^^^^^^^^^^^^^^^^^^^^^^^^
  File "C:\Users\dzemi\AppData\Local\Python\pythoncore-3.14-64\Lib\site-packages\aiogram\dispatcher\event\handler.py", line 71, in call
    return await wrapped()
           ^^^^^^^^^^^^^^^
  File "C:\Users\dzemi\OneDrive\Desktop\VPN_BOT\bot\handlers\start.py", line 87, in my_sub_handler
    from bot.utils.xxy import get_clients_by_tg_id
ModuleNotFoundError: No module named 'bot.utils.xxy'
2026-07-23 23:49:03,520 [INFO] aiogram.event: Update id=82034341 is handled. Duration 87 ms by bot id=8974386075
2026-07-23 23:49:06,719 [INFO] aiogram.event: Update id=82034342 is handled. Duration 266 ms by bot id=8974386075
2026-07-23 23:49:08,827 [INFO] aiogram.event: Update id=82034343 is handled. Duration 191 ms by bot id=8974386075
2026-07-23 23:49:10,277 [INFO] aiogram.event: Update id=82034344 is handled. Duration 182 ms by bot id=8974386075
2026-07-23 23:51:33,807 [INFO] aiogram.dispatcher: Polling stopped
2026-07-23 23:51:33,808 [ERROR] aiogram.dispatcher: Failed to fetch updates - TelegramNetworkError: HTTP Client says - ServerDisconnectedError: Server disconnected
2026-07-23 23:51:33,808 [WARNING] aiogram.dispatcher: Sleep for 1.000000 seconds and try again... (tryings = 0, bot id = 8974386075)
2026-07-23 23:51:34,060 [INFO] aiogram.dispatcher: Polling stopped for bot @vpnjempobot id=8974386075 - 'JempoVPN'
2026-07-23 23:51:40,083 [INFO] root: Инициализация проекта...
2026-07-23 23:51:40,085 [INFO] root: База данных инициализирована.
2026-07-23 23:51:40,589 [INFO] root: Бот успешно запущен!
2026-07-23 23:51:40,590 [INFO] aiogram.dispatcher: Start polling
2026-07-23 23:51:40,677 [INFO] aiogram.dispatcher: Run polling for bot @vpnjempobot id=8974386075 - 'JempoVPN'
2026-07-23 23:51:44,485 [INFO] aiogram.event: Update id=82034345 is handled. Duration 115 ms by bot id=8974386075
2026-07-23 23:51:47,783 [INFO] aiogram.event: Update id=82034346 is not handled. Duration 1 ms by bot id=8974386075
2026-07-23 23:51:47,783 [ERROR] aiogram.event: Cause exception while process update id=82034346 by bot id=8974386075
ModuleNotFoundError: No module named 'bot.utils.xxy'
Traceback (most recent call last):
  File "C:\Users\dzemi\AppData\Local\Python\pythoncore-3.14-64\Lib\site-packages\aiogram\dispatcher\dispatcher.py", line 320, in _process_update
    response = await self.feed_update(bot, update, **kwargs)
               ^^^^^^^^^^^^^^^^^^^^^^^^^^^^^^^^^^^^^^^^^^^^^
  File "C:\Users\dzemi\AppData\Local\Python\pythoncore-3.14-64\Lib\site-packages\aiogram\dispatcher\dispatcher.py", line 164, in feed_update
    response = await self.update.wrap_outer_middleware(
               ^^^^^^^^^^^^^^^^^^^^^^^^^^^^^^^^^^^^^^^^
    ...<7 lines>...
    )
    ^
  File "C:\Users\dzemi\AppData\Local\Python\pythoncore-3.14-64\Lib\site-packages\aiogram\dispatcher\middlewares\error.py", line 27, in __call__
    return await handler(event, data)
           ^^^^^^^^^^^^^^^^^^^^^^^^^^
  File "C:\Users\dzemi\AppData\Local\Python\pythoncore-3.14-64\Lib\site-packages\aiogram\dispatcher\middlewares\user_context.py", line 58, in __call__
    return await handler(event, data)
           ^^^^^^^^^^^^^^^^^^^^^^^^^^
  File "C:\Users\dzemi\AppData\Local\Python\pythoncore-3.14-64\Lib\site-packages\aiogram\fsm\middleware.py", line 43, in __call__
    return await handler(event, data)
           ^^^^^^^^^^^^^^^^^^^^^^^^^^
  File "C:\Users\dzemi\AppData\Local\Python\pythoncore-3.14-64\Lib\site-packages\aiogram\dispatcher\event\telegram.py", line 126, in trigger
    return await wrapped_inner(event, kwargs)
           ^^^^^^^^^^^^^^^^^^^^^^^^^^^^^^^^^^
  File "C:\Users\dzemi\AppData\Local\Python\pythoncore-3.14-64\Lib\site-packages\aiogram\dispatcher\event\handler.py", line 71, in call
    return await wrapped()
           ^^^^^^^^^^^^^^^
  File "C:\Users\dzemi\AppData\Local\Python\pythoncore-3.14-64\Lib\site-packages\aiogram\dispatcher\dispatcher.py", line 283, in _listen_update
    return await self.propagate_event(update_type=update_type, event=event, **kwargs)
           ^^^^^^^^^^^^^^^^^^^^^^^^^^^^^^^^^^^^^^^^^^^^^^^^^^^^^^^^^^^^^^^^^^^^^^^^^^
  File "C:\Users\dzemi\AppData\Local\Python\pythoncore-3.14-64\Lib\site-packages\aiogram\dispatcher\router.py", line 167, in propagate_event
    return await observer.wrap_outer_middleware(_wrapped, event=event, data=kwargs)
           ^^^^^^^^^^^^^^^^^^^^^^^^^^^^^^^^^^^^^^^^^^^^^^^^^^^^^^^^^^^^^^^^^^^^^^^^
  File "C:\Users\dzemi\AppData\Local\Python\pythoncore-3.14-64\Lib\site-packages\aiogram\dispatcher\router.py", line 159, in _wrapped
    return await self._propagate_event(
           ^^^^^^^^^^^^^^^^^^^^^^^^^^^^
    ...<4 lines>...
    )
    ^
  File "C:\Users\dzemi\AppData\Local\Python\pythoncore-3.14-64\Lib\site-packages\aiogram\dispatcher\router.py", line 195, in _propagate_event
    response = await router.propagate_event(update_type=update_type, event=event, **kwargs)
               ^^^^^^^^^^^^^^^^^^^^^^^^^^^^^^^^^^^^^^^^^^^^^^^^^^^^^^^^^^^^^^^^^^^^^^^^^^^^
  File "C:\Users\dzemi\AppData\Local\Python\pythoncore-3.14-64\Lib\site-packages\aiogram\dispatcher\router.py", line 167, in propagate_event
    return await observer.wrap_outer_middleware(_wrapped, event=event, data=kwargs)
           ^^^^^^^^^^^^^^^^^^^^^^^^^^^^^^^^^^^^^^^^^^^^^^^^^^^^^^^^^^^^^^^^^^^^^^^^
  File "C:\Users\dzemi\AppData\Local\Python\pythoncore-3.14-64\Lib\site-packages\aiogram\dispatcher\router.py", line 159, in _wrapped
    return await self._propagate_event(
           ^^^^^^^^^^^^^^^^^^^^^^^^^^^^
    ...<4 lines>...
    )
    ^
  File "C:\Users\dzemi\AppData\Local\Python\pythoncore-3.14-64\Lib\site-packages\aiogram\dispatcher\router.py", line 187, in _propagate_event
    response = await observer.trigger(event, **kwargs)
               ^^^^^^^^^^^^^^^^^^^^^^^^^^^^^^^^^^^^^^^
  File "C:\Users\dzemi\AppData\Local\Python\pythoncore-3.14-64\Lib\site-packages\aiogram\dispatcher\event\telegram.py", line 126, in trigger
    return await wrapped_inner(event, kwargs)
           ^^^^^^^^^^^^^^^^^^^^^^^^^^^^^^^^^^
  File "C:\Users\dzemi\OneDrive\Desktop\VPN_BOT\bot\middlewares\throttling.py", line 28, in __call__
    return await handler(event, data)
           ^^^^^^^^^^^^^^^^^^^^^^^^^^
  File "C:\Users\dzemi\AppData\Local\Python\pythoncore-3.14-64\Lib\site-packages\aiogram\dispatcher\event\handler.py", line 71, in call
    return await wrapped()
           ^^^^^^^^^^^^^^^
  File "C:\Users\dzemi\OneDrive\Desktop\VPN_BOT\bot\handlers\start.py", line 87, in my_sub_handler
    from bot.utils.xxy import get_clients_by_tg_id
ModuleNotFoundError: No module named 'bot.utils.xxy'
2026-07-23 23:51:49,231 [INFO] aiogram.event: Update id=82034347 is handled. Duration 203 ms by bot id=8974386075
2026-07-23 23:51:50,218 [INFO] aiogram.event: Update id=82034348 is handled. Duration 206 ms by bot id=8974386075
2026-07-23 23:51:51,269 [INFO] aiogram.event: Update id=82034349 is handled. Duration 92 ms by bot id=8974386075
2026-07-23 23:51:55,484 [INFO] aiogram.event: Update id=82034350 is handled. Duration 316 ms by bot id=8974386075
2026-07-23 23:51:56,391 [INFO] aiogram.event: Update id=82034351 is handled. Duration 202 ms by bot id=8974386075
2026-07-23 23:51:57,055 [INFO] aiogram.event: Update id=82034352 is handled. Duration 243 ms by bot id=8974386075
2026-07-23 23:51:59,223 [INFO] aiogram.event: Update id=82034353 is handled. Duration 221 ms by bot id=8974386075
2026-07-24 00:09:56,850 [INFO] root: Инициализация проекта...
2026-07-24 00:09:56,852 [INFO] root: База данных инициализирована.
2026-07-24 00:09:57,373 [INFO] root: Бот успешно запущен!
2026-07-24 00:09:57,373 [INFO] aiogram.dispatcher: Start polling
2026-07-24 00:09:57,470 [INFO] aiogram.dispatcher: Run polling for bot @vpnjempobot id=8974386075 - 'JempoVPN'
2026-07-24 00:10:09,775 [INFO] aiogram.event: Update id=82034354 is handled. Duration 115 ms by bot id=8974386075
2026-07-24 00:10:12,401 [INFO] aiogram.event: Update id=82034355 is handled. Duration 206 ms by bot id=8974386075
2026-07-24 00:10:14,553 [INFO] aiogram.event: Update id=82034356 is handled. Duration 199 ms by bot id=8974386075
2026-07-24 00:10:16,633 [INFO] aiogram.event: Update id=82034357 is handled. Duration 209 ms by bot id=8974386075
2026-07-24 00:10:17,564 [INFO] aiogram.event: Update id=82034358 is handled. Duration 201 ms by bot id=8974386075
2026-07-24 00:10:18,459 [INFO] aiogram.event: Update id=82034359 is handled. Duration 219 ms by bot id=8974386075
2026-07-24 00:10:19,930 [INFO] aiogram.event: Update id=82034360 is handled. Duration 200 ms by bot id=8974386075
2026-07-24 00:10:20,385 [INFO] aiogram.event: Update id=82034361 is handled. Duration 95 ms by bot id=8974386075
2026-07-24 00:10:21,733 [INFO] aiogram.event: Update id=82034362 is handled. Duration 196 ms by bot id=8974386075
2026-07-24 00:10:23,706 [INFO] aiogram.event: Update id=82034363 is handled. Duration 201 ms by bot id=8974386075
2026-07-24 00:10:24,810 [INFO] aiogram.event: Update id=82034364 is handled. Duration 209 ms by bot id=8974386075
2026-07-24 00:10:26,782 [INFO] aiogram.event: Update id=82034365 is handled. Duration 202 ms by bot id=8974386075
2026-07-24 00:10:28,771 [INFO] aiogram.event: Update id=82034366 is handled. Duration 210 ms by bot id=8974386075
2026-07-24 00:10:30,591 [INFO] aiogram.event: Update id=82034367 is handled. Duration 100 ms by bot id=8974386075
2026-07-24 00:10:38,673 [INFO] aiogram.event: Update id=82034368 is handled. Duration 195 ms by bot id=8974386075
2026-07-24 00:10:51,775 [INFO] aiogram.event: Update id=82034369 is handled. Duration 111 ms by bot id=8974386075
2026-07-24 00:10:55,271 [INFO] aiogram.event: Update id=82034370 is not handled. Duration 1 ms by bot id=8974386075
2026-07-24 00:10:55,272 [ERROR] aiogram.event: Cause exception while process update id=82034370 by bot id=8974386075
ModuleNotFoundError: No module named 'bot.utils.xxy'
Traceback (most recent call last):
  File "C:\Users\dzemi\OneDrive\Desktop\VPN_BOT\.venv\Lib\site-packages\aiogram\dispatcher\dispatcher.py", line 320, in _process_update
    response = await self.feed_update(bot, update, **kwargs)
               ^^^^^^^^^^^^^^^^^^^^^^^^^^^^^^^^^^^^^^^^^^^^^
  File "C:\Users\dzemi\OneDrive\Desktop\VPN_BOT\.venv\Lib\site-packages\aiogram\dispatcher\dispatcher.py", line 164, in feed_update
    response = await self.update.wrap_outer_middleware(
               ^^^^^^^^^^^^^^^^^^^^^^^^^^^^^^^^^^^^^^^^
    ...<7 lines>...
    )
    ^
  File "C:\Users\dzemi\OneDrive\Desktop\VPN_BOT\.venv\Lib\site-packages\aiogram\dispatcher\middlewares\error.py", line 27, in __call__
    return await handler(event, data)
           ^^^^^^^^^^^^^^^^^^^^^^^^^^
  File "C:\Users\dzemi\OneDrive\Desktop\VPN_BOT\.venv\Lib\site-packages\aiogram\dispatcher\middlewares\user_context.py", line 58, in __call__
    return await handler(event, data)
           ^^^^^^^^^^^^^^^^^^^^^^^^^^
  File "C:\Users\dzemi\OneDrive\Desktop\VPN_BOT\.venv\Lib\site-packages\aiogram\fsm\middleware.py", line 43, in __call__
    return await handler(event, data)
           ^^^^^^^^^^^^^^^^^^^^^^^^^^
  File "C:\Users\dzemi\OneDrive\Desktop\VPN_BOT\.venv\Lib\site-packages\aiogram\dispatcher\event\telegram.py", line 126, in trigger
    return await wrapped_inner(event, kwargs)
           ^^^^^^^^^^^^^^^^^^^^^^^^^^^^^^^^^^
  File "C:\Users\dzemi\OneDrive\Desktop\VPN_BOT\.venv\Lib\site-packages\aiogram\dispatcher\event\handler.py", line 71, in call
    return await wrapped()
           ^^^^^^^^^^^^^^^
  File "C:\Users\dzemi\OneDrive\Desktop\VPN_BOT\.venv\Lib\site-packages\aiogram\dispatcher\dispatcher.py", line 283, in _listen_update
    return await self.propagate_event(update_type=update_type, event=event, **kwargs)
           ^^^^^^^^^^^^^^^^^^^^^^^^^^^^^^^^^^^^^^^^^^^^^^^^^^^^^^^^^^^^^^^^^^^^^^^^^^
  File "C:\Users\dzemi\OneDrive\Desktop\VPN_BOT\.venv\Lib\site-packages\aiogram\dispatcher\router.py", line 167, in propagate_event
    return await observer.wrap_outer_middleware(_wrapped, event=event, data=kwargs)
           ^^^^^^^^^^^^^^^^^^^^^^^^^^^^^^^^^^^^^^^^^^^^^^^^^^^^^^^^^^^^^^^^^^^^^^^^
  File "C:\Users\dzemi\OneDrive\Desktop\VPN_BOT\.venv\Lib\site-packages\aiogram\dispatcher\router.py", line 159, in _wrapped
    return await self._propagate_event(
           ^^^^^^^^^^^^^^^^^^^^^^^^^^^^
    ...<4 lines>...
    )
    ^
  File "C:\Users\dzemi\OneDrive\Desktop\VPN_BOT\.venv\Lib\site-packages\aiogram\dispatcher\router.py", line 195, in _propagate_event
    response = await router.propagate_event(update_type=update_type, event=event, **kwargs)
               ^^^^^^^^^^^^^^^^^^^^^^^^^^^^^^^^^^^^^^^^^^^^^^^^^^^^^^^^^^^^^^^^^^^^^^^^^^^^
  File "C:\Users\dzemi\OneDrive\Desktop\VPN_BOT\.venv\Lib\site-packages\aiogram\dispatcher\router.py", line 167, in propagate_event
    return await observer.wrap_outer_middleware(_wrapped, event=event, data=kwargs)
           ^^^^^^^^^^^^^^^^^^^^^^^^^^^^^^^^^^^^^^^^^^^^^^^^^^^^^^^^^^^^^^^^^^^^^^^^
  File "C:\Users\dzemi\OneDrive\Desktop\VPN_BOT\.venv\Lib\site-packages\aiogram\dispatcher\router.py", line 159, in _wrapped
    return await self._propagate_event(
           ^^^^^^^^^^^^^^^^^^^^^^^^^^^^
    ...<4 lines>...
    )
    ^
  File "C:\Users\dzemi\OneDrive\Desktop\VPN_BOT\.venv\Lib\site-packages\aiogram\dispatcher\router.py", line 187, in _propagate_event
    response = await observer.trigger(event, **kwargs)
               ^^^^^^^^^^^^^^^^^^^^^^^^^^^^^^^^^^^^^^^
  File "C:\Users\dzemi\OneDrive\Desktop\VPN_BOT\.venv\Lib\site-packages\aiogram\dispatcher\event\telegram.py", line 126, in trigger
    return await wrapped_inner(event, kwargs)
           ^^^^^^^^^^^^^^^^^^^^^^^^^^^^^^^^^^
  File "C:\Users\dzemi\OneDrive\Desktop\VPN_BOT\bot\middlewares\throttling.py", line 28, in __call__
    return await handler(event, data)
           ^^^^^^^^^^^^^^^^^^^^^^^^^^
  File "C:\Users\dzemi\OneDrive\Desktop\VPN_BOT\.venv\Lib\site-packages\aiogram\dispatcher\event\handler.py", line 71, in call
    return await wrapped()
           ^^^^^^^^^^^^^^^
  File "C:\Users\dzemi\OneDrive\Desktop\VPN_BOT\bot\handlers\start.py", line 95, in my_sub_handler
    from bot.utils.xxy import get_clients_by_tg_id
ModuleNotFoundError: No module named 'bot.utils.xxy'
2026-07-24 00:10:58,712 [INFO] aiogram.event: Update id=82034371 is not handled. Duration 3 ms by bot id=8974386075
2026-07-24 00:10:58,713 [ERROR] aiogram.event: Cause exception while process update id=82034371 by bot id=8974386075
ModuleNotFoundError: No module named 'bot.utils.xxy'
Traceback (most recent call last):
  File "C:\Users\dzemi\OneDrive\Desktop\VPN_BOT\.venv\Lib\site-packages\aiogram\dispatcher\dispatcher.py", line 320, in _process_update
    response = await self.feed_update(bot, update, **kwargs)
               ^^^^^^^^^^^^^^^^^^^^^^^^^^^^^^^^^^^^^^^^^^^^^
  File "C:\Users\dzemi\OneDrive\Desktop\VPN_BOT\.venv\Lib\site-packages\aiogram\dispatcher\dispatcher.py", line 164, in feed_update
    response = await self.update.wrap_outer_middleware(
               ^^^^^^^^^^^^^^^^^^^^^^^^^^^^^^^^^^^^^^^^
    ...<7 lines>...
    )
    ^
  File "C:\Users\dzemi\OneDrive\Desktop\VPN_BOT\.venv\Lib\site-packages\aiogram\dispatcher\middlewares\error.py", line 27, in __call__
    return await handler(event, data)
           ^^^^^^^^^^^^^^^^^^^^^^^^^^
  File "C:\Users\dzemi\OneDrive\Desktop\VPN_BOT\.venv\Lib\site-packages\aiogram\dispatcher\middlewares\user_context.py", line 58, in __call__
    return await handler(event, data)
           ^^^^^^^^^^^^^^^^^^^^^^^^^^
  File "C:\Users\dzemi\OneDrive\Desktop\VPN_BOT\.venv\Lib\site-packages\aiogram\fsm\middleware.py", line 43, in __call__
    return await handler(event, data)
           ^^^^^^^^^^^^^^^^^^^^^^^^^^
  File "C:\Users\dzemi\OneDrive\Desktop\VPN_BOT\.venv\Lib\site-packages\aiogram\dispatcher\event\telegram.py", line 126, in trigger
    return await wrapped_inner(event, kwargs)
           ^^^^^^^^^^^^^^^^^^^^^^^^^^^^^^^^^^
  File "C:\Users\dzemi\OneDrive\Desktop\VPN_BOT\.venv\Lib\site-packages\aiogram\dispatcher\event\handler.py", line 71, in call
    return await wrapped()
           ^^^^^^^^^^^^^^^
  File "C:\Users\dzemi\OneDrive\Desktop\VPN_BOT\.venv\Lib\site-packages\aiogram\dispatcher\dispatcher.py", line 283, in _listen_update
    return await self.propagate_event(update_type=update_type, event=event, **kwargs)
           ^^^^^^^^^^^^^^^^^^^^^^^^^^^^^^^^^^^^^^^^^^^^^^^^^^^^^^^^^^^^^^^^^^^^^^^^^^
  File "C:\Users\dzemi\OneDrive\Desktop\VPN_BOT\.venv\Lib\site-packages\aiogram\dispatcher\router.py", line 167, in propagate_event
    return await observer.wrap_outer_middleware(_wrapped, event=event, data=kwargs)
           ^^^^^^^^^^^^^^^^^^^^^^^^^^^^^^^^^^^^^^^^^^^^^^^^^^^^^^^^^^^^^^^^^^^^^^^^
  File "C:\Users\dzemi\OneDrive\Desktop\VPN_BOT\.venv\Lib\site-packages\aiogram\dispatcher\router.py", line 159, in _wrapped
    return await self._propagate_event(
           ^^^^^^^^^^^^^^^^^^^^^^^^^^^^
    ...<4 lines>...
    )
    ^
  File "C:\Users\dzemi\OneDrive\Desktop\VPN_BOT\.venv\Lib\site-packages\aiogram\dispatcher\router.py", line 195, in _propagate_event
    response = await router.propagate_event(update_type=update_type, event=event, **kwargs)
               ^^^^^^^^^^^^^^^^^^^^^^^^^^^^^^^^^^^^^^^^^^^^^^^^^^^^^^^^^^^^^^^^^^^^^^^^^^^^
  File "C:\Users\dzemi\OneDrive\Desktop\VPN_BOT\.venv\Lib\site-packages\aiogram\dispatcher\router.py", line 167, in propagate_event
    return await observer.wrap_outer_middleware(_wrapped, event=event, data=kwargs)
           ^^^^^^^^^^^^^^^^^^^^^^^^^^^^^^^^^^^^^^^^^^^^^^^^^^^^^^^^^^^^^^^^^^^^^^^^
  File "C:\Users\dzemi\OneDrive\Desktop\VPN_BOT\.venv\Lib\site-packages\aiogram\dispatcher\router.py", line 159, in _wrapped
    return await self._propagate_event(
           ^^^^^^^^^^^^^^^^^^^^^^^^^^^^
    ...<4 lines>...
    )
    ^
  File "C:\Users\dzemi\OneDrive\Desktop\VPN_BOT\.venv\Lib\site-packages\aiogram\dispatcher\router.py", line 187, in _propagate_event
    response = await observer.trigger(event, **kwargs)
               ^^^^^^^^^^^^^^^^^^^^^^^^^^^^^^^^^^^^^^^
  File "C:\Users\dzemi\OneDrive\Desktop\VPN_BOT\.venv\Lib\site-packages\aiogram\dispatcher\event\telegram.py", line 126, in trigger
    return await wrapped_inner(event, kwargs)
           ^^^^^^^^^^^^^^^^^^^^^^^^^^^^^^^^^^
  File "C:\Users\dzemi\OneDrive\Desktop\VPN_BOT\bot\middlewares\throttling.py", line 28, in __call__
    return await handler(event, data)
           ^^^^^^^^^^^^^^^^^^^^^^^^^^
  File "C:\Users\dzemi\OneDrive\Desktop\VPN_BOT\.venv\Lib\site-packages\aiogram\dispatcher\event\handler.py", line 71, in call
    return await wrapped()
           ^^^^^^^^^^^^^^^
  File "C:\Users\dzemi\OneDrive\Desktop\VPN_BOT\bot\handlers\start.py", line 95, in my_sub_handler
    from bot.utils.xxy import get_clients_by_tg_id
ModuleNotFoundError: No module named 'bot.utils.xxy'
2026-07-24 00:11:00,356 [INFO] aiogram.event: Update id=82034372 is handled. Duration 211 ms by bot id=8974386075
2026-07-24 00:11:31,758 [INFO] aiogram.event: Update id=82034373 is handled. Duration 215 ms by bot id=8974386075
2026-07-24 00:11:35,202 [INFO] aiogram.event: Update id=82034374 is handled. Duration 92 ms by bot id=8974386075
2026-07-24 00:11:37,748 [INFO] aiogram.event: Update id=82034375 is handled. Duration 309 ms by bot id=8974386075
2026-07-24 00:11:39,629 [INFO] aiogram.event: Update id=82034376 is handled. Duration 200 ms by bot id=8974386075
2026-07-24 00:11:41,728 [INFO] aiogram.event: Update id=82034377 is handled. Duration 224 ms by bot id=8974386075
2026-07-24 00:11:43,749 [INFO] aiogram.event: Update id=82034378 is handled. Duration 194 ms by bot id=8974386075
2026-07-24 00:11:50,962 [INFO] aiogram.event: Update id=82034379 is not handled. Duration 7 ms by bot id=8974386075
2026-07-24 00:11:50,963 [ERROR] aiogram.event: Cause exception while process update id=82034379 by bot id=8974386075
ModuleNotFoundError: No module named 'bot.utils.xxy'
Traceback (most recent call last):
  File "C:\Users\dzemi\OneDrive\Desktop\VPN_BOT\.venv\Lib\site-packages\aiogram\dispatcher\dispatcher.py", line 320, in _process_update
    response = await self.feed_update(bot, update, **kwargs)
               ^^^^^^^^^^^^^^^^^^^^^^^^^^^^^^^^^^^^^^^^^^^^^
  File "C:\Users\dzemi\OneDrive\Desktop\VPN_BOT\.venv\Lib\site-packages\aiogram\dispatcher\dispatcher.py", line 164, in feed_update
    response = await self.update.wrap_outer_middleware(
               ^^^^^^^^^^^^^^^^^^^^^^^^^^^^^^^^^^^^^^^^
    ...<7 lines>...
    )
    ^
  File "C:\Users\dzemi\OneDrive\Desktop\VPN_BOT\.venv\Lib\site-packages\aiogram\dispatcher\middlewares\error.py", line 27, in __call__
    return await handler(event, data)
           ^^^^^^^^^^^^^^^^^^^^^^^^^^
  File "C:\Users\dzemi\OneDrive\Desktop\VPN_BOT\.venv\Lib\site-packages\aiogram\dispatcher\middlewares\user_context.py", line 58, in __call__
    return await handler(event, data)
           ^^^^^^^^^^^^^^^^^^^^^^^^^^
  File "C:\Users\dzemi\OneDrive\Desktop\VPN_BOT\.venv\Lib\site-packages\aiogram\fsm\middleware.py", line 43, in __call__
    return await handler(event, data)
           ^^^^^^^^^^^^^^^^^^^^^^^^^^
  File "C:\Users\dzemi\OneDrive\Desktop\VPN_BOT\.venv\Lib\site-packages\aiogram\dispatcher\event\telegram.py", line 126, in trigger
    return await wrapped_inner(event, kwargs)
           ^^^^^^^^^^^^^^^^^^^^^^^^^^^^^^^^^^
  File "C:\Users\dzemi\OneDrive\Desktop\VPN_BOT\.venv\Lib\site-packages\aiogram\dispatcher\event\handler.py", line 71, in call
    return await wrapped()
           ^^^^^^^^^^^^^^^
  File "C:\Users\dzemi\OneDrive\Desktop\VPN_BOT\.venv\Lib\site-packages\aiogram\dispatcher\dispatcher.py", line 283, in _listen_update
    return await self.propagate_event(update_type=update_type, event=event, **kwargs)
           ^^^^^^^^^^^^^^^^^^^^^^^^^^^^^^^^^^^^^^^^^^^^^^^^^^^^^^^^^^^^^^^^^^^^^^^^^^
  File "C:\Users\dzemi\OneDrive\Desktop\VPN_BOT\.venv\Lib\site-packages\aiogram\dispatcher\router.py", line 167, in propagate_event
    return await observer.wrap_outer_middleware(_wrapped, event=event, data=kwargs)
           ^^^^^^^^^^^^^^^^^^^^^^^^^^^^^^^^^^^^^^^^^^^^^^^^^^^^^^^^^^^^^^^^^^^^^^^^
  File "C:\Users\dzemi\OneDrive\Desktop\VPN_BOT\.venv\Lib\site-packages\aiogram\dispatcher\router.py", line 159, in _wrapped
    return await self._propagate_event(
           ^^^^^^^^^^^^^^^^^^^^^^^^^^^^
    ...<4 lines>...
    )
    ^
  File "C:\Users\dzemi\OneDrive\Desktop\VPN_BOT\.venv\Lib\site-packages\aiogram\dispatcher\router.py", line 195, in _propagate_event
    response = await router.propagate_event(update_type=update_type, event=event, **kwargs)
               ^^^^^^^^^^^^^^^^^^^^^^^^^^^^^^^^^^^^^^^^^^^^^^^^^^^^^^^^^^^^^^^^^^^^^^^^^^^^
  File "C:\Users\dzemi\OneDrive\Desktop\VPN_BOT\.venv\Lib\site-packages\aiogram\dispatcher\router.py", line 167, in propagate_event
    return await observer.wrap_outer_middleware(_wrapped, event=event, data=kwargs)
           ^^^^^^^^^^^^^^^^^^^^^^^^^^^^^^^^^^^^^^^^^^^^^^^^^^^^^^^^^^^^^^^^^^^^^^^^
  File "C:\Users\dzemi\OneDrive\Desktop\VPN_BOT\.venv\Lib\site-packages\aiogram\dispatcher\router.py", line 159, in _wrapped
    return await self._propagate_event(
           ^^^^^^^^^^^^^^^^^^^^^^^^^^^^
    ...<4 lines>...
    )
    ^
  File "C:\Users\dzemi\OneDrive\Desktop\VPN_BOT\.venv\Lib\site-packages\aiogram\dispatcher\router.py", line 187, in _propagate_event
    response = await observer.trigger(event, **kwargs)
               ^^^^^^^^^^^^^^^^^^^^^^^^^^^^^^^^^^^^^^^
  File "C:\Users\dzemi\OneDrive\Desktop\VPN_BOT\.venv\Lib\site-packages\aiogram\dispatcher\event\telegram.py", line 126, in trigger
    return await wrapped_inner(event, kwargs)
           ^^^^^^^^^^^^^^^^^^^^^^^^^^^^^^^^^^
  File "C:\Users\dzemi\OneDrive\Desktop\VPN_BOT\bot\middlewares\throttling.py", line 28, in __call__
    return await handler(event, data)
           ^^^^^^^^^^^^^^^^^^^^^^^^^^
  File "C:\Users\dzemi\OneDrive\Desktop\VPN_BOT\.venv\Lib\site-packages\aiogram\dispatcher\event\handler.py", line 71, in call
    return await wrapped()
           ^^^^^^^^^^^^^^^
  File "C:\Users\dzemi\OneDrive\Desktop\VPN_BOT\bot\handlers\start.py", line 95, in my_sub_handler
    from bot.utils.xxy import get_clients_by_tg_id
ModuleNotFoundError: No module named 'bot.utils.xxy'
2026-07-24 00:14:46,448 [INFO] aiogram.dispatcher: Polling stopped
2026-07-24 00:14:46,448 [ERROR] aiogram.dispatcher: Failed to fetch updates - TelegramNetworkError: HTTP Client says - ServerDisconnectedError: Server disconnected
2026-07-24 00:14:46,448 [WARNING] aiogram.dispatcher: Sleep for 1.000000 seconds and try again... (tryings = 0, bot id = 8974386075)
2026-07-24 00:14:46,699 [INFO] aiogram.dispatcher: Polling stopped for bot @vpnjempobot id=8974386075 - 'JempoVPN'
2026-07-24 00:14:52,809 [INFO] root: Инициализация проекта...
2026-07-24 00:14:52,811 [INFO] root: База данных инициализирована.
2026-07-24 00:14:53,314 [INFO] root: Бот успешно запущен!
2026-07-24 00:14:53,314 [INFO] aiogram.dispatcher: Start polling
2026-07-24 00:14:53,397 [INFO] aiogram.dispatcher: Run polling for bot @vpnjempobot id=8974386075 - 'JempoVPN'
2026-07-24 00:14:55,254 [INFO] aiogram.event: Update id=82034380 is handled. Duration 109 ms by bot id=8974386075
2026-07-24 00:14:57,315 [INFO] aiogram.event: Update id=82034381 is handled. Duration 387 ms by bot id=8974386075
2026-07-24 00:15:03,135 [INFO] aiogram.event: Update id=82034382 is not handled. Duration 671 ms by bot id=8974386075
2026-07-24 00:15:03,135 [ERROR] aiogram.event: Cause exception while process update id=82034382 by bot id=8974386075
TelegramBadRequest: Telegram server says - Bad Request: message is not modified: specified new message content and reply markup are exactly the same as a current content and reply markup of the message
Traceback (most recent call last):
  File "C:\Users\dzemi\OneDrive\Desktop\VPN_BOT\.venv\Lib\site-packages\aiogram\dispatcher\dispatcher.py", line 320, in _process_update
    response = await self.feed_update(bot, update, **kwargs)
               ^^^^^^^^^^^^^^^^^^^^^^^^^^^^^^^^^^^^^^^^^^^^^
  File "C:\Users\dzemi\OneDrive\Desktop\VPN_BOT\.venv\Lib\site-packages\aiogram\dispatcher\dispatcher.py", line 164, in feed_update
    response = await self.update.wrap_outer_middleware(
               ^^^^^^^^^^^^^^^^^^^^^^^^^^^^^^^^^^^^^^^^
    ...<7 lines>...
    )
    ^
  File "C:\Users\dzemi\OneDrive\Desktop\VPN_BOT\.venv\Lib\site-packages\aiogram\dispatcher\middlewares\error.py", line 27, in __call__
    return await handler(event, data)
           ^^^^^^^^^^^^^^^^^^^^^^^^^^
  File "C:\Users\dzemi\OneDrive\Desktop\VPN_BOT\.venv\Lib\site-packages\aiogram\dispatcher\middlewares\user_context.py", line 58, in __call__
    return await handler(event, data)
           ^^^^^^^^^^^^^^^^^^^^^^^^^^
  File "C:\Users\dzemi\OneDrive\Desktop\VPN_BOT\.venv\Lib\site-packages\aiogram\fsm\middleware.py", line 43, in __call__
    return await handler(event, data)
           ^^^^^^^^^^^^^^^^^^^^^^^^^^
  File "C:\Users\dzemi\OneDrive\Desktop\VPN_BOT\.venv\Lib\site-packages\aiogram\dispatcher\event\telegram.py", line 126, in trigger
    return await wrapped_inner(event, kwargs)
           ^^^^^^^^^^^^^^^^^^^^^^^^^^^^^^^^^^
  File "C:\Users\dzemi\OneDrive\Desktop\VPN_BOT\.venv\Lib\site-packages\aiogram\dispatcher\event\handler.py", line 71, in call
    return await wrapped()
           ^^^^^^^^^^^^^^^
  File "C:\Users\dzemi\OneDrive\Desktop\VPN_BOT\.venv\Lib\site-packages\aiogram\dispatcher\dispatcher.py", line 283, in _listen_update
    return await self.propagate_event(update_type=update_type, event=event, **kwargs)
           ^^^^^^^^^^^^^^^^^^^^^^^^^^^^^^^^^^^^^^^^^^^^^^^^^^^^^^^^^^^^^^^^^^^^^^^^^^
  File "C:\Users\dzemi\OneDrive\Desktop\VPN_BOT\.venv\Lib\site-packages\aiogram\dispatcher\router.py", line 167, in propagate_event
    return await observer.wrap_outer_middleware(_wrapped, event=event, data=kwargs)
           ^^^^^^^^^^^^^^^^^^^^^^^^^^^^^^^^^^^^^^^^^^^^^^^^^^^^^^^^^^^^^^^^^^^^^^^^
  File "C:\Users\dzemi\OneDrive\Desktop\VPN_BOT\.venv\Lib\site-packages\aiogram\dispatcher\router.py", line 159, in _wrapped
    return await self._propagate_event(
           ^^^^^^^^^^^^^^^^^^^^^^^^^^^^
    ...<4 lines>...
    )
    ^
  File "C:\Users\dzemi\OneDrive\Desktop\VPN_BOT\.venv\Lib\site-packages\aiogram\dispatcher\router.py", line 195, in _propagate_event
    response = await router.propagate_event(update_type=update_type, event=event, **kwargs)
               ^^^^^^^^^^^^^^^^^^^^^^^^^^^^^^^^^^^^^^^^^^^^^^^^^^^^^^^^^^^^^^^^^^^^^^^^^^^^
  File "C:\Users\dzemi\OneDrive\Desktop\VPN_BOT\.venv\Lib\site-packages\aiogram\dispatcher\router.py", line 167, in propagate_event
    return await observer.wrap_outer_middleware(_wrapped, event=event, data=kwargs)
           ^^^^^^^^^^^^^^^^^^^^^^^^^^^^^^^^^^^^^^^^^^^^^^^^^^^^^^^^^^^^^^^^^^^^^^^^
  File "C:\Users\dzemi\OneDrive\Desktop\VPN_BOT\.venv\Lib\site-packages\aiogram\dispatcher\router.py", line 159, in _wrapped
    return await self._propagate_event(
           ^^^^^^^^^^^^^^^^^^^^^^^^^^^^
    ...<4 lines>...
    )
    ^
  File "C:\Users\dzemi\OneDrive\Desktop\VPN_BOT\.venv\Lib\site-packages\aiogram\dispatcher\router.py", line 187, in _propagate_event
    response = await observer.trigger(event, **kwargs)
               ^^^^^^^^^^^^^^^^^^^^^^^^^^^^^^^^^^^^^^^
  File "C:\Users\dzemi\OneDrive\Desktop\VPN_BOT\.venv\Lib\site-packages\aiogram\dispatcher\event\telegram.py", line 126, in trigger
    return await wrapped_inner(event, kwargs)
           ^^^^^^^^^^^^^^^^^^^^^^^^^^^^^^^^^^
  File "C:\Users\dzemi\OneDrive\Desktop\VPN_BOT\bot\middlewares\throttling.py", line 28, in __call__
    return await handler(event, data)
           ^^^^^^^^^^^^^^^^^^^^^^^^^^
  File "C:\Users\dzemi\OneDrive\Desktop\VPN_BOT\.venv\Lib\site-packages\aiogram\dispatcher\event\handler.py", line 71, in call
    return await wrapped()
           ^^^^^^^^^^^^^^^
  File "C:\Users\dzemi\OneDrive\Desktop\VPN_BOT\bot\handlers\start.py", line 163, in create_device_handler
    await my_sub_handler(callback)
  File "C:\Users\dzemi\OneDrive\Desktop\VPN_BOT\bot\handlers\start.py", line 115, in my_sub_handler
    await callback.message.edit_text(text, reply_markup=keyboard, parse_mode="Markdown")
  File "C:\Users\dzemi\OneDrive\Desktop\VPN_BOT\.venv\Lib\site-packages\aiogram\methods\base.py", line 82, in emit
    return await bot(self)
           ^^^^^^^^^^^^^^^
  File "C:\Users\dzemi\OneDrive\Desktop\VPN_BOT\.venv\Lib\site-packages\aiogram\client\bot.py", line 514, in __call__
    return await self.session(self, method, timeout=request_timeout)
           ^^^^^^^^^^^^^^^^^^^^^^^^^^^^^^^^^^^^^^^^^^^^^^^^^^^^^^^^^
  File "C:\Users\dzemi\OneDrive\Desktop\VPN_BOT\.venv\Lib\site-packages\aiogram\client\session\base.py", line 259, in __call__
    return cast(TelegramType, await middleware(bot, method))
                              ^^^^^^^^^^^^^^^^^^^^^^^^^^^^^
  File "C:\Users\dzemi\OneDrive\Desktop\VPN_BOT\.venv\Lib\site-packages\aiogram\client\session\aiohttp.py", line 177, in make_request
    response = self.check_response(
        bot=bot,
    ...<2 lines>...
        content=raw_result,
    )
  File "C:\Users\dzemi\OneDrive\Desktop\VPN_BOT\.venv\Lib\site-packages\aiogram\client\session\base.py", line 121, in check_response
    raise TelegramBadRequest(method=method, message=description)
aiogram.exceptions.TelegramBadRequest: Telegram server says - Bad Request: message is not modified: specified new message content and reply markup are exactly the same as a current content and reply markup of the message
2026-07-24 00:15:06,707 [INFO] aiogram.event: Update id=82034383 is handled. Duration 205 ms by bot id=8974386075
2026-07-24 00:15:08,132 [INFO] aiogram.event: Update id=82034384 is handled. Duration 351 ms by bot id=8974386075
2026-07-24 00:15:10,042 [INFO] aiogram.event: Update id=82034385 is handled. Duration 338 ms by bot id=8974386075
2026-07-24 00:15:13,386 [INFO] aiogram.event: Update id=82034386 is handled. Duration 334 ms by bot id=8974386075
2026-07-24 00:15:16,019 [INFO] aiogram.event: Update id=82034387 is not handled. Duration 655 ms by bot id=8974386075
2026-07-24 00:15:16,019 [ERROR] aiogram.event: Cause exception while process update id=82034387 by bot id=8974386075
TelegramBadRequest: Telegram server says - Bad Request: message is not modified: specified new message content and reply markup are exactly the same as a current content and reply markup of the message
Traceback (most recent call last):
  File "C:\Users\dzemi\OneDrive\Desktop\VPN_BOT\.venv\Lib\site-packages\aiogram\dispatcher\dispatcher.py", line 320, in _process_update
    response = await self.feed_update(bot, update, **kwargs)
               ^^^^^^^^^^^^^^^^^^^^^^^^^^^^^^^^^^^^^^^^^^^^^
  File "C:\Users\dzemi\OneDrive\Desktop\VPN_BOT\.venv\Lib\site-packages\aiogram\dispatcher\dispatcher.py", line 164, in feed_update
    response = await self.update.wrap_outer_middleware(
               ^^^^^^^^^^^^^^^^^^^^^^^^^^^^^^^^^^^^^^^^
    ...<7 lines>...
    )
    ^
  File "C:\Users\dzemi\OneDrive\Desktop\VPN_BOT\.venv\Lib\site-packages\aiogram\dispatcher\middlewares\error.py", line 27, in __call__
    return await handler(event, data)
           ^^^^^^^^^^^^^^^^^^^^^^^^^^
  File "C:\Users\dzemi\OneDrive\Desktop\VPN_BOT\.venv\Lib\site-packages\aiogram\dispatcher\middlewares\user_context.py", line 58, in __call__
    return await handler(event, data)
           ^^^^^^^^^^^^^^^^^^^^^^^^^^
  File "C:\Users\dzemi\OneDrive\Desktop\VPN_BOT\.venv\Lib\site-packages\aiogram\fsm\middleware.py", line 43, in __call__
    return await handler(event, data)
           ^^^^^^^^^^^^^^^^^^^^^^^^^^
  File "C:\Users\dzemi\OneDrive\Desktop\VPN_BOT\.venv\Lib\site-packages\aiogram\dispatcher\event\telegram.py", line 126, in trigger
    return await wrapped_inner(event, kwargs)
           ^^^^^^^^^^^^^^^^^^^^^^^^^^^^^^^^^^
  File "C:\Users\dzemi\OneDrive\Desktop\VPN_BOT\.venv\Lib\site-packages\aiogram\dispatcher\event\handler.py", line 71, in call
    return await wrapped()
           ^^^^^^^^^^^^^^^
  File "C:\Users\dzemi\OneDrive\Desktop\VPN_BOT\.venv\Lib\site-packages\aiogram\dispatcher\dispatcher.py", line 283, in _listen_update
    return await self.propagate_event(update_type=update_type, event=event, **kwargs)
           ^^^^^^^^^^^^^^^^^^^^^^^^^^^^^^^^^^^^^^^^^^^^^^^^^^^^^^^^^^^^^^^^^^^^^^^^^^
  File "C:\Users\dzemi\OneDrive\Desktop\VPN_BOT\.venv\Lib\site-packages\aiogram\dispatcher\router.py", line 167, in propagate_event
    return await observer.wrap_outer_middleware(_wrapped, event=event, data=kwargs)
           ^^^^^^^^^^^^^^^^^^^^^^^^^^^^^^^^^^^^^^^^^^^^^^^^^^^^^^^^^^^^^^^^^^^^^^^^
  File "C:\Users\dzemi\OneDrive\Desktop\VPN_BOT\.venv\Lib\site-packages\aiogram\dispatcher\router.py", line 159, in _wrapped
    return await self._propagate_event(
           ^^^^^^^^^^^^^^^^^^^^^^^^^^^^
    ...<4 lines>...
    )
    ^
  File "C:\Users\dzemi\OneDrive\Desktop\VPN_BOT\.venv\Lib\site-packages\aiogram\dispatcher\router.py", line 195, in _propagate_event
    response = await router.propagate_event(update_type=update_type, event=event, **kwargs)
               ^^^^^^^^^^^^^^^^^^^^^^^^^^^^^^^^^^^^^^^^^^^^^^^^^^^^^^^^^^^^^^^^^^^^^^^^^^^^
  File "C:\Users\dzemi\OneDrive\Desktop\VPN_BOT\.venv\Lib\site-packages\aiogram\dispatcher\router.py", line 167, in propagate_event
    return await observer.wrap_outer_middleware(_wrapped, event=event, data=kwargs)
           ^^^^^^^^^^^^^^^^^^^^^^^^^^^^^^^^^^^^^^^^^^^^^^^^^^^^^^^^^^^^^^^^^^^^^^^^
  File "C:\Users\dzemi\OneDrive\Desktop\VPN_BOT\.venv\Lib\site-packages\aiogram\dispatcher\router.py", line 159, in _wrapped
    return await self._propagate_event(
           ^^^^^^^^^^^^^^^^^^^^^^^^^^^^
    ...<4 lines>...
    )
    ^
  File "C:\Users\dzemi\OneDrive\Desktop\VPN_BOT\.venv\Lib\site-packages\aiogram\dispatcher\router.py", line 187, in _propagate_event
    response = await observer.trigger(event, **kwargs)
               ^^^^^^^^^^^^^^^^^^^^^^^^^^^^^^^^^^^^^^^
  File "C:\Users\dzemi\OneDrive\Desktop\VPN_BOT\.venv\Lib\site-packages\aiogram\dispatcher\event\telegram.py", line 126, in trigger
    return await wrapped_inner(event, kwargs)
           ^^^^^^^^^^^^^^^^^^^^^^^^^^^^^^^^^^
  File "C:\Users\dzemi\OneDrive\Desktop\VPN_BOT\bot\middlewares\throttling.py", line 28, in __call__
    return await handler(event, data)
           ^^^^^^^^^^^^^^^^^^^^^^^^^^
  File "C:\Users\dzemi\OneDrive\Desktop\VPN_BOT\.venv\Lib\site-packages\aiogram\dispatcher\event\handler.py", line 71, in call
    return await wrapped()
           ^^^^^^^^^^^^^^^
  File "C:\Users\dzemi\OneDrive\Desktop\VPN_BOT\bot\handlers\start.py", line 163, in create_device_handler
    await my_sub_handler(callback)
  File "C:\Users\dzemi\OneDrive\Desktop\VPN_BOT\bot\handlers\start.py", line 115, in my_sub_handler
    await callback.message.edit_text(text, reply_markup=keyboard, parse_mode="Markdown")
  File "C:\Users\dzemi\OneDrive\Desktop\VPN_BOT\.venv\Lib\site-packages\aiogram\methods\base.py", line 82, in emit
    return await bot(self)
           ^^^^^^^^^^^^^^^
  File "C:\Users\dzemi\OneDrive\Desktop\VPN_BOT\.venv\Lib\site-packages\aiogram\client\bot.py", line 514, in __call__
    return await self.session(self, method, timeout=request_timeout)
           ^^^^^^^^^^^^^^^^^^^^^^^^^^^^^^^^^^^^^^^^^^^^^^^^^^^^^^^^^
  File "C:\Users\dzemi\OneDrive\Desktop\VPN_BOT\.venv\Lib\site-packages\aiogram\client\session\base.py", line 259, in __call__
    return cast(TelegramType, await middleware(bot, method))
                              ^^^^^^^^^^^^^^^^^^^^^^^^^^^^^
  File "C:\Users\dzemi\OneDrive\Desktop\VPN_BOT\.venv\Lib\site-packages\aiogram\client\session\aiohttp.py", line 177, in make_request
    response = self.check_response(
        bot=bot,
    ...<2 lines>...
        content=raw_result,
    )
  File "C:\Users\dzemi\OneDrive\Desktop\VPN_BOT\.venv\Lib\site-packages\aiogram\client\session\base.py", line 121, in check_response
    raise TelegramBadRequest(method=method, message=description)
aiogram.exceptions.TelegramBadRequest: Telegram server says - Bad Request: message is not modified: specified new message content and reply markup are exactly the same as a current content and reply markup of the message
2026-07-24 00:15:18,862 [INFO] aiogram.event: Update id=82034388 is handled. Duration 267 ms by bot id=8974386075
2026-07-24 00:15:21,122 [INFO] aiogram.event: Update id=82034389 is handled. Duration 239 ms by bot id=8974386075
2026-07-24 00:15:23,175 [INFO] aiogram.event: Update id=82034390 is handled. Duration 192 ms by bot id=8974386075
2026-07-24 00:15:24,604 [INFO] aiogram.event: Update id=82034391 is handled. Duration 216 ms by bot id=8974386075
2026-07-24 00:15:25,938 [INFO] aiogram.event: Update id=82034392 is handled. Duration 194 ms by bot id=8974386075
2026-07-24 00:15:27,672 [INFO] aiogram.event: Update id=82034393 is handled. Duration 194 ms by bot id=8974386075
2026-07-24 00:17:42,683 [INFO] aiogram.event: Update id=82034394 is handled. Duration 351 ms by bot id=8974386075
2026-07-24 00:17:44,728 [INFO] aiogram.event: Update id=82034395 is handled. Duration 194 ms by bot id=8974386075
2026-07-24 00:17:45,856 [INFO] aiogram.event: Update id=82034396 is handled. Duration 184 ms by bot id=8974386075
2026-07-24 00:17:52,288 [INFO] aiogram.event: Update id=82034397 is handled. Duration 107 ms by bot id=8974386075
2026-07-24 00:18:01,776 [INFO] aiogram.event: Update id=82034398 is not handled. Duration 0 ms by bot id=8974386075
2026-07-24 00:18:06,262 [INFO] aiogram.event: Update id=82034399 is handled. Duration 198 ms by bot id=8974386075
2026-07-24 00:18:07,520 [INFO] aiogram.event: Update id=82034400 is handled. Duration 196 ms by bot id=8974386075
2026-07-24 00:18:12,673 [INFO] aiogram.event: Update id=82034401 is handled. Duration 107 ms by bot id=8974386075
2026-07-24 00:18:41,919 [INFO] aiogram.event: Update id=82034402 is handled. Duration 207 ms by bot id=8974386075
2026-07-24 00:18:43,158 [INFO] aiogram.event: Update id=82034403 is handled. Duration 206 ms by bot id=8974386075
2026-07-24 00:18:44,990 [INFO] aiogram.event: Update id=82034404 is handled. Duration 179 ms by bot id=8974386075
2026-07-24 00:18:50,181 [INFO] aiogram.event: Update id=82034405 is handled. Duration 201 ms by bot id=8974386075
2026-07-24 00:18:55,679 [INFO] aiogram.event: Update id=82034406 is handled. Duration 207 ms by bot id=8974386075
2026-07-24 00:18:56,610 [INFO] aiogram.event: Update id=82034407 is handled. Duration 198 ms by bot id=8974386075
2026-07-24 00:18:57,692 [INFO] aiogram.event: Update id=82034408 is handled. Duration 289 ms by bot id=8974386075
2026-07-24 00:18:58,422 [INFO] aiogram.event: Update id=82034409 is handled. Duration 191 ms by bot id=8974386075
2026-07-24 00:19:01,815 [INFO] aiogram.event: Update id=82034410 is handled. Duration 189 ms by bot id=8974386075
2026-07-24 00:19:05,819 [ERROR] aiogram.dispatcher: Failed to fetch updates - TelegramNetworkError: HTTP Client says - ClientOSError: [WinError 1236] Подключение к сети было разорвано локальной системой
2026-07-24 00:19:05,934 [WARNING] aiogram.dispatcher: Sleep for 1.000000 seconds and try again... (tryings = 0, bot id = 8974386075)
2026-07-24 14:36:33,524 [INFO] root: Инициализация проекта...
2026-07-24 14:36:33,547 [INFO] root: База данных инициализирована.
2026-07-24 14:36:34,122 [INFO] root: Бот успешно запущен!
2026-07-24 14:36:34,123 [INFO] aiogram.dispatcher: Start polling
2026-07-24 14:36:34,219 [INFO] aiogram.dispatcher: Run polling for bot @vpnjempobot id=8974386075 - 'JempoVPN'
2026-07-24 14:36:38,236 [INFO] aiogram.event: Update id=82034411 is handled. Duration 205 ms by bot id=8974386075
2026-07-24 14:36:40,073 [INFO] aiogram.event: Update id=82034412 is handled. Duration 113 ms by bot id=8974386075
2026-07-24 14:36:52,472 [INFO] aiogram.event: Update id=82034413 is handled. Duration 206 ms by bot id=8974386075
2026-07-24 14:36:56,004 [INFO] aiogram.event: Update id=82034414 is handled. Duration 202 ms by bot id=8974386075
2026-07-24 14:36:57,957 [INFO] aiogram.event: Update id=82034415 is handled. Duration 209 ms by bot id=8974386075
2026-07-24 14:36:59,639 [INFO] aiogram.event: Update id=82034416 is handled. Duration 201 ms by bot id=8974386075
2026-07-24 14:37:02,087 [INFO] aiogram.event: Update id=82034417 is handled. Duration 94 ms by bot id=8974386075
2026-07-24 14:37:08,039 [INFO] aiogram.event: Update id=82034418 is handled. Duration 238 ms by bot id=8974386075
2026-07-24 14:37:12,055 [INFO] aiogram.event: Update id=82034419 is handled. Duration 214 ms by bot id=8974386075
2026-07-24 14:37:13,513 [INFO] aiogram.event: Update id=82034420 is handled. Duration 193 ms by bot id=8974386075
2026-07-24 14:37:14,592 [INFO] aiogram.event: Update id=82034421 is handled. Duration 192 ms by bot id=8974386075
2026-07-24 14:37:15,549 [INFO] aiogram.event: Update id=82034422 is handled. Duration 194 ms by bot id=8974386075
2026-07-24 14:40:43,155 [INFO] aiogram.dispatcher: Polling stopped
2026-07-24 14:40:43,159 [ERROR] aiogram.dispatcher: Failed to fetch updates - TelegramNetworkError: HTTP Client says - ServerDisconnectedError: Server disconnected
2026-07-24 14:40:43,159 [WARNING] aiogram.dispatcher: Sleep for 1.000000 seconds and try again... (tryings = 0, bot id = 8974386075)
2026-07-24 14:40:43,410 [INFO] aiogram.dispatcher: Polling stopped for bot @vpnjempobot id=8974386075 - 'JempoVPN'
2026-07-24 14:40:50,413 [INFO] root: Инициализация проекта...
2026-07-24 14:40:50,415 [INFO] root: База данных инициализирована.
2026-07-24 14:40:50,884 [INFO] root: Бот успешно запущен!
2026-07-24 14:40:50,885 [INFO] aiogram.dispatcher: Start polling
2026-07-24 14:40:50,966 [INFO] aiogram.dispatcher: Run polling for bot @vpnjempobot id=8974386075 - 'JempoVPN'
2026-07-24 14:40:52,878 [INFO] aiogram.event: Update id=82034423 is handled. Duration 105 ms by bot id=8974386075
2026-07-24 14:40:58,266 [INFO] aiogram.event: Update id=82034424 is handled. Duration 206 ms by bot id=8974386075
2026-07-24 14:40:59,649 [INFO] aiogram.event: Update id=82034425 is handled. Duration 179 ms by bot id=8974386075
2026-07-24 14:41:47,250 [INFO] aiogram.event: Update id=82034426 is handled. Duration 473 ms by bot id=8974386075
2026-07-24 14:41:56,613 [INFO] aiogram.event: Update id=82034427 is handled. Duration 344 ms by bot id=8974386075
2026-07-24 14:42:05,328 [INFO] aiogram.event: Update id=82034428 is handled. Duration 291 ms by bot id=8974386075
2026-07-24 14:42:06,450 [INFO] aiogram.event: Update id=82034429 is handled. Duration 201 ms by bot id=8974386075
2026-07-24 14:42:08,239 [INFO] aiogram.event: Update id=82034430 is handled. Duration 103 ms by bot id=8974386075
2026-07-24 14:42:13,664 [INFO] aiogram.event: Update id=82034431 is handled. Duration 150 ms by bot id=8974386075
2026-07-24 14:42:15,375 [INFO] aiogram.event: Update id=82034432 is handled. Duration 361 ms by bot id=8974386075
2026-07-24 14:42:27,911 [INFO] aiogram.event: Update id=82034433 is not handled. Duration 824 ms by bot id=8974386075
2026-07-24 14:42:27,911 [ERROR] aiogram.event: Cause exception while process update id=82034433 by bot id=8974386075
TelegramBadRequest: Telegram server says - Bad Request: message is not modified: specified new message content and reply markup are exactly the same as a current content and reply markup of the message
Traceback (most recent call last):
  File "C:\Users\dzemi\OneDrive\Desktop\VPN_BOT\.venv\Lib\site-packages\aiogram\dispatcher\dispatcher.py", line 320, in _process_update
    response = await self.feed_update(bot, update, **kwargs)
               ^^^^^^^^^^^^^^^^^^^^^^^^^^^^^^^^^^^^^^^^^^^^^
  File "C:\Users\dzemi\OneDrive\Desktop\VPN_BOT\.venv\Lib\site-packages\aiogram\dispatcher\dispatcher.py", line 164, in feed_update
    response = await self.update.wrap_outer_middleware(
               ^^^^^^^^^^^^^^^^^^^^^^^^^^^^^^^^^^^^^^^^
    ...<7 lines>...
    )
    ^
  File "C:\Users\dzemi\OneDrive\Desktop\VPN_BOT\.venv\Lib\site-packages\aiogram\dispatcher\middlewares\error.py", line 27, in __call__
    return await handler(event, data)
           ^^^^^^^^^^^^^^^^^^^^^^^^^^
  File "C:\Users\dzemi\OneDrive\Desktop\VPN_BOT\.venv\Lib\site-packages\aiogram\dispatcher\middlewares\user_context.py", line 58, in __call__
    return await handler(event, data)
           ^^^^^^^^^^^^^^^^^^^^^^^^^^
  File "C:\Users\dzemi\OneDrive\Desktop\VPN_BOT\.venv\Lib\site-packages\aiogram\fsm\middleware.py", line 43, in __call__
    return await handler(event, data)
           ^^^^^^^^^^^^^^^^^^^^^^^^^^
  File "C:\Users\dzemi\OneDrive\Desktop\VPN_BOT\.venv\Lib\site-packages\aiogram\dispatcher\event\telegram.py", line 126, in trigger
    return await wrapped_inner(event, kwargs)
           ^^^^^^^^^^^^^^^^^^^^^^^^^^^^^^^^^^
  File "C:\Users\dzemi\OneDrive\Desktop\VPN_BOT\.venv\Lib\site-packages\aiogram\dispatcher\event\handler.py", line 71, in call
    return await wrapped()
           ^^^^^^^^^^^^^^^
  File "C:\Users\dzemi\OneDrive\Desktop\VPN_BOT\.venv\Lib\site-packages\aiogram\dispatcher\dispatcher.py", line 283, in _listen_update
    return await self.propagate_event(update_type=update_type, event=event, **kwargs)
           ^^^^^^^^^^^^^^^^^^^^^^^^^^^^^^^^^^^^^^^^^^^^^^^^^^^^^^^^^^^^^^^^^^^^^^^^^^
  File "C:\Users\dzemi\OneDrive\Desktop\VPN_BOT\.venv\Lib\site-packages\aiogram\dispatcher\router.py", line 167, in propagate_event
    return await observer.wrap_outer_middleware(_wrapped, event=event, data=kwargs)
           ^^^^^^^^^^^^^^^^^^^^^^^^^^^^^^^^^^^^^^^^^^^^^^^^^^^^^^^^^^^^^^^^^^^^^^^^
  File "C:\Users\dzemi\OneDrive\Desktop\VPN_BOT\.venv\Lib\site-packages\aiogram\dispatcher\router.py", line 159, in _wrapped
    return await self._propagate_event(
           ^^^^^^^^^^^^^^^^^^^^^^^^^^^^
    ...<4 lines>...
    )
    ^
  File "C:\Users\dzemi\OneDrive\Desktop\VPN_BOT\.venv\Lib\site-packages\aiogram\dispatcher\router.py", line 195, in _propagate_event
    response = await router.propagate_event(update_type=update_type, event=event, **kwargs)
               ^^^^^^^^^^^^^^^^^^^^^^^^^^^^^^^^^^^^^^^^^^^^^^^^^^^^^^^^^^^^^^^^^^^^^^^^^^^^
  File "C:\Users\dzemi\OneDrive\Desktop\VPN_BOT\.venv\Lib\site-packages\aiogram\dispatcher\router.py", line 167, in propagate_event
    return await observer.wrap_outer_middleware(_wrapped, event=event, data=kwargs)
           ^^^^^^^^^^^^^^^^^^^^^^^^^^^^^^^^^^^^^^^^^^^^^^^^^^^^^^^^^^^^^^^^^^^^^^^^
  File "C:\Users\dzemi\OneDrive\Desktop\VPN_BOT\.venv\Lib\site-packages\aiogram\dispatcher\router.py", line 159, in _wrapped
    return await self._propagate_event(
           ^^^^^^^^^^^^^^^^^^^^^^^^^^^^
    ...<4 lines>...
    )
    ^
  File "C:\Users\dzemi\OneDrive\Desktop\VPN_BOT\.venv\Lib\site-packages\aiogram\dispatcher\router.py", line 187, in _propagate_event
    response = await observer.trigger(event, **kwargs)
               ^^^^^^^^^^^^^^^^^^^^^^^^^^^^^^^^^^^^^^^
  File "C:\Users\dzemi\OneDrive\Desktop\VPN_BOT\.venv\Lib\site-packages\aiogram\dispatcher\event\telegram.py", line 126, in trigger
    return await wrapped_inner(event, kwargs)
           ^^^^^^^^^^^^^^^^^^^^^^^^^^^^^^^^^^
  File "C:\Users\dzemi\OneDrive\Desktop\VPN_BOT\bot\middlewares\throttling.py", line 28, in __call__
    return await handler(event, data)
           ^^^^^^^^^^^^^^^^^^^^^^^^^^
  File "C:\Users\dzemi\OneDrive\Desktop\VPN_BOT\.venv\Lib\site-packages\aiogram\dispatcher\event\handler.py", line 71, in call
    return await wrapped()
           ^^^^^^^^^^^^^^^
  File "C:\Users\dzemi\OneDrive\Desktop\VPN_BOT\bot\handlers\start.py", line 163, in create_device_handler
    await my_sub_handler(callback)
  File "C:\Users\dzemi\OneDrive\Desktop\VPN_BOT\bot\handlers\start.py", line 115, in my_sub_handler
    await callback.message.edit_text(text, reply_markup=keyboard, parse_mode="Markdown")
  File "C:\Users\dzemi\OneDrive\Desktop\VPN_BOT\.venv\Lib\site-packages\aiogram\methods\base.py", line 82, in emit
    return await bot(self)
           ^^^^^^^^^^^^^^^
  File "C:\Users\dzemi\OneDrive\Desktop\VPN_BOT\.venv\Lib\site-packages\aiogram\client\bot.py", line 514, in __call__
    return await self.session(self, method, timeout=request_timeout)
           ^^^^^^^^^^^^^^^^^^^^^^^^^^^^^^^^^^^^^^^^^^^^^^^^^^^^^^^^^
  File "C:\Users\dzemi\OneDrive\Desktop\VPN_BOT\.venv\Lib\site-packages\aiogram\client\session\base.py", line 259, in __call__
    return cast(TelegramType, await middleware(bot, method))
                              ^^^^^^^^^^^^^^^^^^^^^^^^^^^^^
  File "C:\Users\dzemi\OneDrive\Desktop\VPN_BOT\.venv\Lib\site-packages\aiogram\client\session\aiohttp.py", line 177, in make_request
    response = self.check_response(
        bot=bot,
    ...<2 lines>...
        content=raw_result,
    )
  File "C:\Users\dzemi\OneDrive\Desktop\VPN_BOT\.venv\Lib\site-packages\aiogram\client\session\base.py", line 121, in check_response
    raise TelegramBadRequest(method=method, message=description)
aiogram.exceptions.TelegramBadRequest: Telegram server says - Bad Request: message is not modified: specified new message content and reply markup are exactly the same as a current content and reply markup of the message
2026-07-24 14:44:45,789 [INFO] aiogram.dispatcher: Polling stopped
2026-07-24 14:44:45,790 [ERROR] aiogram.dispatcher: Failed to fetch updates - TelegramNetworkError: HTTP Client says - ServerDisconnectedError: Server disconnected
2026-07-24 14:44:45,790 [WARNING] aiogram.dispatcher: Sleep for 1.000000 seconds and try again... (tryings = 0, bot id = 8974386075)
2026-07-24 14:44:46,041 [INFO] aiogram.dispatcher: Polling stopped for bot @vpnjempobot id=8974386075 - 'JempoVPN'
2026-07-24 14:45:03,931 [INFO] root: Инициализация проекта...
2026-07-24 14:45:03,933 [INFO] root: База данных инициализирована.
2026-07-24 14:45:04,433 [INFO] root: Бот успешно запущен!
2026-07-24 14:45:04,434 [INFO] aiogram.dispatcher: Start polling
2026-07-24 14:45:04,520 [INFO] aiogram.dispatcher: Run polling for bot @vpnjempobot id=8974386075 - 'JempoVPN'
2026-07-24 14:45:08,600 [INFO] aiogram.event: Update id=82034434 is handled. Duration 115 ms by bot id=8974386075
2026-07-24 14:45:10,448 [INFO] aiogram.event: Update id=82034435 is handled. Duration 354 ms by bot id=8974386075
2026-07-24 14:45:12,569 [INFO] aiogram.event: Update id=82034436 is handled. Duration 782 ms by bot id=8974386075
2026-07-24 14:45:14,981 [INFO] aiogram.event: Update id=82034437 is handled. Duration 344 ms by bot id=8974386075
2026-07-24 14:45:17,122 [INFO] aiogram.event: Update id=82034438 is handled. Duration 359 ms by bot id=8974386075
2026-07-24 14:45:19,230 [INFO] aiogram.event: Update id=82034439 is handled. Duration 403 ms by bot id=8974386075
2026-07-24 14:45:21,064 [INFO] aiogram.event: Update id=82034440 is handled. Duration 388 ms by bot id=8974386075
2026-07-24 14:45:25,321 [INFO] aiogram.event: Update id=82034441 is handled. Duration 338 ms by bot id=8974386075
2026-07-24 14:45:26,714 [INFO] aiogram.event: Update id=82034442 is handled. Duration 365 ms by bot id=8974386075
2026-07-24 14:45:30,903 [INFO] aiogram.event: Update id=82034443 is handled. Duration 768 ms by bot id=8974386075
2026-07-24 14:45:34,365 [INFO] aiogram.event: Update id=82034444 is handled. Duration 761 ms by bot id=8974386075
2026-07-24 14:45:36,773 [INFO] aiogram.event: Update id=82034445 is handled. Duration 936 ms by bot id=8974386075
2026-07-24 14:48:27,339 [INFO] aiogram.dispatcher: Polling stopped
2026-07-24 14:48:27,340 [ERROR] aiogram.dispatcher: Failed to fetch updates - TelegramNetworkError: HTTP Client says - ServerDisconnectedError: Server disconnected
2026-07-24 14:48:27,340 [WARNING] aiogram.dispatcher: Sleep for 1.000000 seconds and try again... (tryings = 0, bot id = 8974386075)
2026-07-24 14:48:27,592 [INFO] aiogram.dispatcher: Polling stopped for bot @vpnjempobot id=8974386075 - 'JempoVPN'
2026-07-24 14:48:34,753 [INFO] root: Инициализация проекта...
2026-07-24 14:48:34,755 [INFO] root: База данных инициализирована.
2026-07-24 14:48:35,251 [INFO] root: Бот успешно запущен!
2026-07-24 14:48:35,252 [INFO] aiogram.dispatcher: Start polling
2026-07-24 14:48:35,357 [INFO] aiogram.dispatcher: Run polling for bot @vpnjempobot id=8974386075 - 'JempoVPN'
2026-07-24 14:48:37,044 [INFO] aiogram.event: Update id=82034446 is handled. Duration 122 ms by bot id=8974386075
2026-07-24 14:48:38,852 [INFO] aiogram.event: Update id=82034447 is handled. Duration 188 ms by bot id=8974386075
2026-07-24 14:48:40,876 [INFO] aiogram.event: Update id=82034448 is handled. Duration 225 ms by bot id=8974386075
2026-07-24 14:49:00,689 [INFO] aiogram.event: Update id=82034449 is handled. Duration 394 ms by bot id=8974386075
2026-07-24 14:57:42,593 [INFO] aiogram.dispatcher: Polling stopped
2026-07-24 14:57:42,594 [ERROR] aiogram.dispatcher: Failed to fetch updates - TelegramNetworkError: HTTP Client says - ServerDisconnectedError: Server disconnected
2026-07-24 14:57:42,595 [WARNING] aiogram.dispatcher: Sleep for 1.000000 seconds and try again... (tryings = 0, bot id = 8974386075)
2026-07-24 14:57:42,845 [INFO] aiogram.dispatcher: Polling stopped for bot @vpnjempobot id=8974386075 - 'JempoVPN'
2026-07-24 14:57:48,788 [INFO] root: Инициализация проекта...
2026-07-24 14:57:48,802 [INFO] root: База данных инициализирована.
2026-07-24 14:57:49,357 [INFO] root: Бот успешно запущен!
2026-07-24 14:57:49,357 [INFO] aiogram.dispatcher: Start polling
2026-07-24 14:57:49,457 [INFO] aiogram.dispatcher: Run polling for bot @vpnjempobot id=8974386075 - 'JempoVPN'
2026-07-24 14:57:51,905 [INFO] aiogram.event: Update id=82034450 is handled. Duration 172 ms by bot id=8974386075
2026-07-24 14:57:53,439 [INFO] aiogram.event: Update id=82034451 is handled. Duration 263 ms by bot id=8974386075
2026-07-24 14:57:55,184 [INFO] aiogram.event: Update id=82034452 is handled. Duration 253 ms by bot id=8974386075
2026-07-24 14:57:56,334 [INFO] aiogram.event: Update id=82034453 is handled. Duration 378 ms by bot id=8974386075
2026-07-24 14:58:03,310 [INFO] aiogram.event: Update id=82034454 is handled. Duration 429 ms by bot id=8974386075
2026-07-24 14:58:04,986 [INFO] aiogram.event: Update id=82034455 is handled. Duration 809 ms by bot id=8974386075
2026-07-24 14:58:13,392 [INFO] aiogram.event: Update id=82034456 is handled. Duration 127 ms by bot id=8974386075
2026-07-24 14:58:15,169 [INFO] aiogram.event: Update id=82034457 is handled. Duration 389 ms by bot id=8974386075
2026-07-24 14:58:16,840 [INFO] aiogram.event: Update id=82034458 is handled. Duration 406 ms by bot id=8974386075
2026-07-24 14:58:18,418 [INFO] aiogram.event: Update id=82034459 is handled. Duration 795 ms by bot id=8974386075
2026-07-24 14:58:20,565 [INFO] aiogram.event: Update id=82034460 is handled. Duration 369 ms by bot id=8974386075
2026-07-24 14:58:22,066 [INFO] aiogram.event: Update id=82034461 is handled. Duration 821 ms by bot id=8974386075
2026-07-24 14:58:24,184 [INFO] aiogram.event: Update id=82034462 is handled. Duration 398 ms by bot id=8974386075
2026-07-24 14:58:25,681 [INFO] aiogram.event: Update id=82034463 is handled. Duration 814 ms by bot id=8974386075
2026-07-24 14:58:49,641 [INFO] aiogram.event: Update id=82034464 is handled. Duration 2784 ms by bot id=8974386075
2026-07-24 14:58:57,909 [INFO] aiogram.event: Update id=82034465 is handled. Duration 131 ms by bot id=8974386075
2026-07-24 14:58:59,589 [INFO] aiogram.event: Update id=82034466 is handled. Duration 388 ms by bot id=8974386075
2026-07-24 15:06:58,219 [INFO] aiogram.dispatcher: Polling stopped
2026-07-24 15:06:58,221 [ERROR] aiogram.dispatcher: Failed to fetch updates - TelegramNetworkError: HTTP Client says - ServerDisconnectedError: Server disconnected
2026-07-24 15:06:58,221 [WARNING] aiogram.dispatcher: Sleep for 1.000000 seconds and try again... (tryings = 0, bot id = 8974386075)
2026-07-24 15:06:58,471 [INFO] aiogram.dispatcher: Polling stopped for bot @vpnjempobot id=8974386075 - 'JempoVPN'
2026-07-24 15:07:04,636 [INFO] root: Инициализация проекта...
2026-07-24 15:07:04,638 [INFO] root: База данных инициализирована.
2026-07-24 15:07:05,153 [INFO] root: Бот успешно запущен!
2026-07-24 15:07:05,154 [INFO] aiogram.dispatcher: Start polling
2026-07-24 15:07:05,242 [INFO] aiogram.dispatcher: Run polling for bot @vpnjempobot id=8974386075 - 'JempoVPN'
2026-07-24 15:07:09,020 [INFO] aiogram.event: Update id=82034467 is handled. Duration 116 ms by bot id=8974386075
2026-07-24 15:07:10,440 [INFO] aiogram.event: Update id=82034468 is handled. Duration 346 ms by bot id=8974386075
2026-07-24 15:07:13,959 [INFO] aiogram.event: Update id=82034469 is handled. Duration 318 ms by bot id=8974386075
2026-07-24 15:08:01,709 [INFO] aiogram.event: Update id=82034470 is handled. Duration 302 ms by bot id=8974386075
2026-07-24 15:08:05,591 [INFO] aiogram.event: Update id=82034471 is handled. Duration 121 ms by bot id=8974386075
2026-07-24 15:08:13,289 [INFO] aiogram.event: Update id=82034472 is handled. Duration 200 ms by bot id=8974386075
2026-07-24 15:08:29,417 [INFO] aiogram.event: Update id=82034473 is handled. Duration 191 ms by bot id=8974386075
2026-07-24 15:08:32,397 [INFO] aiogram.event: Update id=82034474 is handled. Duration 217 ms by bot id=8974386075
2026-07-24 15:09:02,970 [INFO] aiogram.event: Update id=82034475 is handled. Duration 237 ms by bot id=8974386075
2026-07-24 15:11:16,585 [INFO] aiogram.event: Update id=82034476 is handled. Duration 117 ms by bot id=8974386075
2026-07-24 15:11:19,330 [INFO] aiogram.event: Update id=82034477 is handled. Duration 185 ms by bot id=8974386075
2026-07-24 15:11:25,044 [INFO] aiogram.event: Update id=82034478 is handled. Duration 929 ms by bot id=8974386075
2026-07-24 15:11:35,362 [INFO] aiogram.event: Update id=82034479 is handled. Duration 355 ms by bot id=8974386075
2026-07-24 15:11:40,872 [INFO] aiogram.event: Update id=82034480 is handled. Duration 104 ms by bot id=8974386075
2026-07-24 15:11:42,928 [INFO] aiogram.event: Update id=82034481 is handled. Duration 375 ms by bot id=8974386075
2026-07-24 15:11:44,505 [INFO] aiogram.event: Update id=82034482 is handled. Duration 354 ms by bot id=8974386075
2026-07-24 15:12:15,167 [INFO] aiogram.event: Update id=82034483 is handled. Duration 331 ms by bot id=8974386075
2026-07-24 15:12:36,844 [INFO] aiogram.event: Update id=82034484 is handled. Duration 207 ms by bot id=8974386075
2026-07-24 15:12:39,852 [INFO] aiogram.event: Update id=82034485 is handled. Duration 279 ms by bot id=8974386075
2026-07-24 15:12:41,364 [INFO] aiogram.event: Update id=82034486 is handled. Duration 298 ms by bot id=8974386075
2026-07-24 15:12:43,853 [INFO] aiogram.event: Update id=82034487 is handled. Duration 333 ms by bot id=8974386075
2026-07-24 15:13:26,892 [INFO] aiogram.event: Update id=82034488 is handled. Duration 201 ms by bot id=8974386075
2026-07-24 15:13:32,507 [INFO] aiogram.event: Update id=82034489 is handled. Duration 210 ms by bot id=8974386075
2026-07-24 15:27:16,119 [INFO] aiogram.dispatcher: Polling stopped
2026-07-24 15:27:16,120 [ERROR] aiogram.dispatcher: Failed to fetch updates - TelegramNetworkError: HTTP Client says - ServerDisconnectedError: Server disconnected
2026-07-24 15:27:16,120 [WARNING] aiogram.dispatcher: Sleep for 1.000000 seconds and try again... (tryings = 0, bot id = 8974386075)
2026-07-24 15:27:16,372 [INFO] aiogram.dispatcher: Polling stopped for bot @vpnjempobot id=8974386075 - 'JempoVPN'
2026-07-24 15:27:21,946 [INFO] root: Инициализация проекта...
2026-07-24 15:27:21,948 [INFO] root: База данных инициализирована.
2026-07-24 15:27:22,417 [INFO] root: Бот успешно запущен!
2026-07-24 15:27:22,620 [INFO] aiogram.dispatcher: Start polling
2026-07-24 15:27:22,697 [INFO] aiogram.dispatcher: Run polling for bot @vpnjempobot id=8974386075 - 'JempoVPN'
2026-07-24 15:29:35,518 [INFO] aiogram.event: Update id=82034490 is handled. Duration 341 ms by bot id=8974386075
2026-07-24 15:29:37,134 [INFO] aiogram.event: Update id=82034491 is handled. Duration 355 ms by bot id=8974386075
2026-07-24 15:30:40,043 [INFO] aiogram.event: Update id=82034492 is handled. Duration 343 ms by bot id=8974386075
2026-07-24 15:31:13,349 [INFO] aiogram.event: Update id=82034493 is handled. Duration 545 ms by bot id=8974386075
2026-07-24 15:31:16,691 [INFO] aiogram.event: Update id=82034494 is handled. Duration 336 ms by bot id=8974386075
2026-07-24 15:31:19,321 [INFO] aiogram.event: Update id=82034495 is handled. Duration 351 ms by bot id=8974386075
2026-07-24 15:32:36,359 [INFO] aiogram.event: Update id=82034496 is handled. Duration 105 ms by bot id=8974386075
2026-07-24 15:33:50,054 [ERROR] aiogram.dispatcher: Failed to fetch updates - TelegramNetworkError: HTTP Client says - ClientOSError: [WinError 1236] Подключение к сети было разорвано локальной системой
2026-07-24 15:33:50,076 [WARNING] aiogram.dispatcher: Sleep for 1.000000 seconds and try again... (tryings = 0, bot id = 8974386075)
2026-07-24 15:34:12,093 [ERROR] aiogram.dispatcher: Failed to fetch updates - TelegramNetworkError: HTTP Client says - ClientConnectorError: Cannot connect to host api.telegram.org:443 ssl:default [Multiple exceptions: [WinError 121] Превышен таймаут семафора, [WinError 1231] Сетевая папка недоступна. За информацией о разрешении проблем в сети обратитесь к справочной системе Windows]
2026-07-24 15:34:12,094 [WARNING] aiogram.dispatcher: Sleep for 1.104519 seconds and try again... (tryings = 1, bot id = 8974386075)
2026-07-24 15:34:34,205 [ERROR] aiogram.dispatcher: Failed to fetch updates - TelegramNetworkError: HTTP Client says - ClientConnectorError: Cannot connect to host api.telegram.org:443 ssl:default [Multiple exceptions: [WinError 1231] Сетевая папка недоступна. За информацией о разрешении проблем в сети обратитесь к справочной системе Windows, [WinError 121] Превышен таймаут семафора]
2026-07-24 15:34:34,206 [WARNING] aiogram.dispatcher: Sleep for 1.368031 seconds and try again... (tryings = 2, bot id = 8974386075)
2026-07-24 15:34:56,579 [ERROR] aiogram.dispatcher: Failed to fetch updates - TelegramNetworkError: HTTP Client says - ClientConnectorError: Cannot connect to host api.telegram.org:443 ssl:default [Multiple exceptions: [WinError 121] Превышен таймаут семафора, [WinError 1231] Сетевая папка недоступна. За информацией о разрешении проблем в сети обратитесь к справочной системе Windows]
2026-07-24 15:34:56,580 [WARNING] aiogram.dispatcher: Sleep for 1.907821 seconds and try again... (tryings = 3, bot id = 8974386075)
2026-07-24 15:35:19,492 [ERROR] aiogram.dispatcher: Failed to fetch updates - TelegramNetworkError: HTTP Client says - ClientConnectorError: Cannot connect to host api.telegram.org:443 ssl:default [Multiple exceptions: [WinError 1231] Сетевая папка недоступна. За информацией о разрешении проблем в сети обратитесь к справочной системе Windows, [WinError 121] Превышен таймаут семафора]
2026-07-24 15:35:19,493 [WARNING] aiogram.dispatcher: Sleep for 2.520533 seconds and try again... (tryings = 4, bot id = 8974386075)
2026-07-24 15:35:43,019 [ERROR] aiogram.dispatcher: Failed to fetch updates - TelegramNetworkError: HTTP Client says - ClientConnectorError: Cannot connect to host api.telegram.org:443 ssl:default [Multiple exceptions: [WinError 121] Превышен таймаут семафора, [WinError 1231] Сетевая папка недоступна. За информацией о разрешении проблем в сети обратитесь к справочной системе Windows]
2026-07-24 15:35:43,020 [WARNING] aiogram.dispatcher: Sleep for 3.098756 seconds and try again... (tryings = 5, bot id = 8974386075)
2026-07-24 15:36:07,124 [ERROR] aiogram.dispatcher: Failed to fetch updates - TelegramNetworkError: HTTP Client says - ClientConnectorError: Cannot connect to host api.telegram.org:443 ssl:default [Multiple exceptions: [WinError 1231] Сетевая папка недоступна. За информацией о разрешении проблем в сети обратитесь к справочной системе Windows, [WinError 121] Превышен таймаут семафора]
2026-07-24 15:36:07,125 [WARNING] aiogram.dispatcher: Sleep for 4.043471 seconds and try again... (tryings = 6, bot id = 8974386075)
2026-07-24 15:36:26,171 [ERROR] aiogram.dispatcher: Failed to fetch updates - TelegramNetworkError: HTTP Client says - ClientConnectorError: Cannot connect to host api.telegram.org:443 ssl:default [Multiple exceptions: [WinError 1236] Подключение к сети было разорвано локальной системой, [WinError 1231] Сетевая папка недоступна. За информацией о разрешении проблем в сети обратитесь к справочной системе Windows]
2026-07-24 15:36:26,171 [WARNING] aiogram.dispatcher: Sleep for 5.104546 seconds and try again... (tryings = 7, bot id = 8974386075)
2026-07-24 15:36:31,785 [INFO] aiogram.dispatcher: Connection established (tryings = 8, bot id = 8974386075)
2026-07-24 15:36:32,045 [INFO] aiogram.event: Update id=82034505 is not handled. Duration 256 ms by bot id=8974386075
2026-07-24 15:36:32,045 [ERROR] aiogram.event: Cause exception while process update id=82034505 by bot id=8974386075
TelegramBadRequest: Telegram server says - Bad Request: query is too old and response timeout expired or query ID is invalid
Traceback (most recent call last):
  File "C:\Users\dzemi\OneDrive\Desktop\VPN_BOT\.venv\Lib\site-packages\aiogram\dispatcher\dispatcher.py", line 320, in _process_update
    response = await self.feed_update(bot, update, **kwargs)
               ^^^^^^^^^^^^^^^^^^^^^^^^^^^^^^^^^^^^^^^^^^^^^
  File "C:\Users\dzemi\OneDrive\Desktop\VPN_BOT\.venv\Lib\site-packages\aiogram\dispatcher\dispatcher.py", line 164, in feed_update
    response = await self.update.wrap_outer_middleware(
               ^^^^^^^^^^^^^^^^^^^^^^^^^^^^^^^^^^^^^^^^
    ...<7 lines>...
    )
    ^
  File "C:\Users\dzemi\OneDrive\Desktop\VPN_BOT\.venv\Lib\site-packages\aiogram\dispatcher\middlewares\error.py", line 27, in __call__
    return await handler(event, data)
           ^^^^^^^^^^^^^^^^^^^^^^^^^^
  File "C:\Users\dzemi\OneDrive\Desktop\VPN_BOT\.venv\Lib\site-packages\aiogram\dispatcher\middlewares\user_context.py", line 58, in __call__
    return await handler(event, data)
           ^^^^^^^^^^^^^^^^^^^^^^^^^^
  File "C:\Users\dzemi\OneDrive\Desktop\VPN_BOT\.venv\Lib\site-packages\aiogram\fsm\middleware.py", line 43, in __call__
    return await handler(event, data)
           ^^^^^^^^^^^^^^^^^^^^^^^^^^
  File "C:\Users\dzemi\OneDrive\Desktop\VPN_BOT\.venv\Lib\site-packages\aiogram\dispatcher\event\telegram.py", line 126, in trigger
    return await wrapped_inner(event, kwargs)
           ^^^^^^^^^^^^^^^^^^^^^^^^^^^^^^^^^^
  File "C:\Users\dzemi\OneDrive\Desktop\VPN_BOT\.venv\Lib\site-packages\aiogram\dispatcher\event\handler.py", line 71, in call
    return await wrapped()
           ^^^^^^^^^^^^^^^
  File "C:\Users\dzemi\OneDrive\Desktop\VPN_BOT\.venv\Lib\site-packages\aiogram\dispatcher\dispatcher.py", line 283, in _listen_update
    return await self.propagate_event(update_type=update_type, event=event, **kwargs)
           ^^^^^^^^^^^^^^^^^^^^^^^^^^^^^^^^^^^^^^^^^^^^^^^^^^^^^^^^^^^^^^^^^^^^^^^^^^
  File "C:\Users\dzemi\OneDrive\Desktop\VPN_BOT\.venv\Lib\site-packages\aiogram\dispatcher\router.py", line 167, in propagate_event
    return await observer.wrap_outer_middleware(_wrapped, event=event, data=kwargs)
           ^^^^^^^^^^^^^^^^^^^^^^^^^^^^^^^^^^^^^^^^^^^^^^^^^^^^^^^^^^^^^^^^^^^^^^^^
  File "C:\Users\dzemi\OneDrive\Desktop\VPN_BOT\.venv\Lib\site-packages\aiogram\dispatcher\router.py", line 159, in _wrapped
    return await self._propagate_event(
           ^^^^^^^^^^^^^^^^^^^^^^^^^^^^
    ...<4 lines>...
    )
    ^
  File "C:\Users\dzemi\OneDrive\Desktop\VPN_BOT\.venv\Lib\site-packages\aiogram\dispatcher\router.py", line 195, in _propagate_event
    response = await router.propagate_event(update_type=update_type, event=event, **kwargs)
               ^^^^^^^^^^^^^^^^^^^^^^^^^^^^^^^^^^^^^^^^^^^^^^^^^^^^^^^^^^^^^^^^^^^^^^^^^^^^
  File "C:\Users\dzemi\OneDrive\Desktop\VPN_BOT\.venv\Lib\site-packages\aiogram\dispatcher\router.py", line 167, in propagate_event
    return await observer.wrap_outer_middleware(_wrapped, event=event, data=kwargs)
           ^^^^^^^^^^^^^^^^^^^^^^^^^^^^^^^^^^^^^^^^^^^^^^^^^^^^^^^^^^^^^^^^^^^^^^^^
  File "C:\Users\dzemi\OneDrive\Desktop\VPN_BOT\.venv\Lib\site-packages\aiogram\dispatcher\router.py", line 159, in _wrapped
    return await self._propagate_event(
           ^^^^^^^^^^^^^^^^^^^^^^^^^^^^
    ...<4 lines>...
    )
    ^
  File "C:\Users\dzemi\OneDrive\Desktop\VPN_BOT\.venv\Lib\site-packages\aiogram\dispatcher\router.py", line 187, in _propagate_event
    response = await observer.trigger(event, **kwargs)
               ^^^^^^^^^^^^^^^^^^^^^^^^^^^^^^^^^^^^^^^
  File "C:\Users\dzemi\OneDrive\Desktop\VPN_BOT\.venv\Lib\site-packages\aiogram\dispatcher\event\telegram.py", line 126, in trigger
    return await wrapped_inner(event, kwargs)
           ^^^^^^^^^^^^^^^^^^^^^^^^^^^^^^^^^^
  File "C:\Users\dzemi\OneDrive\Desktop\VPN_BOT\bot\middlewares\throttling.py", line 25, in __call__
    await event.answer("⚠️ Слишком частые клики!", show_alert=True)
  File "C:\Users\dzemi\OneDrive\Desktop\VPN_BOT\.venv\Lib\site-packages\aiogram\methods\base.py", line 82, in emit
    return await bot(self)
           ^^^^^^^^^^^^^^^
  File "C:\Users\dzemi\OneDrive\Desktop\VPN_BOT\.venv\Lib\site-packages\aiogram\client\bot.py", line 514, in __call__
    return await self.session(self, method, timeout=request_timeout)
           ^^^^^^^^^^^^^^^^^^^^^^^^^^^^^^^^^^^^^^^^^^^^^^^^^^^^^^^^^
  File "C:\Users\dzemi\OneDrive\Desktop\VPN_BOT\.venv\Lib\site-packages\aiogram\client\session\base.py", line 259, in __call__
    return cast(TelegramType, await middleware(bot, method))
                              ^^^^^^^^^^^^^^^^^^^^^^^^^^^^^
  File "C:\Users\dzemi\OneDrive\Desktop\VPN_BOT\.venv\Lib\site-packages\aiogram\client\session\aiohttp.py", line 177, in make_request
    response = self.check_response(
        bot=bot,
    ...<2 lines>...
        content=raw_result,
    )
  File "C:\Users\dzemi\OneDrive\Desktop\VPN_BOT\.venv\Lib\site-packages\aiogram\client\session\base.py", line 121, in check_response
    raise TelegramBadRequest(method=method, message=description)
aiogram.exceptions.TelegramBadRequest: Telegram server says - Bad Request: query is too old and response timeout expired or query ID is invalid
2026-07-24 15:36:32,076 [INFO] aiogram.event: Update id=82034503 is not handled. Duration 288 ms by bot id=8974386075
2026-07-24 15:36:32,076 [ERROR] aiogram.event: Cause exception while process update id=82034503 by bot id=8974386075
TelegramBadRequest: Telegram server says - Bad Request: query is too old and response timeout expired or query ID is invalid
Traceback (most recent call last):
  File "C:\Users\dzemi\OneDrive\Desktop\VPN_BOT\.venv\Lib\site-packages\aiogram\dispatcher\dispatcher.py", line 320, in _process_update
    response = await self.feed_update(bot, update, **kwargs)
               ^^^^^^^^^^^^^^^^^^^^^^^^^^^^^^^^^^^^^^^^^^^^^
  File "C:\Users\dzemi\OneDrive\Desktop\VPN_BOT\.venv\Lib\site-packages\aiogram\dispatcher\dispatcher.py", line 164, in feed_update
    response = await self.update.wrap_outer_middleware(
               ^^^^^^^^^^^^^^^^^^^^^^^^^^^^^^^^^^^^^^^^
    ...<7 lines>...
    )
    ^
  File "C:\Users\dzemi\OneDrive\Desktop\VPN_BOT\.venv\Lib\site-packages\aiogram\dispatcher\middlewares\error.py", line 27, in __call__
    return await handler(event, data)
           ^^^^^^^^^^^^^^^^^^^^^^^^^^
  File "C:\Users\dzemi\OneDrive\Desktop\VPN_BOT\.venv\Lib\site-packages\aiogram\dispatcher\middlewares\user_context.py", line 58, in __call__
    return await handler(event, data)
           ^^^^^^^^^^^^^^^^^^^^^^^^^^
  File "C:\Users\dzemi\OneDrive\Desktop\VPN_BOT\.venv\Lib\site-packages\aiogram\fsm\middleware.py", line 43, in __call__
    return await handler(event, data)
           ^^^^^^^^^^^^^^^^^^^^^^^^^^
  File "C:\Users\dzemi\OneDrive\Desktop\VPN_BOT\.venv\Lib\site-packages\aiogram\dispatcher\event\telegram.py", line 126, in trigger
    return await wrapped_inner(event, kwargs)
           ^^^^^^^^^^^^^^^^^^^^^^^^^^^^^^^^^^
  File "C:\Users\dzemi\OneDrive\Desktop\VPN_BOT\.venv\Lib\site-packages\aiogram\dispatcher\event\handler.py", line 71, in call
    return await wrapped()
           ^^^^^^^^^^^^^^^
  File "C:\Users\dzemi\OneDrive\Desktop\VPN_BOT\.venv\Lib\site-packages\aiogram\dispatcher\dispatcher.py", line 283, in _listen_update
    return await self.propagate_event(update_type=update_type, event=event, **kwargs)
           ^^^^^^^^^^^^^^^^^^^^^^^^^^^^^^^^^^^^^^^^^^^^^^^^^^^^^^^^^^^^^^^^^^^^^^^^^^
  File "C:\Users\dzemi\OneDrive\Desktop\VPN_BOT\.venv\Lib\site-packages\aiogram\dispatcher\router.py", line 167, in propagate_event
    return await observer.wrap_outer_middleware(_wrapped, event=event, data=kwargs)
           ^^^^^^^^^^^^^^^^^^^^^^^^^^^^^^^^^^^^^^^^^^^^^^^^^^^^^^^^^^^^^^^^^^^^^^^^
  File "C:\Users\dzemi\OneDrive\Desktop\VPN_BOT\.venv\Lib\site-packages\aiogram\dispatcher\router.py", line 159, in _wrapped
    return await self._propagate_event(
           ^^^^^^^^^^^^^^^^^^^^^^^^^^^^
    ...<4 lines>...
    )
    ^
  File "C:\Users\dzemi\OneDrive\Desktop\VPN_BOT\.venv\Lib\site-packages\aiogram\dispatcher\router.py", line 195, in _propagate_event
    response = await router.propagate_event(update_type=update_type, event=event, **kwargs)
               ^^^^^^^^^^^^^^^^^^^^^^^^^^^^^^^^^^^^^^^^^^^^^^^^^^^^^^^^^^^^^^^^^^^^^^^^^^^^
  File "C:\Users\dzemi\OneDrive\Desktop\VPN_BOT\.venv\Lib\site-packages\aiogram\dispatcher\router.py", line 167, in propagate_event
    return await observer.wrap_outer_middleware(_wrapped, event=event, data=kwargs)
           ^^^^^^^^^^^^^^^^^^^^^^^^^^^^^^^^^^^^^^^^^^^^^^^^^^^^^^^^^^^^^^^^^^^^^^^^
  File "C:\Users\dzemi\OneDrive\Desktop\VPN_BOT\.venv\Lib\site-packages\aiogram\dispatcher\router.py", line 159, in _wrapped
    return await self._propagate_event(
           ^^^^^^^^^^^^^^^^^^^^^^^^^^^^
    ...<4 lines>...
    )
    ^
  File "C:\Users\dzemi\OneDrive\Desktop\VPN_BOT\.venv\Lib\site-packages\aiogram\dispatcher\router.py", line 187, in _propagate_event
    response = await observer.trigger(event, **kwargs)
               ^^^^^^^^^^^^^^^^^^^^^^^^^^^^^^^^^^^^^^^
  File "C:\Users\dzemi\OneDrive\Desktop\VPN_BOT\.venv\Lib\site-packages\aiogram\dispatcher\event\telegram.py", line 126, in trigger
    return await wrapped_inner(event, kwargs)
           ^^^^^^^^^^^^^^^^^^^^^^^^^^^^^^^^^^
  File "C:\Users\dzemi\OneDrive\Desktop\VPN_BOT\bot\middlewares\throttling.py", line 25, in __call__
    await event.answer("⚠️ Слишком частые клики!", show_alert=True)
  File "C:\Users\dzemi\OneDrive\Desktop\VPN_BOT\.venv\Lib\site-packages\aiogram\methods\base.py", line 82, in emit
    return await bot(self)
           ^^^^^^^^^^^^^^^
  File "C:\Users\dzemi\OneDrive\Desktop\VPN_BOT\.venv\Lib\site-packages\aiogram\client\bot.py", line 514, in __call__
    return await self.session(self, method, timeout=request_timeout)
           ^^^^^^^^^^^^^^^^^^^^^^^^^^^^^^^^^^^^^^^^^^^^^^^^^^^^^^^^^
  File "C:\Users\dzemi\OneDrive\Desktop\VPN_BOT\.venv\Lib\site-packages\aiogram\client\session\base.py", line 259, in __call__
    return cast(TelegramType, await middleware(bot, method))
                              ^^^^^^^^^^^^^^^^^^^^^^^^^^^^^
  File "C:\Users\dzemi\OneDrive\Desktop\VPN_BOT\.venv\Lib\site-packages\aiogram\client\session\aiohttp.py", line 177, in make_request
    response = self.check_response(
        bot=bot,
    ...<2 lines>...
        content=raw_result,
    )
  File "C:\Users\dzemi\OneDrive\Desktop\VPN_BOT\.venv\Lib\site-packages\aiogram\client\session\base.py", line 121, in check_response
    raise TelegramBadRequest(method=method, message=description)
aiogram.exceptions.TelegramBadRequest: Telegram server says - Bad Request: query is too old and response timeout expired or query ID is invalid
2026-07-24 15:36:32,079 [INFO] aiogram.event: Update id=82034501 is handled. Duration 291 ms by bot id=8974386075
2026-07-24 15:36:32,079 [INFO] aiogram.event: Update id=82034504 is not handled. Duration 290 ms by bot id=8974386075
2026-07-24 15:36:32,080 [ERROR] aiogram.event: Cause exception while process update id=82034504 by bot id=8974386075
TelegramBadRequest: Telegram server says - Bad Request: query is too old and response timeout expired or query ID is invalid
Traceback (most recent call last):
  File "C:\Users\dzemi\OneDrive\Desktop\VPN_BOT\.venv\Lib\site-packages\aiogram\dispatcher\dispatcher.py", line 320, in _process_update
    response = await self.feed_update(bot, update, **kwargs)
               ^^^^^^^^^^^^^^^^^^^^^^^^^^^^^^^^^^^^^^^^^^^^^
  File "C:\Users\dzemi\OneDrive\Desktop\VPN_BOT\.venv\Lib\site-packages\aiogram\dispatcher\dispatcher.py", line 164, in feed_update
    response = await self.update.wrap_outer_middleware(
               ^^^^^^^^^^^^^^^^^^^^^^^^^^^^^^^^^^^^^^^^
    ...<7 lines>...
    )
    ^
  File "C:\Users\dzemi\OneDrive\Desktop\VPN_BOT\.venv\Lib\site-packages\aiogram\dispatcher\middlewares\error.py", line 27, in __call__
    return await handler(event, data)
           ^^^^^^^^^^^^^^^^^^^^^^^^^^
  File "C:\Users\dzemi\OneDrive\Desktop\VPN_BOT\.venv\Lib\site-packages\aiogram\dispatcher\middlewares\user_context.py", line 58, in __call__
    return await handler(event, data)
           ^^^^^^^^^^^^^^^^^^^^^^^^^^
  File "C:\Users\dzemi\OneDrive\Desktop\VPN_BOT\.venv\Lib\site-packages\aiogram\fsm\middleware.py", line 43, in __call__
    return await handler(event, data)
           ^^^^^^^^^^^^^^^^^^^^^^^^^^
  File "C:\Users\dzemi\OneDrive\Desktop\VPN_BOT\.venv\Lib\site-packages\aiogram\dispatcher\event\telegram.py", line 126, in trigger
    return await wrapped_inner(event, kwargs)
           ^^^^^^^^^^^^^^^^^^^^^^^^^^^^^^^^^^
  File "C:\Users\dzemi\OneDrive\Desktop\VPN_BOT\.venv\Lib\site-packages\aiogram\dispatcher\event\handler.py", line 71, in call
    return await wrapped()
           ^^^^^^^^^^^^^^^
  File "C:\Users\dzemi\OneDrive\Desktop\VPN_BOT\.venv\Lib\site-packages\aiogram\dispatcher\dispatcher.py", line 283, in _listen_update
    return await self.propagate_event(update_type=update_type, event=event, **kwargs)
           ^^^^^^^^^^^^^^^^^^^^^^^^^^^^^^^^^^^^^^^^^^^^^^^^^^^^^^^^^^^^^^^^^^^^^^^^^^
  File "C:\Users\dzemi\OneDrive\Desktop\VPN_BOT\.venv\Lib\site-packages\aiogram\dispatcher\router.py", line 167, in propagate_event
    return await observer.wrap_outer_middleware(_wrapped, event=event, data=kwargs)
           ^^^^^^^^^^^^^^^^^^^^^^^^^^^^^^^^^^^^^^^^^^^^^^^^^^^^^^^^^^^^^^^^^^^^^^^^
  File "C:\Users\dzemi\OneDrive\Desktop\VPN_BOT\.venv\Lib\site-packages\aiogram\dispatcher\router.py", line 159, in _wrapped
    return await self._propagate_event(
           ^^^^^^^^^^^^^^^^^^^^^^^^^^^^
    ...<4 lines>...
    )
    ^
  File "C:\Users\dzemi\OneDrive\Desktop\VPN_BOT\.venv\Lib\site-packages\aiogram\dispatcher\router.py", line 195, in _propagate_event
    response = await router.propagate_event(update_type=update_type, event=event, **kwargs)
               ^^^^^^^^^^^^^^^^^^^^^^^^^^^^^^^^^^^^^^^^^^^^^^^^^^^^^^^^^^^^^^^^^^^^^^^^^^^^
  File "C:\Users\dzemi\OneDrive\Desktop\VPN_BOT\.venv\Lib\site-packages\aiogram\dispatcher\router.py", line 167, in propagate_event
    return await observer.wrap_outer_middleware(_wrapped, event=event, data=kwargs)
           ^^^^^^^^^^^^^^^^^^^^^^^^^^^^^^^^^^^^^^^^^^^^^^^^^^^^^^^^^^^^^^^^^^^^^^^^
  File "C:\Users\dzemi\OneDrive\Desktop\VPN_BOT\.venv\Lib\site-packages\aiogram\dispatcher\router.py", line 159, in _wrapped
    return await self._propagate_event(
           ^^^^^^^^^^^^^^^^^^^^^^^^^^^^
    ...<4 lines>...
    )
    ^
  File "C:\Users\dzemi\OneDrive\Desktop\VPN_BOT\.venv\Lib\site-packages\aiogram\dispatcher\router.py", line 187, in _propagate_event
    response = await observer.trigger(event, **kwargs)
               ^^^^^^^^^^^^^^^^^^^^^^^^^^^^^^^^^^^^^^^
  File "C:\Users\dzemi\OneDrive\Desktop\VPN_BOT\.venv\Lib\site-packages\aiogram\dispatcher\event\telegram.py", line 126, in trigger
    return await wrapped_inner(event, kwargs)
           ^^^^^^^^^^^^^^^^^^^^^^^^^^^^^^^^^^
  File "C:\Users\dzemi\OneDrive\Desktop\VPN_BOT\bot\middlewares\throttling.py", line 25, in __call__
    await event.answer("⚠️ Слишком частые клики!", show_alert=True)
  File "C:\Users\dzemi\OneDrive\Desktop\VPN_BOT\.venv\Lib\site-packages\aiogram\methods\base.py", line 82, in emit
    return await bot(self)
           ^^^^^^^^^^^^^^^
  File "C:\Users\dzemi\OneDrive\Desktop\VPN_BOT\.venv\Lib\site-packages\aiogram\client\bot.py", line 514, in __call__
    return await self.session(self, method, timeout=request_timeout)
           ^^^^^^^^^^^^^^^^^^^^^^^^^^^^^^^^^^^^^^^^^^^^^^^^^^^^^^^^^
  File "C:\Users\dzemi\OneDrive\Desktop\VPN_BOT\.venv\Lib\site-packages\aiogram\client\session\base.py", line 259, in __call__
    return cast(TelegramType, await middleware(bot, method))
                              ^^^^^^^^^^^^^^^^^^^^^^^^^^^^^
  File "C:\Users\dzemi\OneDrive\Desktop\VPN_BOT\.venv\Lib\site-packages\aiogram\client\session\aiohttp.py", line 177, in make_request
    response = self.check_response(
        bot=bot,
    ...<2 lines>...
        content=raw_result,
    )
  File "C:\Users\dzemi\OneDrive\Desktop\VPN_BOT\.venv\Lib\site-packages\aiogram\client\session\base.py", line 121, in check_response
    raise TelegramBadRequest(method=method, message=description)
aiogram.exceptions.TelegramBadRequest: Telegram server says - Bad Request: query is too old and response timeout expired or query ID is invalid
2026-07-24 15:36:32,086 [INFO] aiogram.event: Update id=82034497 is handled. Duration 300 ms by bot id=8974386075
2026-07-24 15:36:32,111 [INFO] aiogram.event: Update id=82034508 is handled. Duration 321 ms by bot id=8974386075
2026-07-24 15:36:32,169 [INFO] aiogram.event: Update id=82034500 is not handled. Duration 382 ms by bot id=8974386075
2026-07-24 15:36:32,169 [ERROR] aiogram.event: Cause exception while process update id=82034500 by bot id=8974386075
TelegramBadRequest: Telegram server says - Bad Request: query is too old and response timeout expired or query ID is invalid
Traceback (most recent call last):
  File "C:\Users\dzemi\OneDrive\Desktop\VPN_BOT\.venv\Lib\site-packages\aiogram\dispatcher\dispatcher.py", line 320, in _process_update
    response = await self.feed_update(bot, update, **kwargs)
               ^^^^^^^^^^^^^^^^^^^^^^^^^^^^^^^^^^^^^^^^^^^^^
  File "C:\Users\dzemi\OneDrive\Desktop\VPN_BOT\.venv\Lib\site-packages\aiogram\dispatcher\dispatcher.py", line 164, in feed_update
    response = await self.update.wrap_outer_middleware(
               ^^^^^^^^^^^^^^^^^^^^^^^^^^^^^^^^^^^^^^^^
    ...<7 lines>...
    )
    ^
  File "C:\Users\dzemi\OneDrive\Desktop\VPN_BOT\.venv\Lib\site-packages\aiogram\dispatcher\middlewares\error.py", line 27, in __call__
    return await handler(event, data)
           ^^^^^^^^^^^^^^^^^^^^^^^^^^
  File "C:\Users\dzemi\OneDrive\Desktop\VPN_BOT\.venv\Lib\site-packages\aiogram\dispatcher\middlewares\user_context.py", line 58, in __call__
    return await handler(event, data)
           ^^^^^^^^^^^^^^^^^^^^^^^^^^
  File "C:\Users\dzemi\OneDrive\Desktop\VPN_BOT\.venv\Lib\site-packages\aiogram\fsm\middleware.py", line 43, in __call__
    return await handler(event, data)
           ^^^^^^^^^^^^^^^^^^^^^^^^^^
  File "C:\Users\dzemi\OneDrive\Desktop\VPN_BOT\.venv\Lib\site-packages\aiogram\dispatcher\event\telegram.py", line 126, in trigger
    return await wrapped_inner(event, kwargs)
           ^^^^^^^^^^^^^^^^^^^^^^^^^^^^^^^^^^
  File "C:\Users\dzemi\OneDrive\Desktop\VPN_BOT\.venv\Lib\site-packages\aiogram\dispatcher\event\handler.py", line 71, in call
    return await wrapped()
           ^^^^^^^^^^^^^^^
  File "C:\Users\dzemi\OneDrive\Desktop\VPN_BOT\.venv\Lib\site-packages\aiogram\dispatcher\dispatcher.py", line 283, in _listen_update
    return await self.propagate_event(update_type=update_type, event=event, **kwargs)
           ^^^^^^^^^^^^^^^^^^^^^^^^^^^^^^^^^^^^^^^^^^^^^^^^^^^^^^^^^^^^^^^^^^^^^^^^^^
  File "C:\Users\dzemi\OneDrive\Desktop\VPN_BOT\.venv\Lib\site-packages\aiogram\dispatcher\router.py", line 167, in propagate_event
    return await observer.wrap_outer_middleware(_wrapped, event=event, data=kwargs)
           ^^^^^^^^^^^^^^^^^^^^^^^^^^^^^^^^^^^^^^^^^^^^^^^^^^^^^^^^^^^^^^^^^^^^^^^^
  File "C:\Users\dzemi\OneDrive\Desktop\VPN_BOT\.venv\Lib\site-packages\aiogram\dispatcher\router.py", line 159, in _wrapped
    return await self._propagate_event(
           ^^^^^^^^^^^^^^^^^^^^^^^^^^^^
    ...<4 lines>...
    )
    ^
  File "C:\Users\dzemi\OneDrive\Desktop\VPN_BOT\.venv\Lib\site-packages\aiogram\dispatcher\router.py", line 195, in _propagate_event
    response = await router.propagate_event(update_type=update_type, event=event, **kwargs)
               ^^^^^^^^^^^^^^^^^^^^^^^^^^^^^^^^^^^^^^^^^^^^^^^^^^^^^^^^^^^^^^^^^^^^^^^^^^^^
  File "C:\Users\dzemi\OneDrive\Desktop\VPN_BOT\.venv\Lib\site-packages\aiogram\dispatcher\router.py", line 167, in propagate_event
    return await observer.wrap_outer_middleware(_wrapped, event=event, data=kwargs)
           ^^^^^^^^^^^^^^^^^^^^^^^^^^^^^^^^^^^^^^^^^^^^^^^^^^^^^^^^^^^^^^^^^^^^^^^^
  File "C:\Users\dzemi\OneDrive\Desktop\VPN_BOT\.venv\Lib\site-packages\aiogram\dispatcher\router.py", line 159, in _wrapped
    return await self._propagate_event(
           ^^^^^^^^^^^^^^^^^^^^^^^^^^^^
    ...<4 lines>...
    )
    ^
  File "C:\Users\dzemi\OneDrive\Desktop\VPN_BOT\.venv\Lib\site-packages\aiogram\dispatcher\router.py", line 187, in _propagate_event
    response = await observer.trigger(event, **kwargs)
               ^^^^^^^^^^^^^^^^^^^^^^^^^^^^^^^^^^^^^^^
  File "C:\Users\dzemi\OneDrive\Desktop\VPN_BOT\.venv\Lib\site-packages\aiogram\dispatcher\event\telegram.py", line 126, in trigger
    return await wrapped_inner(event, kwargs)
           ^^^^^^^^^^^^^^^^^^^^^^^^^^^^^^^^^^
  File "C:\Users\dzemi\OneDrive\Desktop\VPN_BOT\bot\middlewares\throttling.py", line 28, in __call__
    return await handler(event, data)
           ^^^^^^^^^^^^^^^^^^^^^^^^^^
  File "C:\Users\dzemi\OneDrive\Desktop\VPN_BOT\.venv\Lib\site-packages\aiogram\dispatcher\event\handler.py", line 71, in call
    return await wrapped()
           ^^^^^^^^^^^^^^^
  File "C:\Users\dzemi\OneDrive\Desktop\VPN_BOT\bot\handlers\start.py", line 263, in buy_sub_handler
    await callback.answer()
  File "C:\Users\dzemi\OneDrive\Desktop\VPN_BOT\.venv\Lib\site-packages\aiogram\methods\base.py", line 82, in emit
    return await bot(self)
           ^^^^^^^^^^^^^^^
  File "C:\Users\dzemi\OneDrive\Desktop\VPN_BOT\.venv\Lib\site-packages\aiogram\client\bot.py", line 514, in __call__
    return await self.session(self, method, timeout=request_timeout)
           ^^^^^^^^^^^^^^^^^^^^^^^^^^^^^^^^^^^^^^^^^^^^^^^^^^^^^^^^^
  File "C:\Users\dzemi\OneDrive\Desktop\VPN_BOT\.venv\Lib\site-packages\aiogram\client\session\base.py", line 259, in __call__
    return cast(TelegramType, await middleware(bot, method))
                              ^^^^^^^^^^^^^^^^^^^^^^^^^^^^^
  File "C:\Users\dzemi\OneDrive\Desktop\VPN_BOT\.venv\Lib\site-packages\aiogram\client\session\aiohttp.py", line 177, in make_request
    response = self.check_response(
        bot=bot,
    ...<2 lines>...
        content=raw_result,
    )
  File "C:\Users\dzemi\OneDrive\Desktop\VPN_BOT\.venv\Lib\site-packages\aiogram\client\session\base.py", line 121, in check_response
    raise TelegramBadRequest(method=method, message=description)
aiogram.exceptions.TelegramBadRequest: Telegram server says - Bad Request: query is too old and response timeout expired or query ID is invalid
2026-07-24 15:36:32,331 [INFO] aiogram.event: Update id=82034506 is not handled. Duration 542 ms by bot id=8974386075
2026-07-24 15:36:32,331 [ERROR] aiogram.event: Cause exception while process update id=82034506 by bot id=8974386075
TelegramBadRequest: Telegram server says - Bad Request: query is too old and response timeout expired or query ID is invalid
Traceback (most recent call last):
  File "C:\Users\dzemi\OneDrive\Desktop\VPN_BOT\.venv\Lib\site-packages\aiogram\dispatcher\dispatcher.py", line 320, in _process_update
    response = await self.feed_update(bot, update, **kwargs)
               ^^^^^^^^^^^^^^^^^^^^^^^^^^^^^^^^^^^^^^^^^^^^^
  File "C:\Users\dzemi\OneDrive\Desktop\VPN_BOT\.venv\Lib\site-packages\aiogram\dispatcher\dispatcher.py", line 164, in feed_update
    response = await self.update.wrap_outer_middleware(
               ^^^^^^^^^^^^^^^^^^^^^^^^^^^^^^^^^^^^^^^^
    ...<7 lines>...
    )
    ^
  File "C:\Users\dzemi\OneDrive\Desktop\VPN_BOT\.venv\Lib\site-packages\aiogram\dispatcher\middlewares\error.py", line 27, in __call__
    return await handler(event, data)
           ^^^^^^^^^^^^^^^^^^^^^^^^^^
  File "C:\Users\dzemi\OneDrive\Desktop\VPN_BOT\.venv\Lib\site-packages\aiogram\dispatcher\middlewares\user_context.py", line 58, in __call__
    return await handler(event, data)
           ^^^^^^^^^^^^^^^^^^^^^^^^^^
  File "C:\Users\dzemi\OneDrive\Desktop\VPN_BOT\.venv\Lib\site-packages\aiogram\fsm\middleware.py", line 43, in __call__
    return await handler(event, data)
           ^^^^^^^^^^^^^^^^^^^^^^^^^^
  File "C:\Users\dzemi\OneDrive\Desktop\VPN_BOT\.venv\Lib\site-packages\aiogram\dispatcher\event\telegram.py", line 126, in trigger
    return await wrapped_inner(event, kwargs)
           ^^^^^^^^^^^^^^^^^^^^^^^^^^^^^^^^^^
  File "C:\Users\dzemi\OneDrive\Desktop\VPN_BOT\.venv\Lib\site-packages\aiogram\dispatcher\event\handler.py", line 71, in call
    return await wrapped()
           ^^^^^^^^^^^^^^^
  File "C:\Users\dzemi\OneDrive\Desktop\VPN_BOT\.venv\Lib\site-packages\aiogram\dispatcher\dispatcher.py", line 283, in _listen_update
    return await self.propagate_event(update_type=update_type, event=event, **kwargs)
           ^^^^^^^^^^^^^^^^^^^^^^^^^^^^^^^^^^^^^^^^^^^^^^^^^^^^^^^^^^^^^^^^^^^^^^^^^^
  File "C:\Users\dzemi\OneDrive\Desktop\VPN_BOT\.venv\Lib\site-packages\aiogram\dispatcher\router.py", line 167, in propagate_event
    return await observer.wrap_outer_middleware(_wrapped, event=event, data=kwargs)
           ^^^^^^^^^^^^^^^^^^^^^^^^^^^^^^^^^^^^^^^^^^^^^^^^^^^^^^^^^^^^^^^^^^^^^^^^
  File "C:\Users\dzemi\OneDrive\Desktop\VPN_BOT\.venv\Lib\site-packages\aiogram\dispatcher\router.py", line 159, in _wrapped
    return await self._propagate_event(
           ^^^^^^^^^^^^^^^^^^^^^^^^^^^^
    ...<4 lines>...
    )
    ^
  File "C:\Users\dzemi\OneDrive\Desktop\VPN_BOT\.venv\Lib\site-packages\aiogram\dispatcher\router.py", line 195, in _propagate_event
    response = await router.propagate_event(update_type=update_type, event=event, **kwargs)
               ^^^^^^^^^^^^^^^^^^^^^^^^^^^^^^^^^^^^^^^^^^^^^^^^^^^^^^^^^^^^^^^^^^^^^^^^^^^^
  File "C:\Users\dzemi\OneDrive\Desktop\VPN_BOT\.venv\Lib\site-packages\aiogram\dispatcher\router.py", line 167, in propagate_event
    return await observer.wrap_outer_middleware(_wrapped, event=event, data=kwargs)
           ^^^^^^^^^^^^^^^^^^^^^^^^^^^^^^^^^^^^^^^^^^^^^^^^^^^^^^^^^^^^^^^^^^^^^^^^
  File "C:\Users\dzemi\OneDrive\Desktop\VPN_BOT\.venv\Lib\site-packages\aiogram\dispatcher\router.py", line 159, in _wrapped
    return await self._propagate_event(
           ^^^^^^^^^^^^^^^^^^^^^^^^^^^^
    ...<4 lines>...
    )
    ^
  File "C:\Users\dzemi\OneDrive\Desktop\VPN_BOT\.venv\Lib\site-packages\aiogram\dispatcher\router.py", line 187, in _propagate_event
    response = await observer.trigger(event, **kwargs)
               ^^^^^^^^^^^^^^^^^^^^^^^^^^^^^^^^^^^^^^^
  File "C:\Users\dzemi\OneDrive\Desktop\VPN_BOT\.venv\Lib\site-packages\aiogram\dispatcher\event\telegram.py", line 126, in trigger
    return await wrapped_inner(event, kwargs)
           ^^^^^^^^^^^^^^^^^^^^^^^^^^^^^^^^^^
  File "C:\Users\dzemi\OneDrive\Desktop\VPN_BOT\bot\middlewares\throttling.py", line 25, in __call__
    await event.answer("⚠️ Слишком частые клики!", show_alert=True)
  File "C:\Users\dzemi\OneDrive\Desktop\VPN_BOT\.venv\Lib\site-packages\aiogram\methods\base.py", line 82, in emit
    return await bot(self)
           ^^^^^^^^^^^^^^^
  File "C:\Users\dzemi\OneDrive\Desktop\VPN_BOT\.venv\Lib\site-packages\aiogram\client\bot.py", line 514, in __call__
    return await self.session(self, method, timeout=request_timeout)
           ^^^^^^^^^^^^^^^^^^^^^^^^^^^^^^^^^^^^^^^^^^^^^^^^^^^^^^^^^
  File "C:\Users\dzemi\OneDrive\Desktop\VPN_BOT\.venv\Lib\site-packages\aiogram\client\session\base.py", line 259, in __call__
    return cast(TelegramType, await middleware(bot, method))
                              ^^^^^^^^^^^^^^^^^^^^^^^^^^^^^
  File "C:\Users\dzemi\OneDrive\Desktop\VPN_BOT\.venv\Lib\site-packages\aiogram\client\session\aiohttp.py", line 177, in make_request
    response = self.check_response(
        bot=bot,
    ...<2 lines>...
        content=raw_result,
    )
  File "C:\Users\dzemi\OneDrive\Desktop\VPN_BOT\.venv\Lib\site-packages\aiogram\client\session\base.py", line 121, in check_response
    raise TelegramBadRequest(method=method, message=description)
aiogram.exceptions.TelegramBadRequest: Telegram server says - Bad Request: query is too old and response timeout expired or query ID is invalid
2026-07-24 15:36:32,343 [INFO] aiogram.event: Update id=82034502 is handled. Duration 555 ms by bot id=8974386075
2026-07-24 15:36:32,371 [INFO] aiogram.event: Update id=82034507 is not handled. Duration 582 ms by bot id=8974386075
2026-07-24 15:36:32,372 [ERROR] aiogram.event: Cause exception while process update id=82034507 by bot id=8974386075
TelegramBadRequest: Telegram server says - Bad Request: query is too old and response timeout expired or query ID is invalid
Traceback (most recent call last):
  File "C:\Users\dzemi\OneDrive\Desktop\VPN_BOT\.venv\Lib\site-packages\aiogram\dispatcher\dispatcher.py", line 320, in _process_update
    response = await self.feed_update(bot, update, **kwargs)
               ^^^^^^^^^^^^^^^^^^^^^^^^^^^^^^^^^^^^^^^^^^^^^
  File "C:\Users\dzemi\OneDrive\Desktop\VPN_BOT\.venv\Lib\site-packages\aiogram\dispatcher\dispatcher.py", line 164, in feed_update
    response = await self.update.wrap_outer_middleware(
               ^^^^^^^^^^^^^^^^^^^^^^^^^^^^^^^^^^^^^^^^
    ...<7 lines>...
    )
    ^
  File "C:\Users\dzemi\OneDrive\Desktop\VPN_BOT\.venv\Lib\site-packages\aiogram\dispatcher\middlewares\error.py", line 27, in __call__
    return await handler(event, data)
           ^^^^^^^^^^^^^^^^^^^^^^^^^^
  File "C:\Users\dzemi\OneDrive\Desktop\VPN_BOT\.venv\Lib\site-packages\aiogram\dispatcher\middlewares\user_context.py", line 58, in __call__
    return await handler(event, data)
           ^^^^^^^^^^^^^^^^^^^^^^^^^^
  File "C:\Users\dzemi\OneDrive\Desktop\VPN_BOT\.venv\Lib\site-packages\aiogram\fsm\middleware.py", line 43, in __call__
    return await handler(event, data)
           ^^^^^^^^^^^^^^^^^^^^^^^^^^
  File "C:\Users\dzemi\OneDrive\Desktop\VPN_BOT\.venv\Lib\site-packages\aiogram\dispatcher\event\telegram.py", line 126, in trigger
    return await wrapped_inner(event, kwargs)
           ^^^^^^^^^^^^^^^^^^^^^^^^^^^^^^^^^^
  File "C:\Users\dzemi\OneDrive\Desktop\VPN_BOT\.venv\Lib\site-packages\aiogram\dispatcher\event\handler.py", line 71, in call
    return await wrapped()
           ^^^^^^^^^^^^^^^
  File "C:\Users\dzemi\OneDrive\Desktop\VPN_BOT\.venv\Lib\site-packages\aiogram\dispatcher\dispatcher.py", line 283, in _listen_update
    return await self.propagate_event(update_type=update_type, event=event, **kwargs)
           ^^^^^^^^^^^^^^^^^^^^^^^^^^^^^^^^^^^^^^^^^^^^^^^^^^^^^^^^^^^^^^^^^^^^^^^^^^
  File "C:\Users\dzemi\OneDrive\Desktop\VPN_BOT\.venv\Lib\site-packages\aiogram\dispatcher\router.py", line 167, in propagate_event
    return await observer.wrap_outer_middleware(_wrapped, event=event, data=kwargs)
           ^^^^^^^^^^^^^^^^^^^^^^^^^^^^^^^^^^^^^^^^^^^^^^^^^^^^^^^^^^^^^^^^^^^^^^^^
  File "C:\Users\dzemi\OneDrive\Desktop\VPN_BOT\.venv\Lib\site-packages\aiogram\dispatcher\router.py", line 159, in _wrapped
    return await self._propagate_event(
           ^^^^^^^^^^^^^^^^^^^^^^^^^^^^
    ...<4 lines>...
    )
    ^
  File "C:\Users\dzemi\OneDrive\Desktop\VPN_BOT\.venv\Lib\site-packages\aiogram\dispatcher\router.py", line 195, in _propagate_event
    response = await router.propagate_event(update_type=update_type, event=event, **kwargs)
               ^^^^^^^^^^^^^^^^^^^^^^^^^^^^^^^^^^^^^^^^^^^^^^^^^^^^^^^^^^^^^^^^^^^^^^^^^^^^
  File "C:\Users\dzemi\OneDrive\Desktop\VPN_BOT\.venv\Lib\site-packages\aiogram\dispatcher\router.py", line 167, in propagate_event
    return await observer.wrap_outer_middleware(_wrapped, event=event, data=kwargs)
           ^^^^^^^^^^^^^^^^^^^^^^^^^^^^^^^^^^^^^^^^^^^^^^^^^^^^^^^^^^^^^^^^^^^^^^^^
  File "C:\Users\dzemi\OneDrive\Desktop\VPN_BOT\.venv\Lib\site-packages\aiogram\dispatcher\router.py", line 159, in _wrapped
    return await self._propagate_event(
           ^^^^^^^^^^^^^^^^^^^^^^^^^^^^
    ...<4 lines>...
    )
    ^
  File "C:\Users\dzemi\OneDrive\Desktop\VPN_BOT\.venv\Lib\site-packages\aiogram\dispatcher\router.py", line 187, in _propagate_event
    response = await observer.trigger(event, **kwargs)
               ^^^^^^^^^^^^^^^^^^^^^^^^^^^^^^^^^^^^^^^
  File "C:\Users\dzemi\OneDrive\Desktop\VPN_BOT\.venv\Lib\site-packages\aiogram\dispatcher\event\telegram.py", line 126, in trigger
    return await wrapped_inner(event, kwargs)
           ^^^^^^^^^^^^^^^^^^^^^^^^^^^^^^^^^^
  File "C:\Users\dzemi\OneDrive\Desktop\VPN_BOT\bot\middlewares\throttling.py", line 25, in __call__
    await event.answer("⚠️ Слишком частые клики!", show_alert=True)
  File "C:\Users\dzemi\OneDrive\Desktop\VPN_BOT\.venv\Lib\site-packages\aiogram\methods\base.py", line 82, in emit
    return await bot(self)
           ^^^^^^^^^^^^^^^
  File "C:\Users\dzemi\OneDrive\Desktop\VPN_BOT\.venv\Lib\site-packages\aiogram\client\bot.py", line 514, in __call__
    return await self.session(self, method, timeout=request_timeout)
           ^^^^^^^^^^^^^^^^^^^^^^^^^^^^^^^^^^^^^^^^^^^^^^^^^^^^^^^^^
  File "C:\Users\dzemi\OneDrive\Desktop\VPN_BOT\.venv\Lib\site-packages\aiogram\client\session\base.py", line 259, in __call__
    return cast(TelegramType, await middleware(bot, method))
                              ^^^^^^^^^^^^^^^^^^^^^^^^^^^^^
  File "C:\Users\dzemi\OneDrive\Desktop\VPN_BOT\.venv\Lib\site-packages\aiogram\client\session\aiohttp.py", line 177, in make_request
    response = self.check_response(
        bot=bot,
    ...<2 lines>...
        content=raw_result,
    )
  File "C:\Users\dzemi\OneDrive\Desktop\VPN_BOT\.venv\Lib\site-packages\aiogram\client\session\base.py", line 121, in check_response
    raise TelegramBadRequest(method=method, message=description)
aiogram.exceptions.TelegramBadRequest: Telegram server says - Bad Request: query is too old and response timeout expired or query ID is invalid
2026-07-24 15:36:32,374 [INFO] aiogram.event: Update id=82034498 is handled. Duration 586 ms by bot id=8974386075
2026-07-24 15:36:32,406 [INFO] aiogram.event: Update id=82034509 is handled. Duration 616 ms by bot id=8974386075
2026-07-24 15:36:32,422 [INFO] aiogram.event: Update id=82034499 is not handled. Duration 635 ms by bot id=8974386075
2026-07-24 15:36:32,423 [ERROR] aiogram.event: Cause exception while process update id=82034499 by bot id=8974386075
TelegramBadRequest: Telegram server says - Bad Request: query is too old and response timeout expired or query ID is invalid
Traceback (most recent call last):
  File "C:\Users\dzemi\OneDrive\Desktop\VPN_BOT\.venv\Lib\site-packages\aiogram\dispatcher\dispatcher.py", line 320, in _process_update
    response = await self.feed_update(bot, update, **kwargs)
               ^^^^^^^^^^^^^^^^^^^^^^^^^^^^^^^^^^^^^^^^^^^^^
  File "C:\Users\dzemi\OneDrive\Desktop\VPN_BOT\.venv\Lib\site-packages\aiogram\dispatcher\dispatcher.py", line 164, in feed_update
    response = await self.update.wrap_outer_middleware(
               ^^^^^^^^^^^^^^^^^^^^^^^^^^^^^^^^^^^^^^^^
    ...<7 lines>...
    )
    ^
  File "C:\Users\dzemi\OneDrive\Desktop\VPN_BOT\.venv\Lib\site-packages\aiogram\dispatcher\middlewares\error.py", line 27, in __call__
    return await handler(event, data)
           ^^^^^^^^^^^^^^^^^^^^^^^^^^
  File "C:\Users\dzemi\OneDrive\Desktop\VPN_BOT\.venv\Lib\site-packages\aiogram\dispatcher\middlewares\user_context.py", line 58, in __call__
    return await handler(event, data)
           ^^^^^^^^^^^^^^^^^^^^^^^^^^
  File "C:\Users\dzemi\OneDrive\Desktop\VPN_BOT\.venv\Lib\site-packages\aiogram\fsm\middleware.py", line 43, in __call__
    return await handler(event, data)
           ^^^^^^^^^^^^^^^^^^^^^^^^^^
  File "C:\Users\dzemi\OneDrive\Desktop\VPN_BOT\.venv\Lib\site-packages\aiogram\dispatcher\event\telegram.py", line 126, in trigger
    return await wrapped_inner(event, kwargs)
           ^^^^^^^^^^^^^^^^^^^^^^^^^^^^^^^^^^
  File "C:\Users\dzemi\OneDrive\Desktop\VPN_BOT\.venv\Lib\site-packages\aiogram\dispatcher\event\handler.py", line 71, in call
    return await wrapped()
           ^^^^^^^^^^^^^^^
  File "C:\Users\dzemi\OneDrive\Desktop\VPN_BOT\.venv\Lib\site-packages\aiogram\dispatcher\dispatcher.py", line 283, in _listen_update
    return await self.propagate_event(update_type=update_type, event=event, **kwargs)
           ^^^^^^^^^^^^^^^^^^^^^^^^^^^^^^^^^^^^^^^^^^^^^^^^^^^^^^^^^^^^^^^^^^^^^^^^^^
  File "C:\Users\dzemi\OneDrive\Desktop\VPN_BOT\.venv\Lib\site-packages\aiogram\dispatcher\router.py", line 167, in propagate_event
    return await observer.wrap_outer_middleware(_wrapped, event=event, data=kwargs)
           ^^^^^^^^^^^^^^^^^^^^^^^^^^^^^^^^^^^^^^^^^^^^^^^^^^^^^^^^^^^^^^^^^^^^^^^^
  File "C:\Users\dzemi\OneDrive\Desktop\VPN_BOT\.venv\Lib\site-packages\aiogram\dispatcher\router.py", line 159, in _wrapped
    return await self._propagate_event(
           ^^^^^^^^^^^^^^^^^^^^^^^^^^^^
    ...<4 lines>...
    )
    ^
  File "C:\Users\dzemi\OneDrive\Desktop\VPN_BOT\.venv\Lib\site-packages\aiogram\dispatcher\router.py", line 195, in _propagate_event
    response = await router.propagate_event(update_type=update_type, event=event, **kwargs)
               ^^^^^^^^^^^^^^^^^^^^^^^^^^^^^^^^^^^^^^^^^^^^^^^^^^^^^^^^^^^^^^^^^^^^^^^^^^^^
  File "C:\Users\dzemi\OneDrive\Desktop\VPN_BOT\.venv\Lib\site-packages\aiogram\dispatcher\router.py", line 167, in propagate_event
    return await observer.wrap_outer_middleware(_wrapped, event=event, data=kwargs)
           ^^^^^^^^^^^^^^^^^^^^^^^^^^^^^^^^^^^^^^^^^^^^^^^^^^^^^^^^^^^^^^^^^^^^^^^^
  File "C:\Users\dzemi\OneDrive\Desktop\VPN_BOT\.venv\Lib\site-packages\aiogram\dispatcher\router.py", line 159, in _wrapped
    return await self._propagate_event(
           ^^^^^^^^^^^^^^^^^^^^^^^^^^^^
    ...<4 lines>...
    )
    ^
  File "C:\Users\dzemi\OneDrive\Desktop\VPN_BOT\.venv\Lib\site-packages\aiogram\dispatcher\router.py", line 187, in _propagate_event
    response = await observer.trigger(event, **kwargs)
               ^^^^^^^^^^^^^^^^^^^^^^^^^^^^^^^^^^^^^^^
  File "C:\Users\dzemi\OneDrive\Desktop\VPN_BOT\.venv\Lib\site-packages\aiogram\dispatcher\event\telegram.py", line 126, in trigger
    return await wrapped_inner(event, kwargs)
           ^^^^^^^^^^^^^^^^^^^^^^^^^^^^^^^^^^
  File "C:\Users\dzemi\OneDrive\Desktop\VPN_BOT\bot\middlewares\throttling.py", line 25, in __call__
    await event.answer("⚠️ Слишком частые клики!", show_alert=True)
  File "C:\Users\dzemi\OneDrive\Desktop\VPN_BOT\.venv\Lib\site-packages\aiogram\methods\base.py", line 82, in emit
    return await bot(self)
           ^^^^^^^^^^^^^^^
  File "C:\Users\dzemi\OneDrive\Desktop\VPN_BOT\.venv\Lib\site-packages\aiogram\client\bot.py", line 514, in __call__
    return await self.session(self, method, timeout=request_timeout)
           ^^^^^^^^^^^^^^^^^^^^^^^^^^^^^^^^^^^^^^^^^^^^^^^^^^^^^^^^^
  File "C:\Users\dzemi\OneDrive\Desktop\VPN_BOT\.venv\Lib\site-packages\aiogram\client\session\base.py", line 259, in __call__
    return cast(TelegramType, await middleware(bot, method))
                              ^^^^^^^^^^^^^^^^^^^^^^^^^^^^^
  File "C:\Users\dzemi\OneDrive\Desktop\VPN_BOT\.venv\Lib\site-packages\aiogram\client\session\aiohttp.py", line 177, in make_request
    response = self.check_response(
        bot=bot,
    ...<2 lines>...
        content=raw_result,
    )
  File "C:\Users\dzemi\OneDrive\Desktop\VPN_BOT\.venv\Lib\site-packages\aiogram\client\session\base.py", line 121, in check_response
    raise TelegramBadRequest(method=method, message=description)
aiogram.exceptions.TelegramBadRequest: Telegram server says - Bad Request: query is too old and response timeout expired or query ID is invalid
2026-07-24 15:36:34,577 [INFO] aiogram.dispatcher: Polling stopped
2026-07-24 15:36:34,579 [ERROR] aiogram.dispatcher: Failed to fetch updates - TelegramNetworkError: HTTP Client says - ServerDisconnectedError: Server disconnected
2026-07-24 15:36:34,579 [WARNING] aiogram.dispatcher: Sleep for 1.000000 seconds and try again... (tryings = 0, bot id = 8974386075)
2026-07-24 15:36:34,829 [INFO] aiogram.dispatcher: Polling stopped for bot @vpnjempobot id=8974386075 - 'JempoVPN'
2026-07-24 15:36:40,659 [INFO] root: Инициализация проекта...
2026-07-24 15:36:40,662 [INFO] root: База данных инициализирована.
2026-07-24 15:36:41,163 [INFO] root: Бот успешно запущен!
2026-07-24 15:36:41,437 [INFO] aiogram.dispatcher: Start polling
2026-07-24 15:36:41,521 [INFO] aiogram.dispatcher: Run polling for bot @vpnjempobot id=8974386075 - 'JempoVPN'
2026-07-24 15:36:44,939 [INFO] aiogram.event: Update id=82034510 is handled. Duration 115 ms by bot id=8974386075
2026-07-24 15:36:52,095 [INFO] aiogram.event: Update id=82034511 is handled. Duration 110 ms by bot id=8974386075
2026-07-24 15:38:10,146 [INFO] aiogram.event: Update id=82034512 is handled. Duration 500 ms by bot id=8974386075
2026-07-24 15:38:24,352 [INFO] aiogram.dispatcher: Polling stopped
2026-07-24 15:38:24,353 [ERROR] aiogram.dispatcher: Failed to fetch updates - TelegramNetworkError: HTTP Client says - ServerDisconnectedError: Server disconnected
2026-07-24 15:38:24,353 [WARNING] aiogram.dispatcher: Sleep for 1.000000 seconds and try again... (tryings = 0, bot id = 8974386075)
2026-07-24 15:38:24,604 [INFO] aiogram.dispatcher: Polling stopped for bot @vpnjempobot id=8974386075 - 'JempoVPN'
2026-07-24 15:38:30,519 [INFO] root: Инициализация проекта...
2026-07-24 15:38:30,520 [INFO] root: База данных инициализирована.
2026-07-24 15:38:30,997 [INFO] root: Бот успешно запущен!
2026-07-24 15:38:31,254 [INFO] aiogram.dispatcher: Start polling
2026-07-24 15:38:31,334 [INFO] aiogram.dispatcher: Run polling for bot @vpnjempobot id=8974386075 - 'JempoVPN'
2026-07-24 15:39:34,576 [INFO] aiogram.event: Update id=82034513 is handled. Duration 124 ms by bot id=8974386075
2026-07-24 15:40:50,206 [INFO] aiogram.event: Update id=82034514 is handled. Duration 205 ms by bot id=8974386075
2026-07-24 15:40:54,244 [INFO] aiogram.event: Update id=82034515 is handled. Duration 112 ms by bot id=8974386075
2026-07-24 15:41:32,313 [INFO] aiogram.event: Update id=82034516 is handled. Duration 200 ms by bot id=8974386075
2026-07-24 15:41:35,297 [INFO] aiogram.event: Update id=82034517 is handled. Duration 118 ms by bot id=8974386075
2026-07-24 15:41:42,375 [INFO] aiogram.event: Update id=82034518 is handled. Duration 429 ms by bot id=8974386075
2026-07-24 15:41:45,332 [INFO] aiogram.event: Update id=82034519 is handled. Duration 203 ms by bot id=8974386075
2026-07-24 15:41:49,864 [INFO] aiogram.event: Update id=82034520 is handled. Duration 116 ms by bot id=8974386075
2026-07-24 15:41:52,017 [INFO] aiogram.event: Update id=82034521 is handled. Duration 108 ms by bot id=8974386075
2026-07-24 15:42:02,966 [INFO] aiogram.event: Update id=82034522 is handled. Duration 200 ms by bot id=8974386075
2026-07-24 15:42:07,025 [INFO] aiogram.event: Update id=82034523 is handled. Duration 219 ms by bot id=8974386075
2026-07-24 15:42:09,192 [INFO] aiogram.event: Update id=82034524 is handled. Duration 201 ms by bot id=8974386075
2026-07-24 15:42:10,241 [INFO] aiogram.event: Update id=82034525 is handled. Duration 204 ms by bot id=8974386075
2026-07-24 15:42:11,771 [INFO] aiogram.event: Update id=82034526 is handled. Duration 231 ms by bot id=8974386075
2026-07-24 15:42:14,869 [INFO] aiogram.event: Update id=82034527 is handled. Duration 353 ms by bot id=8974386075
2026-07-24 15:42:18,308 [INFO] aiogram.event: Update id=82034528 is handled. Duration 345 ms by bot id=8974386075
2026-07-24 15:42:28,123 [INFO] aiogram.event: Update id=82034529 is handled. Duration 352 ms by bot id=8974386075
2026-07-24 15:42:30,282 [INFO] aiogram.event: Update id=82034530 is handled. Duration 359 ms by bot id=8974386075
2026-07-24 15:42:31,928 [INFO] aiogram.event: Update id=82034531 is handled. Duration 391 ms by bot id=8974386075
2026-07-24 15:47:29,434 [INFO] aiogram.event: Update id=82034532 is handled. Duration 204 ms by bot id=8974386075
2026-07-24 17:01:43,387 [INFO] aiogram.event: Update id=82034533 is handled. Duration 702 ms by bot id=8974386075
2026-07-24 17:01:45,164 [INFO] aiogram.event: Update id=82034534 is handled. Duration 353 ms by bot id=8974386075
2026-07-24 17:01:47,144 [INFO] aiogram.event: Update id=82034535 is handled. Duration 379 ms by bot id=8974386075
2026-07-24 17:01:58,172 [INFO] aiogram.event: Update id=82034536 is handled. Duration 378 ms by bot id=8974386075
2026-07-24 17:02:02,292 [INFO] aiogram.event: Update id=82034537 is handled. Duration 257 ms by bot id=8974386075
2026-07-24 17:02:04,309 [INFO] aiogram.event: Update id=82034538 is handled. Duration 357 ms by bot id=8974386075
2026-07-24 17:02:30,917 [INFO] aiogram.event: Update id=82034539 is handled. Duration 200 ms by bot id=8974386075
2026-07-24 17:02:41,944 [INFO] aiogram.event: Update id=82034540 is handled. Duration 202 ms by bot id=8974386075
2026-07-24 17:02:48,408 [INFO] aiogram.event: Update id=82034541 is handled. Duration 482 ms by bot id=8974386075
2026-07-24 17:02:50,870 [INFO] aiogram.event: Update id=82034542 is handled. Duration 205 ms by bot id=8974386075
2026-07-24 17:03:22,731 [INFO] aiogram.event: Update id=82034543 is handled. Duration 206 ms by bot id=8974386075
2026-07-24 17:03:23,787 [INFO] aiogram.event: Update id=82034544 is handled. Duration 101 ms by bot id=8974386075
2026-07-24 17:11:24,150 [INFO] aiogram.event: Update id=82034545 is handled. Duration 130 ms by bot id=8974386075
2026-07-24 17:13:46,009 [INFO] aiogram.event: Update id=82034546 is handled. Duration 297 ms by bot id=8974386075
2026-07-24 17:13:47,483 [INFO] aiogram.event: Update id=82034547 is handled. Duration 210 ms by bot id=8974386075
2026-07-24 17:13:49,099 [INFO] aiogram.event: Update id=82034548 is handled. Duration 348 ms by bot id=8974386075
2026-07-24 17:13:50,555 [INFO] aiogram.event: Update id=82034549 is handled. Duration 203 ms by bot id=8974386075
2026-07-24 17:13:52,768 [INFO] aiogram.event: Update id=82034550 is handled. Duration 207 ms by bot id=8974386075
2026-07-24 18:07:09,460 [INFO] aiogram.event: Update id=82034551 is handled. Duration 532 ms by bot id=8974386075
2026-07-24 18:07:33,566 [INFO] aiogram.event: Update id=82034552 is handled. Duration 220 ms by bot id=8974386075
2026-07-24 18:07:37,092 [INFO] aiogram.event: Update id=82034553 is handled. Duration 744 ms by bot id=8974386075
2026-07-24 18:08:49,875 [INFO] aiogram.event: Update id=82034554 is handled. Duration 104 ms by bot id=8974386075
2026-07-24 18:08:51,802 [INFO] aiogram.event: Update id=82034555 is handled. Duration 246 ms by bot id=8974386075
2026-07-24 18:08:53,723 [INFO] aiogram.event: Update id=82034556 is handled. Duration 348 ms by bot id=8974386075
2026-07-24 18:08:55,761 [INFO] aiogram.event: Update id=82034557 is handled. Duration 220 ms by bot id=8974386075
2026-07-24 18:08:56,935 [INFO] aiogram.event: Update id=82034558 is handled. Duration 206 ms by bot id=8974386075
2026-07-24 18:08:57,892 [INFO] aiogram.event: Update id=82034559 is handled. Duration 221 ms by bot id=8974386075
2026-07-24 18:08:58,902 [INFO] aiogram.event: Update id=82034560 is handled. Duration 208 ms by bot id=8974386075
2026-07-24 18:08:59,800 [INFO] aiogram.event: Update id=82034561 is handled. Duration 217 ms by bot id=8974386075
2026-07-24 18:09:00,831 [INFO] aiogram.event: Update id=82034562 is handled. Duration 185 ms by bot id=8974386075
2026-07-24 18:09:09,274 [INFO] aiogram.event: Update id=82034563 is handled. Duration 121 ms by bot id=8974386075
2026-07-24 18:09:17,468 [INFO] aiogram.event: Update id=82034564 is handled. Duration 183 ms by bot id=8974386075
2026-07-24 18:09:22,384 [INFO] aiogram.event: Update id=82034565 is handled. Duration 217 ms by bot id=8974386075
2026-07-24 18:09:30,695 [INFO] aiogram.event: Update id=82034566 is handled. Duration 186 ms by bot id=8974386075
2026-07-24 18:09:32,625 [INFO] aiogram.event: Update id=82034567 is handled. Duration 401 ms by bot id=8974386075
2026-07-24 18:09:34,823 [INFO] aiogram.event: Update id=82034568 is handled. Duration 213 ms by bot id=8974386075
2026-07-24 18:09:36,681 [INFO] aiogram.event: Update id=82034569 is handled. Duration 392 ms by bot id=8974386075
2026-07-24 18:09:43,421 [INFO] aiogram.event: Update id=82034570 is handled. Duration 191 ms by bot id=8974386075
2026-07-24 18:09:44,824 [INFO] aiogram.event: Update id=82034571 is handled. Duration 94 ms by bot id=8974386075
2026-07-24 18:09:48,778 [INFO] aiogram.event: Update id=82034572 is handled. Duration 183 ms by bot id=8974386075
2026-07-24 18:09:55,462 [INFO] aiogram.event: Update id=82034573 is handled. Duration 235 ms by bot id=8974386075
2026-07-24 18:09:58,688 [INFO] aiogram.event: Update id=82034574 is handled. Duration 191 ms by bot id=8974386075
2026-07-24 18:09:59,671 [INFO] aiogram.event: Update id=82034575 is handled. Duration 207 ms by bot id=8974386075
2026-07-24 18:10:00,927 [INFO] aiogram.event: Update id=82034576 is handled. Duration 189 ms by bot id=8974386075
2026-07-24 18:10:02,564 [INFO] aiogram.event: Update id=82034577 is handled. Duration 220 ms by bot id=8974386075
2026-07-24 18:10:03,901 [INFO] aiogram.event: Update id=82034578 is handled. Duration 191 ms by bot id=8974386075
2026-07-24 18:10:06,544 [INFO] aiogram.event: Update id=82034579 is handled. Duration 221 ms by bot id=8974386075
2026-07-24 18:10:06,695 [INFO] aiogram.event: Update id=82034580 is handled. Duration 86 ms by bot id=8974386075
2026-07-24 18:10:08,652 [INFO] aiogram.event: Update id=82034581 is handled. Duration 231 ms by bot id=8974386075
2026-07-24 18:10:09,290 [INFO] aiogram.event: Update id=82034582 is handled. Duration 217 ms by bot id=8974386075
2026-07-24 18:10:09,529 [INFO] aiogram.event: Update id=82034583 is handled. Duration 245 ms by bot id=8974386075
2026-07-24 18:10:12,054 [INFO] aiogram.event: Update id=82034584 is handled. Duration 213 ms by bot id=8974386075
2026-07-24 18:10:13,252 [INFO] aiogram.event: Update id=82034585 is handled. Duration 100 ms by bot id=8974386075
2026-07-24 18:10:13,481 [INFO] aiogram.event: Update id=82034586 is handled. Duration 111 ms by bot id=8974386075
2026-07-24 18:10:14,902 [INFO] aiogram.event: Update id=82034587 is handled. Duration 355 ms by bot id=8974386075
2026-07-24 18:10:17,215 [INFO] aiogram.event: Update id=82034588 is handled. Duration 209 ms by bot id=8974386075
2026-07-24 18:10:18,353 [INFO] aiogram.event: Update id=82034589 is handled. Duration 268 ms by bot id=8974386075
2026-07-24 18:10:19,324 [INFO] aiogram.event: Update id=82034590 is handled. Duration 205 ms by bot id=8974386075
2026-07-24 20:19:27,944 [INFO] aiogram.event: Update id=82034591 is handled. Duration 1330 ms by bot id=8974386075
2026-07-24 20:19:49,615 [INFO] aiogram.event: Update id=82034592 is handled. Duration 187 ms by bot id=8974386075
2026-07-24 20:19:50,820 [INFO] aiogram.event: Update id=82034593 is handled. Duration 214 ms by bot id=8974386075
2026-07-24 20:19:53,746 [INFO] aiogram.event: Update id=82034594 is handled. Duration 253 ms by bot id=8974386075
2026-07-24 20:59:53,154 [ERROR] aiogram.dispatcher: Failed to fetch updates - TelegramNetworkError: HTTP Client says - ClientOSError: [WinError 1236] Подключение к сети было разорвано локальной системой
2026-07-24 20:59:53,212 [WARNING] aiogram.dispatcher: Sleep for 1.000000 seconds and try again... (tryings = 0, bot id = 8974386075)
2026-07-24 20:59:57,264 [ERROR] aiogram.dispatcher: Failed to fetch updates - TelegramNetworkError: HTTP Client says - ClientConnectorError: Cannot connect to host api.telegram.org:443 ssl:default [Multiple exceptions: [WinError 1236] Подключение к сети было разорвано локальной системой, [WinError 1231] Сетевая папка недоступна. За информацией о разрешении проблем в сети обратитесь к справочной системе Windows]
2026-07-24 20:59:57,264 [WARNING] aiogram.dispatcher: Sleep for 1.331176 seconds and try again... (tryings = 1, bot id = 8974386075)
2026-07-24 21:00:15,220 [ERROR] aiogram.dispatcher: Failed to fetch updates - TelegramNetworkError: HTTP Client says - ClientConnectorError: Cannot connect to host api.telegram.org:443 ssl:default [Multiple exceptions: [WinError 1236] Подключение к сети было разорвано локальной системой, [WinError 1232] Сетевая папка недоступна. За информацией о разрешении проблем в сети обратитесь к справочной системе Windows]
2026-07-24 21:00:15,241 [WARNING] aiogram.dispatcher: Sleep for 1.883521 seconds and try again... (tryings = 2, bot id = 8974386075)
2026-07-24 21:00:20,144 [ERROR] aiogram.dispatcher: Failed to fetch updates - TelegramNetworkError: HTTP Client says - ClientConnectorError: Cannot connect to host api.telegram.org:443 ssl:default [Multiple exceptions: [WinError 1236] Подключение к сети было разорвано локальной системой, [WinError 1231] Сетевая папка недоступна. За информацией о разрешении проблем в сети обратитесь к справочной системе Windows]
2026-07-24 21:00:20,144 [WARNING] aiogram.dispatcher: Sleep for 2.190483 seconds and try again... (tryings = 3, bot id = 8974386075)
2026-07-24 21:00:32,870 [INFO] aiogram.dispatcher: Connection established (tryings = 4, bot id = 8974386075)
2026-07-24 21:16:39,401 [INFO] aiogram.event: Update id=82034595 is handled. Duration 472 ms by bot id=8974386075
2026-07-24 21:16:40,932 [INFO] aiogram.event: Update id=82034596 is handled. Duration 118 ms by bot id=8974386075
2026-07-24 21:19:37,159 [INFO] aiogram.event: Update id=82034597 is handled. Duration 374 ms by bot id=8974386075
2026-07-24 21:19:40,323 [INFO] aiogram.event: Update id=82034598 is handled. Duration 211 ms by bot id=8974386075
2026-07-24 21:19:41,600 [INFO] aiogram.event: Update id=82034599 is handled. Duration 307 ms by bot id=8974386075
2026-07-24 21:19:47,657 [INFO] aiogram.event: Update id=82034600 is handled. Duration 668 ms by bot id=8974386075
2026-07-24 21:19:50,746 [INFO] aiogram.event: Update id=82034601 is handled. Duration 322 ms by bot id=8974386075
2026-07-24 21:19:52,146 [INFO] aiogram.event: Update id=82034602 is handled. Duration 396 ms by bot id=8974386075
2026-07-24 21:19:54,635 [INFO] aiogram.event: Update id=82034603 is handled. Duration 283 ms by bot id=8974386075
2026-07-24 21:21:18,450 [INFO] aiogram.event: Update id=82034604 is handled. Duration 200 ms by bot id=8974386075
2026-07-24 21:21:20,593 [INFO] aiogram.event: Update id=82034605 is handled. Duration 208 ms by bot id=8974386075
2026-07-24 21:22:05,698 [INFO] aiogram.event: Update id=82034606 is handled. Duration 203 ms by bot id=8974386075
2026-07-24 21:22:09,006 [INFO] aiogram.event: Update id=82034607 is handled. Duration 252 ms by bot id=8974386075
2026-07-24 21:23:06,384 [INFO] aiogram.event: Update id=82034608 is handled. Duration 350 ms by bot id=8974386075
2026-07-24 21:23:12,437 [INFO] aiogram.event: Update id=82034609 is handled. Duration 245 ms by bot id=8974386075
2026-07-24 21:33:52,733 [INFO] aiogram.dispatcher: Polling stopped
2026-07-24 21:33:52,735 [ERROR] aiogram.dispatcher: Failed to fetch updates - TelegramNetworkError: HTTP Client says - ServerDisconnectedError: Server disconnected
2026-07-24 21:33:52,735 [WARNING] aiogram.dispatcher: Sleep for 1.000000 seconds and try again... (tryings = 0, bot id = 8974386075)
2026-07-24 21:33:52,988 [INFO] aiogram.dispatcher: Polling stopped for bot @vpnjempobot id=8974386075 - 'JempoVPN'
2026-07-24 21:34:01,366 [INFO] root: Инициализация проекта...
2026-07-24 21:34:01,369 [INFO] root: База данных инициализирована.
2026-07-24 21:34:02,017 [INFO] root: Бот успешно запущен!
2026-07-24 21:34:02,244 [INFO] aiogram.dispatcher: Start polling
2026-07-24 21:34:02,322 [INFO] aiogram.dispatcher: Run polling for bot @vpnjempobot id=8974386075 - 'JempoVPN'
2026-07-24 21:34:06,668 [INFO] aiogram.event: Update id=82034611 is handled. Duration 1452 ms by bot id=8974386075
2026-07-24 21:34:10,795 [INFO] aiogram.event: Update id=82034612 is handled. Duration 820 ms by bot id=8974386075
2026-07-24 21:34:13,040 [INFO] aiogram.event: Update id=82034613 is handled. Duration 321 ms by bot id=8974386075
2026-07-24 21:34:14,470 [INFO] aiogram.event: Update id=82034614 is not handled. Duration 156 ms by bot id=8974386075
2026-07-24 21:34:14,473 [ERROR] aiogram.event: Cause exception while process update id=82034614 by bot id=8974386075
TelegramBadRequest: Telegram server says - Bad Request: there is no text in the message to edit
Traceback (most recent call last):
  File "C:\Users\dzemi\OneDrive\Desktop\VPN_BOT\.venv\Lib\site-packages\aiogram\dispatcher\dispatcher.py", line 320, in _process_update
    response = await self.feed_update(bot, update, **kwargs)
               ^^^^^^^^^^^^^^^^^^^^^^^^^^^^^^^^^^^^^^^^^^^^^
  File "C:\Users\dzemi\OneDrive\Desktop\VPN_BOT\.venv\Lib\site-packages\aiogram\dispatcher\dispatcher.py", line 164, in feed_update
    response = await self.update.wrap_outer_middleware(
               ^^^^^^^^^^^^^^^^^^^^^^^^^^^^^^^^^^^^^^^^
    ...<7 lines>...
    )
    ^
  File "C:\Users\dzemi\OneDrive\Desktop\VPN_BOT\.venv\Lib\site-packages\aiogram\dispatcher\middlewares\error.py", line 27, in __call__
    return await handler(event, data)
           ^^^^^^^^^^^^^^^^^^^^^^^^^^
  File "C:\Users\dzemi\OneDrive\Desktop\VPN_BOT\.venv\Lib\site-packages\aiogram\dispatcher\middlewares\user_context.py", line 58, in __call__
    return await handler(event, data)
           ^^^^^^^^^^^^^^^^^^^^^^^^^^
  File "C:\Users\dzemi\OneDrive\Desktop\VPN_BOT\.venv\Lib\site-packages\aiogram\fsm\middleware.py", line 43, in __call__
    return await handler(event, data)
           ^^^^^^^^^^^^^^^^^^^^^^^^^^
  File "C:\Users\dzemi\OneDrive\Desktop\VPN_BOT\.venv\Lib\site-packages\aiogram\dispatcher\event\telegram.py", line 126, in trigger
    return await wrapped_inner(event, kwargs)
           ^^^^^^^^^^^^^^^^^^^^^^^^^^^^^^^^^^
  File "C:\Users\dzemi\OneDrive\Desktop\VPN_BOT\.venv\Lib\site-packages\aiogram\dispatcher\event\handler.py", line 71, in call
    return await wrapped()
           ^^^^^^^^^^^^^^^
  File "C:\Users\dzemi\OneDrive\Desktop\VPN_BOT\.venv\Lib\site-packages\aiogram\dispatcher\dispatcher.py", line 283, in _listen_update
    return await self.propagate_event(update_type=update_type, event=event, **kwargs)
           ^^^^^^^^^^^^^^^^^^^^^^^^^^^^^^^^^^^^^^^^^^^^^^^^^^^^^^^^^^^^^^^^^^^^^^^^^^
  File "C:\Users\dzemi\OneDrive\Desktop\VPN_BOT\.venv\Lib\site-packages\aiogram\dispatcher\router.py", line 167, in propagate_event
    return await observer.wrap_outer_middleware(_wrapped, event=event, data=kwargs)
           ^^^^^^^^^^^^^^^^^^^^^^^^^^^^^^^^^^^^^^^^^^^^^^^^^^^^^^^^^^^^^^^^^^^^^^^^
  File "C:\Users\dzemi\OneDrive\Desktop\VPN_BOT\.venv\Lib\site-packages\aiogram\dispatcher\router.py", line 159, in _wrapped
    return await self._propagate_event(
           ^^^^^^^^^^^^^^^^^^^^^^^^^^^^
    ...<4 lines>...
    )
    ^
  File "C:\Users\dzemi\OneDrive\Desktop\VPN_BOT\.venv\Lib\site-packages\aiogram\dispatcher\router.py", line 195, in _propagate_event
    response = await router.propagate_event(update_type=update_type, event=event, **kwargs)
               ^^^^^^^^^^^^^^^^^^^^^^^^^^^^^^^^^^^^^^^^^^^^^^^^^^^^^^^^^^^^^^^^^^^^^^^^^^^^
  File "C:\Users\dzemi\OneDrive\Desktop\VPN_BOT\.venv\Lib\site-packages\aiogram\dispatcher\router.py", line 167, in propagate_event
    return await observer.wrap_outer_middleware(_wrapped, event=event, data=kwargs)
           ^^^^^^^^^^^^^^^^^^^^^^^^^^^^^^^^^^^^^^^^^^^^^^^^^^^^^^^^^^^^^^^^^^^^^^^^
  File "C:\Users\dzemi\OneDrive\Desktop\VPN_BOT\.venv\Lib\site-packages\aiogram\dispatcher\router.py", line 159, in _wrapped
    return await self._propagate_event(
           ^^^^^^^^^^^^^^^^^^^^^^^^^^^^
    ...<4 lines>...
    )
    ^
  File "C:\Users\dzemi\OneDrive\Desktop\VPN_BOT\.venv\Lib\site-packages\aiogram\dispatcher\router.py", line 187, in _propagate_event
    response = await observer.trigger(event, **kwargs)
               ^^^^^^^^^^^^^^^^^^^^^^^^^^^^^^^^^^^^^^^
  File "C:\Users\dzemi\OneDrive\Desktop\VPN_BOT\.venv\Lib\site-packages\aiogram\dispatcher\event\telegram.py", line 126, in trigger
    return await wrapped_inner(event, kwargs)
           ^^^^^^^^^^^^^^^^^^^^^^^^^^^^^^^^^^
  File "C:\Users\dzemi\OneDrive\Desktop\VPN_BOT\bot\middlewares\throttling.py", line 28, in __call__
    return await handler(event, data)
           ^^^^^^^^^^^^^^^^^^^^^^^^^^
  File "C:\Users\dzemi\OneDrive\Desktop\VPN_BOT\.venv\Lib\site-packages\aiogram\dispatcher\event\handler.py", line 71, in call
    return await wrapped()
           ^^^^^^^^^^^^^^^
  File "C:\Users\dzemi\OneDrive\Desktop\VPN_BOT\bot\handlers\referral.py", line 29, in referral_handler
    await callback.message.edit_text(text, reply_markup=keyboard, parse_mode="Markdown")
  File "C:\Users\dzemi\OneDrive\Desktop\VPN_BOT\.venv\Lib\site-packages\aiogram\methods\base.py", line 82, in emit
    return await bot(self)
           ^^^^^^^^^^^^^^^
  File "C:\Users\dzemi\OneDrive\Desktop\VPN_BOT\.venv\Lib\site-packages\aiogram\client\bot.py", line 514, in __call__
    return await self.session(self, method, timeout=request_timeout)
           ^^^^^^^^^^^^^^^^^^^^^^^^^^^^^^^^^^^^^^^^^^^^^^^^^^^^^^^^^
  File "C:\Users\dzemi\OneDrive\Desktop\VPN_BOT\.venv\Lib\site-packages\aiogram\client\session\base.py", line 259, in __call__
    return cast(TelegramType, await middleware(bot, method))
                              ^^^^^^^^^^^^^^^^^^^^^^^^^^^^^
  File "C:\Users\dzemi\OneDrive\Desktop\VPN_BOT\.venv\Lib\site-packages\aiogram\client\session\aiohttp.py", line 177, in make_request
    response = self.check_response(
        bot=bot,
    ...<2 lines>...
        content=raw_result,
    )
  File "C:\Users\dzemi\OneDrive\Desktop\VPN_BOT\.venv\Lib\site-packages\aiogram\client\session\base.py", line 121, in check_response
    raise TelegramBadRequest(method=method, message=description)
aiogram.exceptions.TelegramBadRequest: Telegram server says - Bad Request: there is no text in the message to edit
2026-07-24 21:34:16,318 [INFO] aiogram.event: Update id=82034615 is not handled. Duration 162 ms by bot id=8974386075
2026-07-24 21:34:16,318 [ERROR] aiogram.event: Cause exception while process update id=82034615 by bot id=8974386075
TelegramBadRequest: Telegram server says - Bad Request: there is no text in the message to edit
Traceback (most recent call last):
  File "C:\Users\dzemi\OneDrive\Desktop\VPN_BOT\.venv\Lib\site-packages\aiogram\dispatcher\dispatcher.py", line 320, in _process_update
    response = await self.feed_update(bot, update, **kwargs)
               ^^^^^^^^^^^^^^^^^^^^^^^^^^^^^^^^^^^^^^^^^^^^^
  File "C:\Users\dzemi\OneDrive\Desktop\VPN_BOT\.venv\Lib\site-packages\aiogram\dispatcher\dispatcher.py", line 164, in feed_update
    response = await self.update.wrap_outer_middleware(
               ^^^^^^^^^^^^^^^^^^^^^^^^^^^^^^^^^^^^^^^^
    ...<7 lines>...
    )
    ^
  File "C:\Users\dzemi\OneDrive\Desktop\VPN_BOT\.venv\Lib\site-packages\aiogram\dispatcher\middlewares\error.py", line 27, in __call__
    return await handler(event, data)
           ^^^^^^^^^^^^^^^^^^^^^^^^^^
  File "C:\Users\dzemi\OneDrive\Desktop\VPN_BOT\.venv\Lib\site-packages\aiogram\dispatcher\middlewares\user_context.py", line 58, in __call__
    return await handler(event, data)
           ^^^^^^^^^^^^^^^^^^^^^^^^^^
  File "C:\Users\dzemi\OneDrive\Desktop\VPN_BOT\.venv\Lib\site-packages\aiogram\fsm\middleware.py", line 43, in __call__
    return await handler(event, data)
           ^^^^^^^^^^^^^^^^^^^^^^^^^^
  File "C:\Users\dzemi\OneDrive\Desktop\VPN_BOT\.venv\Lib\site-packages\aiogram\dispatcher\event\telegram.py", line 126, in trigger
    return await wrapped_inner(event, kwargs)
           ^^^^^^^^^^^^^^^^^^^^^^^^^^^^^^^^^^
  File "C:\Users\dzemi\OneDrive\Desktop\VPN_BOT\.venv\Lib\site-packages\aiogram\dispatcher\event\handler.py", line 71, in call
    return await wrapped()
           ^^^^^^^^^^^^^^^
  File "C:\Users\dzemi\OneDrive\Desktop\VPN_BOT\.venv\Lib\site-packages\aiogram\dispatcher\dispatcher.py", line 283, in _listen_update
    return await self.propagate_event(update_type=update_type, event=event, **kwargs)
           ^^^^^^^^^^^^^^^^^^^^^^^^^^^^^^^^^^^^^^^^^^^^^^^^^^^^^^^^^^^^^^^^^^^^^^^^^^
  File "C:\Users\dzemi\OneDrive\Desktop\VPN_BOT\.venv\Lib\site-packages\aiogram\dispatcher\router.py", line 167, in propagate_event
    return await observer.wrap_outer_middleware(_wrapped, event=event, data=kwargs)
           ^^^^^^^^^^^^^^^^^^^^^^^^^^^^^^^^^^^^^^^^^^^^^^^^^^^^^^^^^^^^^^^^^^^^^^^^
  File "C:\Users\dzemi\OneDrive\Desktop\VPN_BOT\.venv\Lib\site-packages\aiogram\dispatcher\router.py", line 159, in _wrapped
    return await self._propagate_event(
           ^^^^^^^^^^^^^^^^^^^^^^^^^^^^
    ...<4 lines>...
    )
    ^
  File "C:\Users\dzemi\OneDrive\Desktop\VPN_BOT\.venv\Lib\site-packages\aiogram\dispatcher\router.py", line 195, in _propagate_event
    response = await router.propagate_event(update_type=update_type, event=event, **kwargs)
               ^^^^^^^^^^^^^^^^^^^^^^^^^^^^^^^^^^^^^^^^^^^^^^^^^^^^^^^^^^^^^^^^^^^^^^^^^^^^
  File "C:\Users\dzemi\OneDrive\Desktop\VPN_BOT\.venv\Lib\site-packages\aiogram\dispatcher\router.py", line 167, in propagate_event
    return await observer.wrap_outer_middleware(_wrapped, event=event, data=kwargs)
           ^^^^^^^^^^^^^^^^^^^^^^^^^^^^^^^^^^^^^^^^^^^^^^^^^^^^^^^^^^^^^^^^^^^^^^^^
  File "C:\Users\dzemi\OneDrive\Desktop\VPN_BOT\.venv\Lib\site-packages\aiogram\dispatcher\router.py", line 159, in _wrapped
    return await self._propagate_event(
           ^^^^^^^^^^^^^^^^^^^^^^^^^^^^
    ...<4 lines>...
    )
    ^
  File "C:\Users\dzemi\OneDrive\Desktop\VPN_BOT\.venv\Lib\site-packages\aiogram\dispatcher\router.py", line 187, in _propagate_event
    response = await observer.trigger(event, **kwargs)
               ^^^^^^^^^^^^^^^^^^^^^^^^^^^^^^^^^^^^^^^
  File "C:\Users\dzemi\OneDrive\Desktop\VPN_BOT\.venv\Lib\site-packages\aiogram\dispatcher\event\telegram.py", line 126, in trigger
    return await wrapped_inner(event, kwargs)
           ^^^^^^^^^^^^^^^^^^^^^^^^^^^^^^^^^^
  File "C:\Users\dzemi\OneDrive\Desktop\VPN_BOT\bot\middlewares\throttling.py", line 28, in __call__
    return await handler(event, data)
           ^^^^^^^^^^^^^^^^^^^^^^^^^^
  File "C:\Users\dzemi\OneDrive\Desktop\VPN_BOT\.venv\Lib\site-packages\aiogram\dispatcher\event\handler.py", line 71, in call
    return await wrapped()
           ^^^^^^^^^^^^^^^
  File "C:\Users\dzemi\OneDrive\Desktop\VPN_BOT\bot\handlers\referral.py", line 29, in referral_handler
    await callback.message.edit_text(text, reply_markup=keyboard, parse_mode="Markdown")
  File "C:\Users\dzemi\OneDrive\Desktop\VPN_BOT\.venv\Lib\site-packages\aiogram\methods\base.py", line 82, in emit
    return await bot(self)
           ^^^^^^^^^^^^^^^
  File "C:\Users\dzemi\OneDrive\Desktop\VPN_BOT\.venv\Lib\site-packages\aiogram\client\bot.py", line 514, in __call__
    return await self.session(self, method, timeout=request_timeout)
           ^^^^^^^^^^^^^^^^^^^^^^^^^^^^^^^^^^^^^^^^^^^^^^^^^^^^^^^^^
  File "C:\Users\dzemi\OneDrive\Desktop\VPN_BOT\.venv\Lib\site-packages\aiogram\client\session\base.py", line 259, in __call__
    return cast(TelegramType, await middleware(bot, method))
                              ^^^^^^^^^^^^^^^^^^^^^^^^^^^^^
  File "C:\Users\dzemi\OneDrive\Desktop\VPN_BOT\.venv\Lib\site-packages\aiogram\client\session\aiohttp.py", line 177, in make_request
    response = self.check_response(
        bot=bot,
    ...<2 lines>...
        content=raw_result,
    )
  File "C:\Users\dzemi\OneDrive\Desktop\VPN_BOT\.venv\Lib\site-packages\aiogram\client\session\base.py", line 121, in check_response
    raise TelegramBadRequest(method=method, message=description)
aiogram.exceptions.TelegramBadRequest: Telegram server says - Bad Request: there is no text in the message to edit
2026-07-24 21:34:17,832 [INFO] aiogram.event: Update id=82034616 is not handled. Duration 166 ms by bot id=8974386075
2026-07-24 21:34:17,833 [ERROR] aiogram.event: Cause exception while process update id=82034616 by bot id=8974386075
TelegramBadRequest: Telegram server says - Bad Request: there is no text in the message to edit
Traceback (most recent call last):
  File "C:\Users\dzemi\OneDrive\Desktop\VPN_BOT\.venv\Lib\site-packages\aiogram\dispatcher\dispatcher.py", line 320, in _process_update
    response = await self.feed_update(bot, update, **kwargs)
               ^^^^^^^^^^^^^^^^^^^^^^^^^^^^^^^^^^^^^^^^^^^^^
  File "C:\Users\dzemi\OneDrive\Desktop\VPN_BOT\.venv\Lib\site-packages\aiogram\dispatcher\dispatcher.py", line 164, in feed_update
    response = await self.update.wrap_outer_middleware(
               ^^^^^^^^^^^^^^^^^^^^^^^^^^^^^^^^^^^^^^^^
    ...<7 lines>...
    )
    ^
  File "C:\Users\dzemi\OneDrive\Desktop\VPN_BOT\.venv\Lib\site-packages\aiogram\dispatcher\middlewares\error.py", line 27, in __call__
    return await handler(event, data)
           ^^^^^^^^^^^^^^^^^^^^^^^^^^
  File "C:\Users\dzemi\OneDrive\Desktop\VPN_BOT\.venv\Lib\site-packages\aiogram\dispatcher\middlewares\user_context.py", line 58, in __call__
    return await handler(event, data)
           ^^^^^^^^^^^^^^^^^^^^^^^^^^
  File "C:\Users\dzemi\OneDrive\Desktop\VPN_BOT\.venv\Lib\site-packages\aiogram\fsm\middleware.py", line 43, in __call__
    return await handler(event, data)
           ^^^^^^^^^^^^^^^^^^^^^^^^^^
  File "C:\Users\dzemi\OneDrive\Desktop\VPN_BOT\.venv\Lib\site-packages\aiogram\dispatcher\event\telegram.py", line 126, in trigger
    return await wrapped_inner(event, kwargs)
           ^^^^^^^^^^^^^^^^^^^^^^^^^^^^^^^^^^
  File "C:\Users\dzemi\OneDrive\Desktop\VPN_BOT\.venv\Lib\site-packages\aiogram\dispatcher\event\handler.py", line 71, in call
    return await wrapped()
           ^^^^^^^^^^^^^^^
  File "C:\Users\dzemi\OneDrive\Desktop\VPN_BOT\.venv\Lib\site-packages\aiogram\dispatcher\dispatcher.py", line 283, in _listen_update
    return await self.propagate_event(update_type=update_type, event=event, **kwargs)
           ^^^^^^^^^^^^^^^^^^^^^^^^^^^^^^^^^^^^^^^^^^^^^^^^^^^^^^^^^^^^^^^^^^^^^^^^^^
  File "C:\Users\dzemi\OneDrive\Desktop\VPN_BOT\.venv\Lib\site-packages\aiogram\dispatcher\router.py", line 167, in propagate_event
    return await observer.wrap_outer_middleware(_wrapped, event=event, data=kwargs)
           ^^^^^^^^^^^^^^^^^^^^^^^^^^^^^^^^^^^^^^^^^^^^^^^^^^^^^^^^^^^^^^^^^^^^^^^^
  File "C:\Users\dzemi\OneDrive\Desktop\VPN_BOT\.venv\Lib\site-packages\aiogram\dispatcher\router.py", line 159, in _wrapped
    return await self._propagate_event(
           ^^^^^^^^^^^^^^^^^^^^^^^^^^^^
    ...<4 lines>...
    )
    ^
  File "C:\Users\dzemi\OneDrive\Desktop\VPN_BOT\.venv\Lib\site-packages\aiogram\dispatcher\router.py", line 195, in _propagate_event
    response = await router.propagate_event(update_type=update_type, event=event, **kwargs)
               ^^^^^^^^^^^^^^^^^^^^^^^^^^^^^^^^^^^^^^^^^^^^^^^^^^^^^^^^^^^^^^^^^^^^^^^^^^^^
  File "C:\Users\dzemi\OneDrive\Desktop\VPN_BOT\.venv\Lib\site-packages\aiogram\dispatcher\router.py", line 167, in propagate_event
    return await observer.wrap_outer_middleware(_wrapped, event=event, data=kwargs)
           ^^^^^^^^^^^^^^^^^^^^^^^^^^^^^^^^^^^^^^^^^^^^^^^^^^^^^^^^^^^^^^^^^^^^^^^^
  File "C:\Users\dzemi\OneDrive\Desktop\VPN_BOT\.venv\Lib\site-packages\aiogram\dispatcher\router.py", line 159, in _wrapped
    return await self._propagate_event(
           ^^^^^^^^^^^^^^^^^^^^^^^^^^^^
    ...<4 lines>...
    )
    ^
  File "C:\Users\dzemi\OneDrive\Desktop\VPN_BOT\.venv\Lib\site-packages\aiogram\dispatcher\router.py", line 187, in _propagate_event
    response = await observer.trigger(event, **kwargs)
               ^^^^^^^^^^^^^^^^^^^^^^^^^^^^^^^^^^^^^^^
  File "C:\Users\dzemi\OneDrive\Desktop\VPN_BOT\.venv\Lib\site-packages\aiogram\dispatcher\event\telegram.py", line 126, in trigger
    return await wrapped_inner(event, kwargs)
           ^^^^^^^^^^^^^^^^^^^^^^^^^^^^^^^^^^
  File "C:\Users\dzemi\OneDrive\Desktop\VPN_BOT\bot\middlewares\throttling.py", line 28, in __call__
    return await handler(event, data)
           ^^^^^^^^^^^^^^^^^^^^^^^^^^
  File "C:\Users\dzemi\OneDrive\Desktop\VPN_BOT\.venv\Lib\site-packages\aiogram\dispatcher\event\handler.py", line 71, in call
    return await wrapped()
           ^^^^^^^^^^^^^^^
  File "C:\Users\dzemi\OneDrive\Desktop\VPN_BOT\bot\handlers\referral.py", line 29, in referral_handler
    await callback.message.edit_text(text, reply_markup=keyboard, parse_mode="Markdown")
  File "C:\Users\dzemi\OneDrive\Desktop\VPN_BOT\.venv\Lib\site-packages\aiogram\methods\base.py", line 82, in emit
    return await bot(self)
           ^^^^^^^^^^^^^^^
  File "C:\Users\dzemi\OneDrive\Desktop\VPN_BOT\.venv\Lib\site-packages\aiogram\client\bot.py", line 514, in __call__
    return await self.session(self, method, timeout=request_timeout)
           ^^^^^^^^^^^^^^^^^^^^^^^^^^^^^^^^^^^^^^^^^^^^^^^^^^^^^^^^^
  File "C:\Users\dzemi\OneDrive\Desktop\VPN_BOT\.venv\Lib\site-packages\aiogram\client\session\base.py", line 259, in __call__
    return cast(TelegramType, await middleware(bot, method))
                              ^^^^^^^^^^^^^^^^^^^^^^^^^^^^^
  File "C:\Users\dzemi\OneDrive\Desktop\VPN_BOT\.venv\Lib\site-packages\aiogram\client\session\aiohttp.py", line 177, in make_request
    response = self.check_response(
        bot=bot,
    ...<2 lines>...
        content=raw_result,
    )
  File "C:\Users\dzemi\OneDrive\Desktop\VPN_BOT\.venv\Lib\site-packages\aiogram\client\session\base.py", line 121, in check_response
    raise TelegramBadRequest(method=method, message=description)
aiogram.exceptions.TelegramBadRequest: Telegram server says - Bad Request: there is no text in the message to edit
2026-07-24 21:34:19,096 [INFO] aiogram.event: Update id=82034617 is handled. Duration 474 ms by bot id=8974386075
2026-07-24 21:34:19,876 [INFO] aiogram.event: Update id=82034618 is handled. Duration 520 ms by bot id=8974386075
2026-07-24 21:34:21,012 [INFO] aiogram.event: Update id=82034619 is handled. Duration 416 ms by bot id=8974386075
2026-07-24 21:34:21,848 [INFO] aiogram.event: Update id=82034620 is handled. Duration 271 ms by bot id=8974386075
2026-07-24 21:34:22,876 [INFO] aiogram.event: Update id=82034621 is not handled. Duration 165 ms by bot id=8974386075
2026-07-24 21:34:22,876 [ERROR] aiogram.event: Cause exception while process update id=82034621 by bot id=8974386075
TelegramBadRequest: Telegram server says - Bad Request: there is no text in the message to edit
Traceback (most recent call last):
  File "C:\Users\dzemi\OneDrive\Desktop\VPN_BOT\.venv\Lib\site-packages\aiogram\dispatcher\dispatcher.py", line 320, in _process_update
    response = await self.feed_update(bot, update, **kwargs)
               ^^^^^^^^^^^^^^^^^^^^^^^^^^^^^^^^^^^^^^^^^^^^^
  File "C:\Users\dzemi\OneDrive\Desktop\VPN_BOT\.venv\Lib\site-packages\aiogram\dispatcher\dispatcher.py", line 164, in feed_update
    response = await self.update.wrap_outer_middleware(
               ^^^^^^^^^^^^^^^^^^^^^^^^^^^^^^^^^^^^^^^^
    ...<7 lines>...
    )
    ^
  File "C:\Users\dzemi\OneDrive\Desktop\VPN_BOT\.venv\Lib\site-packages\aiogram\dispatcher\middlewares\error.py", line 27, in __call__
    return await handler(event, data)
           ^^^^^^^^^^^^^^^^^^^^^^^^^^
  File "C:\Users\dzemi\OneDrive\Desktop\VPN_BOT\.venv\Lib\site-packages\aiogram\dispatcher\middlewares\user_context.py", line 58, in __call__
    return await handler(event, data)
           ^^^^^^^^^^^^^^^^^^^^^^^^^^
  File "C:\Users\dzemi\OneDrive\Desktop\VPN_BOT\.venv\Lib\site-packages\aiogram\fsm\middleware.py", line 43, in __call__
    return await handler(event, data)
           ^^^^^^^^^^^^^^^^^^^^^^^^^^
  File "C:\Users\dzemi\OneDrive\Desktop\VPN_BOT\.venv\Lib\site-packages\aiogram\dispatcher\event\telegram.py", line 126, in trigger
    return await wrapped_inner(event, kwargs)
           ^^^^^^^^^^^^^^^^^^^^^^^^^^^^^^^^^^
  File "C:\Users\dzemi\OneDrive\Desktop\VPN_BOT\.venv\Lib\site-packages\aiogram\dispatcher\event\handler.py", line 71, in call
    return await wrapped()
           ^^^^^^^^^^^^^^^
  File "C:\Users\dzemi\OneDrive\Desktop\VPN_BOT\.venv\Lib\site-packages\aiogram\dispatcher\dispatcher.py", line 283, in _listen_update
    return await self.propagate_event(update_type=update_type, event=event, **kwargs)
           ^^^^^^^^^^^^^^^^^^^^^^^^^^^^^^^^^^^^^^^^^^^^^^^^^^^^^^^^^^^^^^^^^^^^^^^^^^
  File "C:\Users\dzemi\OneDrive\Desktop\VPN_BOT\.venv\Lib\site-packages\aiogram\dispatcher\router.py", line 167, in propagate_event
    return await observer.wrap_outer_middleware(_wrapped, event=event, data=kwargs)
           ^^^^^^^^^^^^^^^^^^^^^^^^^^^^^^^^^^^^^^^^^^^^^^^^^^^^^^^^^^^^^^^^^^^^^^^^
  File "C:\Users\dzemi\OneDrive\Desktop\VPN_BOT\.venv\Lib\site-packages\aiogram\dispatcher\router.py", line 159, in _wrapped
    return await self._propagate_event(
           ^^^^^^^^^^^^^^^^^^^^^^^^^^^^
    ...<4 lines>...
    )
    ^
  File "C:\Users\dzemi\OneDrive\Desktop\VPN_BOT\.venv\Lib\site-packages\aiogram\dispatcher\router.py", line 195, in _propagate_event
    response = await router.propagate_event(update_type=update_type, event=event, **kwargs)
               ^^^^^^^^^^^^^^^^^^^^^^^^^^^^^^^^^^^^^^^^^^^^^^^^^^^^^^^^^^^^^^^^^^^^^^^^^^^^
  File "C:\Users\dzemi\OneDrive\Desktop\VPN_BOT\.venv\Lib\site-packages\aiogram\dispatcher\router.py", line 167, in propagate_event
    return await observer.wrap_outer_middleware(_wrapped, event=event, data=kwargs)
           ^^^^^^^^^^^^^^^^^^^^^^^^^^^^^^^^^^^^^^^^^^^^^^^^^^^^^^^^^^^^^^^^^^^^^^^^
  File "C:\Users\dzemi\OneDrive\Desktop\VPN_BOT\.venv\Lib\site-packages\aiogram\dispatcher\router.py", line 159, in _wrapped
    return await self._propagate_event(
           ^^^^^^^^^^^^^^^^^^^^^^^^^^^^
    ...<4 lines>...
    )
    ^
  File "C:\Users\dzemi\OneDrive\Desktop\VPN_BOT\.venv\Lib\site-packages\aiogram\dispatcher\router.py", line 187, in _propagate_event
    response = await observer.trigger(event, **kwargs)
               ^^^^^^^^^^^^^^^^^^^^^^^^^^^^^^^^^^^^^^^
  File "C:\Users\dzemi\OneDrive\Desktop\VPN_BOT\.venv\Lib\site-packages\aiogram\dispatcher\event\telegram.py", line 126, in trigger
    return await wrapped_inner(event, kwargs)
           ^^^^^^^^^^^^^^^^^^^^^^^^^^^^^^^^^^
  File "C:\Users\dzemi\OneDrive\Desktop\VPN_BOT\bot\middlewares\throttling.py", line 28, in __call__
    return await handler(event, data)
           ^^^^^^^^^^^^^^^^^^^^^^^^^^
  File "C:\Users\dzemi\OneDrive\Desktop\VPN_BOT\.venv\Lib\site-packages\aiogram\dispatcher\event\handler.py", line 71, in call
    return await wrapped()
           ^^^^^^^^^^^^^^^
  File "C:\Users\dzemi\OneDrive\Desktop\VPN_BOT\bot\handlers\referral.py", line 29, in referral_handler
    await callback.message.edit_text(text, reply_markup=keyboard, parse_mode="Markdown")
  File "C:\Users\dzemi\OneDrive\Desktop\VPN_BOT\.venv\Lib\site-packages\aiogram\methods\base.py", line 82, in emit
    return await bot(self)
           ^^^^^^^^^^^^^^^
  File "C:\Users\dzemi\OneDrive\Desktop\VPN_BOT\.venv\Lib\site-packages\aiogram\client\bot.py", line 514, in __call__
    return await self.session(self, method, timeout=request_timeout)
           ^^^^^^^^^^^^^^^^^^^^^^^^^^^^^^^^^^^^^^^^^^^^^^^^^^^^^^^^^
  File "C:\Users\dzemi\OneDrive\Desktop\VPN_BOT\.venv\Lib\site-packages\aiogram\client\session\base.py", line 259, in __call__
    return cast(TelegramType, await middleware(bot, method))
                              ^^^^^^^^^^^^^^^^^^^^^^^^^^^^^
  File "C:\Users\dzemi\OneDrive\Desktop\VPN_BOT\.venv\Lib\site-packages\aiogram\client\session\aiohttp.py", line 177, in make_request
    response = self.check_response(
        bot=bot,
    ...<2 lines>...
        content=raw_result,
    )
  File "C:\Users\dzemi\OneDrive\Desktop\VPN_BOT\.venv\Lib\site-packages\aiogram\client\session\base.py", line 121, in check_response
    raise TelegramBadRequest(method=method, message=description)
aiogram.exceptions.TelegramBadRequest: Telegram server says - Bad Request: there is no text in the message to edit
2026-07-24 21:34:24,943 [INFO] aiogram.event: Update id=82034622 is not handled. Duration 161 ms by bot id=8974386075
2026-07-24 21:34:24,945 [ERROR] aiogram.event: Cause exception while process update id=82034622 by bot id=8974386075
TelegramBadRequest: Telegram server says - Bad Request: there is no text in the message to edit
Traceback (most recent call last):
  File "C:\Users\dzemi\OneDrive\Desktop\VPN_BOT\.venv\Lib\site-packages\aiogram\dispatcher\dispatcher.py", line 320, in _process_update
    response = await self.feed_update(bot, update, **kwargs)
               ^^^^^^^^^^^^^^^^^^^^^^^^^^^^^^^^^^^^^^^^^^^^^
  File "C:\Users\dzemi\OneDrive\Desktop\VPN_BOT\.venv\Lib\site-packages\aiogram\dispatcher\dispatcher.py", line 164, in feed_update
    response = await self.update.wrap_outer_middleware(
               ^^^^^^^^^^^^^^^^^^^^^^^^^^^^^^^^^^^^^^^^
    ...<7 lines>...
    )
    ^
  File "C:\Users\dzemi\OneDrive\Desktop\VPN_BOT\.venv\Lib\site-packages\aiogram\dispatcher\middlewares\error.py", line 27, in __call__
    return await handler(event, data)
           ^^^^^^^^^^^^^^^^^^^^^^^^^^
  File "C:\Users\dzemi\OneDrive\Desktop\VPN_BOT\.venv\Lib\site-packages\aiogram\dispatcher\middlewares\user_context.py", line 58, in __call__
    return await handler(event, data)
           ^^^^^^^^^^^^^^^^^^^^^^^^^^
  File "C:\Users\dzemi\OneDrive\Desktop\VPN_BOT\.venv\Lib\site-packages\aiogram\fsm\middleware.py", line 43, in __call__
    return await handler(event, data)
           ^^^^^^^^^^^^^^^^^^^^^^^^^^
  File "C:\Users\dzemi\OneDrive\Desktop\VPN_BOT\.venv\Lib\site-packages\aiogram\dispatcher\event\telegram.py", line 126, in trigger
    return await wrapped_inner(event, kwargs)
           ^^^^^^^^^^^^^^^^^^^^^^^^^^^^^^^^^^
  File "C:\Users\dzemi\OneDrive\Desktop\VPN_BOT\.venv\Lib\site-packages\aiogram\dispatcher\event\handler.py", line 71, in call
    return await wrapped()
           ^^^^^^^^^^^^^^^
  File "C:\Users\dzemi\OneDrive\Desktop\VPN_BOT\.venv\Lib\site-packages\aiogram\dispatcher\dispatcher.py", line 283, in _listen_update
    return await self.propagate_event(update_type=update_type, event=event, **kwargs)
           ^^^^^^^^^^^^^^^^^^^^^^^^^^^^^^^^^^^^^^^^^^^^^^^^^^^^^^^^^^^^^^^^^^^^^^^^^^
  File "C:\Users\dzemi\OneDrive\Desktop\VPN_BOT\.venv\Lib\site-packages\aiogram\dispatcher\router.py", line 167, in propagate_event
    return await observer.wrap_outer_middleware(_wrapped, event=event, data=kwargs)
           ^^^^^^^^^^^^^^^^^^^^^^^^^^^^^^^^^^^^^^^^^^^^^^^^^^^^^^^^^^^^^^^^^^^^^^^^
  File "C:\Users\dzemi\OneDrive\Desktop\VPN_BOT\.venv\Lib\site-packages\aiogram\dispatcher\router.py", line 159, in _wrapped
    return await self._propagate_event(
           ^^^^^^^^^^^^^^^^^^^^^^^^^^^^
    ...<4 lines>...
    )
    ^
  File "C:\Users\dzemi\OneDrive\Desktop\VPN_BOT\.venv\Lib\site-packages\aiogram\dispatcher\router.py", line 195, in _propagate_event
    response = await router.propagate_event(update_type=update_type, event=event, **kwargs)
               ^^^^^^^^^^^^^^^^^^^^^^^^^^^^^^^^^^^^^^^^^^^^^^^^^^^^^^^^^^^^^^^^^^^^^^^^^^^^
  File "C:\Users\dzemi\OneDrive\Desktop\VPN_BOT\.venv\Lib\site-packages\aiogram\dispatcher\router.py", line 167, in propagate_event
    return await observer.wrap_outer_middleware(_wrapped, event=event, data=kwargs)
           ^^^^^^^^^^^^^^^^^^^^^^^^^^^^^^^^^^^^^^^^^^^^^^^^^^^^^^^^^^^^^^^^^^^^^^^^
  File "C:\Users\dzemi\OneDrive\Desktop\VPN_BOT\.venv\Lib\site-packages\aiogram\dispatcher\router.py", line 159, in _wrapped
    return await self._propagate_event(
           ^^^^^^^^^^^^^^^^^^^^^^^^^^^^
    ...<4 lines>...
    )
    ^
  File "C:\Users\dzemi\OneDrive\Desktop\VPN_BOT\.venv\Lib\site-packages\aiogram\dispatcher\router.py", line 187, in _propagate_event
    response = await observer.trigger(event, **kwargs)
               ^^^^^^^^^^^^^^^^^^^^^^^^^^^^^^^^^^^^^^^
  File "C:\Users\dzemi\OneDrive\Desktop\VPN_BOT\.venv\Lib\site-packages\aiogram\dispatcher\event\telegram.py", line 126, in trigger
    return await wrapped_inner(event, kwargs)
           ^^^^^^^^^^^^^^^^^^^^^^^^^^^^^^^^^^
  File "C:\Users\dzemi\OneDrive\Desktop\VPN_BOT\bot\middlewares\throttling.py", line 28, in __call__
    return await handler(event, data)
           ^^^^^^^^^^^^^^^^^^^^^^^^^^
  File "C:\Users\dzemi\OneDrive\Desktop\VPN_BOT\.venv\Lib\site-packages\aiogram\dispatcher\event\handler.py", line 71, in call
    return await wrapped()
           ^^^^^^^^^^^^^^^
  File "C:\Users\dzemi\OneDrive\Desktop\VPN_BOT\bot\handlers\referral.py", line 29, in referral_handler
    await callback.message.edit_text(text, reply_markup=keyboard, parse_mode="Markdown")
  File "C:\Users\dzemi\OneDrive\Desktop\VPN_BOT\.venv\Lib\site-packages\aiogram\methods\base.py", line 82, in emit
    return await bot(self)
           ^^^^^^^^^^^^^^^
  File "C:\Users\dzemi\OneDrive\Desktop\VPN_BOT\.venv\Lib\site-packages\aiogram\client\bot.py", line 514, in __call__
    return await self.session(self, method, timeout=request_timeout)
           ^^^^^^^^^^^^^^^^^^^^^^^^^^^^^^^^^^^^^^^^^^^^^^^^^^^^^^^^^
  File "C:\Users\dzemi\OneDrive\Desktop\VPN_BOT\.venv\Lib\site-packages\aiogram\client\session\base.py", line 259, in __call__
    return cast(TelegramType, await middleware(bot, method))
                              ^^^^^^^^^^^^^^^^^^^^^^^^^^^^^
  File "C:\Users\dzemi\OneDrive\Desktop\VPN_BOT\.venv\Lib\site-packages\aiogram\client\session\aiohttp.py", line 177, in make_request
    response = self.check_response(
        bot=bot,
    ...<2 lines>...
        content=raw_result,
    )
  File "C:\Users\dzemi\OneDrive\Desktop\VPN_BOT\.venv\Lib\site-packages\aiogram\client\session\base.py", line 121, in check_response
    raise TelegramBadRequest(method=method, message=description)
aiogram.exceptions.TelegramBadRequest: Telegram server says - Bad Request: there is no text in the message to edit
2026-07-24 21:34:25,745 [INFO] aiogram.event: Update id=82034623 is handled. Duration 273 ms by bot id=8974386075
2026-07-24 21:34:27,338 [INFO] aiogram.event: Update id=82034624 is handled. Duration 302 ms by bot id=8974386075
2026-07-24 21:34:28,732 [INFO] aiogram.event: Update id=82034625 is handled. Duration 393 ms by bot id=8974386075
2026-07-24 21:34:30,177 [INFO] aiogram.event: Update id=82034626 is handled. Duration 377 ms by bot id=8974386075
2026-07-24 21:34:31,173 [INFO] aiogram.event: Update id=82034627 is handled. Duration 247 ms by bot id=8974386075
2026-07-24 21:34:33,751 [INFO] aiogram.event: Update id=82034628 is handled. Duration 266 ms by bot id=8974386075
2026-07-24 21:34:34,823 [INFO] aiogram.event: Update id=82034629 is not handled. Duration 165 ms by bot id=8974386075
2026-07-24 21:34:34,826 [ERROR] aiogram.event: Cause exception while process update id=82034629 by bot id=8974386075
TelegramBadRequest: Telegram server says - Bad Request: there is no text in the message to edit
Traceback (most recent call last):
  File "C:\Users\dzemi\OneDrive\Desktop\VPN_BOT\.venv\Lib\site-packages\aiogram\dispatcher\dispatcher.py", line 320, in _process_update
    response = await self.feed_update(bot, update, **kwargs)
               ^^^^^^^^^^^^^^^^^^^^^^^^^^^^^^^^^^^^^^^^^^^^^
  File "C:\Users\dzemi\OneDrive\Desktop\VPN_BOT\.venv\Lib\site-packages\aiogram\dispatcher\dispatcher.py", line 164, in feed_update
    response = await self.update.wrap_outer_middleware(
               ^^^^^^^^^^^^^^^^^^^^^^^^^^^^^^^^^^^^^^^^
    ...<7 lines>...
    )
    ^
  File "C:\Users\dzemi\OneDrive\Desktop\VPN_BOT\.venv\Lib\site-packages\aiogram\dispatcher\middlewares\error.py", line 27, in __call__
    return await handler(event, data)
           ^^^^^^^^^^^^^^^^^^^^^^^^^^
  File "C:\Users\dzemi\OneDrive\Desktop\VPN_BOT\.venv\Lib\site-packages\aiogram\dispatcher\middlewares\user_context.py", line 58, in __call__
    return await handler(event, data)
           ^^^^^^^^^^^^^^^^^^^^^^^^^^
  File "C:\Users\dzemi\OneDrive\Desktop\VPN_BOT\.venv\Lib\site-packages\aiogram\fsm\middleware.py", line 43, in __call__
    return await handler(event, data)
           ^^^^^^^^^^^^^^^^^^^^^^^^^^
  File "C:\Users\dzemi\OneDrive\Desktop\VPN_BOT\.venv\Lib\site-packages\aiogram\dispatcher\event\telegram.py", line 126, in trigger
    return await wrapped_inner(event, kwargs)
           ^^^^^^^^^^^^^^^^^^^^^^^^^^^^^^^^^^
  File "C:\Users\dzemi\OneDrive\Desktop\VPN_BOT\.venv\Lib\site-packages\aiogram\dispatcher\event\handler.py", line 71, in call
    return await wrapped()
           ^^^^^^^^^^^^^^^
  File "C:\Users\dzemi\OneDrive\Desktop\VPN_BOT\.venv\Lib\site-packages\aiogram\dispatcher\dispatcher.py", line 283, in _listen_update
    return await self.propagate_event(update_type=update_type, event=event, **kwargs)
           ^^^^^^^^^^^^^^^^^^^^^^^^^^^^^^^^^^^^^^^^^^^^^^^^^^^^^^^^^^^^^^^^^^^^^^^^^^
  File "C:\Users\dzemi\OneDrive\Desktop\VPN_BOT\.venv\Lib\site-packages\aiogram\dispatcher\router.py", line 167, in propagate_event
    return await observer.wrap_outer_middleware(_wrapped, event=event, data=kwargs)
           ^^^^^^^^^^^^^^^^^^^^^^^^^^^^^^^^^^^^^^^^^^^^^^^^^^^^^^^^^^^^^^^^^^^^^^^^
  File "C:\Users\dzemi\OneDrive\Desktop\VPN_BOT\.venv\Lib\site-packages\aiogram\dispatcher\router.py", line 159, in _wrapped
    return await self._propagate_event(
           ^^^^^^^^^^^^^^^^^^^^^^^^^^^^
    ...<4 lines>...
    )
    ^
  File "C:\Users\dzemi\OneDrive\Desktop\VPN_BOT\.venv\Lib\site-packages\aiogram\dispatcher\router.py", line 195, in _propagate_event
    response = await router.propagate_event(update_type=update_type, event=event, **kwargs)
               ^^^^^^^^^^^^^^^^^^^^^^^^^^^^^^^^^^^^^^^^^^^^^^^^^^^^^^^^^^^^^^^^^^^^^^^^^^^^
  File "C:\Users\dzemi\OneDrive\Desktop\VPN_BOT\.venv\Lib\site-packages\aiogram\dispatcher\router.py", line 167, in propagate_event
    return await observer.wrap_outer_middleware(_wrapped, event=event, data=kwargs)
           ^^^^^^^^^^^^^^^^^^^^^^^^^^^^^^^^^^^^^^^^^^^^^^^^^^^^^^^^^^^^^^^^^^^^^^^^
  File "C:\Users\dzemi\OneDrive\Desktop\VPN_BOT\.venv\Lib\site-packages\aiogram\dispatcher\router.py", line 159, in _wrapped
    return await self._propagate_event(
           ^^^^^^^^^^^^^^^^^^^^^^^^^^^^
    ...<4 lines>...
    )
    ^
  File "C:\Users\dzemi\OneDrive\Desktop\VPN_BOT\.venv\Lib\site-packages\aiogram\dispatcher\router.py", line 187, in _propagate_event
    response = await observer.trigger(event, **kwargs)
               ^^^^^^^^^^^^^^^^^^^^^^^^^^^^^^^^^^^^^^^
  File "C:\Users\dzemi\OneDrive\Desktop\VPN_BOT\.venv\Lib\site-packages\aiogram\dispatcher\event\telegram.py", line 126, in trigger
    return await wrapped_inner(event, kwargs)
           ^^^^^^^^^^^^^^^^^^^^^^^^^^^^^^^^^^
  File "C:\Users\dzemi\OneDrive\Desktop\VPN_BOT\bot\middlewares\throttling.py", line 28, in __call__
    return await handler(event, data)
           ^^^^^^^^^^^^^^^^^^^^^^^^^^
  File "C:\Users\dzemi\OneDrive\Desktop\VPN_BOT\.venv\Lib\site-packages\aiogram\dispatcher\event\handler.py", line 71, in call
    return await wrapped()
           ^^^^^^^^^^^^^^^
  File "C:\Users\dzemi\OneDrive\Desktop\VPN_BOT\bot\handlers\referral.py", line 29, in referral_handler
    await callback.message.edit_text(text, reply_markup=keyboard, parse_mode="Markdown")
  File "C:\Users\dzemi\OneDrive\Desktop\VPN_BOT\.venv\Lib\site-packages\aiogram\methods\base.py", line 82, in emit
    return await bot(self)
           ^^^^^^^^^^^^^^^
  File "C:\Users\dzemi\OneDrive\Desktop\VPN_BOT\.venv\Lib\site-packages\aiogram\client\bot.py", line 514, in __call__
    return await self.session(self, method, timeout=request_timeout)
           ^^^^^^^^^^^^^^^^^^^^^^^^^^^^^^^^^^^^^^^^^^^^^^^^^^^^^^^^^
  File "C:\Users\dzemi\OneDrive\Desktop\VPN_BOT\.venv\Lib\site-packages\aiogram\client\session\base.py", line 259, in __call__
    return cast(TelegramType, await middleware(bot, method))
                              ^^^^^^^^^^^^^^^^^^^^^^^^^^^^^
  File "C:\Users\dzemi\OneDrive\Desktop\VPN_BOT\.venv\Lib\site-packages\aiogram\client\session\aiohttp.py", line 177, in make_request
    response = self.check_response(
        bot=bot,
    ...<2 lines>...
        content=raw_result,
    )
  File "C:\Users\dzemi\OneDrive\Desktop\VPN_BOT\.venv\Lib\site-packages\aiogram\client\session\base.py", line 121, in check_response
    raise TelegramBadRequest(method=method, message=description)
aiogram.exceptions.TelegramBadRequest: Telegram server says - Bad Request: there is no text in the message to edit
2026-07-24 21:34:36,183 [INFO] aiogram.event: Update id=82034630 is not handled. Duration 166 ms by bot id=8974386075
2026-07-24 21:34:36,184 [ERROR] aiogram.event: Cause exception while process update id=82034630 by bot id=8974386075
TelegramBadRequest: Telegram server says - Bad Request: there is no text in the message to edit
Traceback (most recent call last):
  File "C:\Users\dzemi\OneDrive\Desktop\VPN_BOT\.venv\Lib\site-packages\aiogram\dispatcher\dispatcher.py", line 320, in _process_update
    response = await self.feed_update(bot, update, **kwargs)
               ^^^^^^^^^^^^^^^^^^^^^^^^^^^^^^^^^^^^^^^^^^^^^
  File "C:\Users\dzemi\OneDrive\Desktop\VPN_BOT\.venv\Lib\site-packages\aiogram\dispatcher\dispatcher.py", line 164, in feed_update
    response = await self.update.wrap_outer_middleware(
               ^^^^^^^^^^^^^^^^^^^^^^^^^^^^^^^^^^^^^^^^
    ...<7 lines>...
    )
    ^
  File "C:\Users\dzemi\OneDrive\Desktop\VPN_BOT\.venv\Lib\site-packages\aiogram\dispatcher\middlewares\error.py", line 27, in __call__
    return await handler(event, data)
           ^^^^^^^^^^^^^^^^^^^^^^^^^^
  File "C:\Users\dzemi\OneDrive\Desktop\VPN_BOT\.venv\Lib\site-packages\aiogram\dispatcher\middlewares\user_context.py", line 58, in __call__
    return await handler(event, data)
           ^^^^^^^^^^^^^^^^^^^^^^^^^^
  File "C:\Users\dzemi\OneDrive\Desktop\VPN_BOT\.venv\Lib\site-packages\aiogram\fsm\middleware.py", line 43, in __call__
    return await handler(event, data)
           ^^^^^^^^^^^^^^^^^^^^^^^^^^
  File "C:\Users\dzemi\OneDrive\Desktop\VPN_BOT\.venv\Lib\site-packages\aiogram\dispatcher\event\telegram.py", line 126, in trigger
    return await wrapped_inner(event, kwargs)
           ^^^^^^^^^^^^^^^^^^^^^^^^^^^^^^^^^^
  File "C:\Users\dzemi\OneDrive\Desktop\VPN_BOT\.venv\Lib\site-packages\aiogram\dispatcher\event\handler.py", line 71, in call
    return await wrapped()
           ^^^^^^^^^^^^^^^
  File "C:\Users\dzemi\OneDrive\Desktop\VPN_BOT\.venv\Lib\site-packages\aiogram\dispatcher\dispatcher.py", line 283, in _listen_update
    return await self.propagate_event(update_type=update_type, event=event, **kwargs)
           ^^^^^^^^^^^^^^^^^^^^^^^^^^^^^^^^^^^^^^^^^^^^^^^^^^^^^^^^^^^^^^^^^^^^^^^^^^
  File "C:\Users\dzemi\OneDrive\Desktop\VPN_BOT\.venv\Lib\site-packages\aiogram\dispatcher\router.py", line 167, in propagate_event
    return await observer.wrap_outer_middleware(_wrapped, event=event, data=kwargs)
           ^^^^^^^^^^^^^^^^^^^^^^^^^^^^^^^^^^^^^^^^^^^^^^^^^^^^^^^^^^^^^^^^^^^^^^^^
  File "C:\Users\dzemi\OneDrive\Desktop\VPN_BOT\.venv\Lib\site-packages\aiogram\dispatcher\router.py", line 159, in _wrapped
    return await self._propagate_event(
           ^^^^^^^^^^^^^^^^^^^^^^^^^^^^
    ...<4 lines>...
    )
    ^
  File "C:\Users\dzemi\OneDrive\Desktop\VPN_BOT\.venv\Lib\site-packages\aiogram\dispatcher\router.py", line 195, in _propagate_event
    response = await router.propagate_event(update_type=update_type, event=event, **kwargs)
               ^^^^^^^^^^^^^^^^^^^^^^^^^^^^^^^^^^^^^^^^^^^^^^^^^^^^^^^^^^^^^^^^^^^^^^^^^^^^
  File "C:\Users\dzemi\OneDrive\Desktop\VPN_BOT\.venv\Lib\site-packages\aiogram\dispatcher\router.py", line 167, in propagate_event
    return await observer.wrap_outer_middleware(_wrapped, event=event, data=kwargs)
           ^^^^^^^^^^^^^^^^^^^^^^^^^^^^^^^^^^^^^^^^^^^^^^^^^^^^^^^^^^^^^^^^^^^^^^^^
  File "C:\Users\dzemi\OneDrive\Desktop\VPN_BOT\.venv\Lib\site-packages\aiogram\dispatcher\router.py", line 159, in _wrapped
    return await self._propagate_event(
           ^^^^^^^^^^^^^^^^^^^^^^^^^^^^
    ...<4 lines>...
    )
    ^
  File "C:\Users\dzemi\OneDrive\Desktop\VPN_BOT\.venv\Lib\site-packages\aiogram\dispatcher\router.py", line 187, in _propagate_event
    response = await observer.trigger(event, **kwargs)
               ^^^^^^^^^^^^^^^^^^^^^^^^^^^^^^^^^^^^^^^
  File "C:\Users\dzemi\OneDrive\Desktop\VPN_BOT\.venv\Lib\site-packages\aiogram\dispatcher\event\telegram.py", line 126, in trigger
    return await wrapped_inner(event, kwargs)
           ^^^^^^^^^^^^^^^^^^^^^^^^^^^^^^^^^^
  File "C:\Users\dzemi\OneDrive\Desktop\VPN_BOT\bot\middlewares\throttling.py", line 28, in __call__
    return await handler(event, data)
           ^^^^^^^^^^^^^^^^^^^^^^^^^^
  File "C:\Users\dzemi\OneDrive\Desktop\VPN_BOT\.venv\Lib\site-packages\aiogram\dispatcher\event\handler.py", line 71, in call
    return await wrapped()
           ^^^^^^^^^^^^^^^
  File "C:\Users\dzemi\OneDrive\Desktop\VPN_BOT\bot\handlers\referral.py", line 29, in referral_handler
    await callback.message.edit_text(text, reply_markup=keyboard, parse_mode="Markdown")
  File "C:\Users\dzemi\OneDrive\Desktop\VPN_BOT\.venv\Lib\site-packages\aiogram\methods\base.py", line 82, in emit
    return await bot(self)
           ^^^^^^^^^^^^^^^
  File "C:\Users\dzemi\OneDrive\Desktop\VPN_BOT\.venv\Lib\site-packages\aiogram\client\bot.py", line 514, in __call__
    return await self.session(self, method, timeout=request_timeout)
           ^^^^^^^^^^^^^^^^^^^^^^^^^^^^^^^^^^^^^^^^^^^^^^^^^^^^^^^^^
  File "C:\Users\dzemi\OneDrive\Desktop\VPN_BOT\.venv\Lib\site-packages\aiogram\client\session\base.py", line 259, in __call__
    return cast(TelegramType, await middleware(bot, method))
                              ^^^^^^^^^^^^^^^^^^^^^^^^^^^^^
  File "C:\Users\dzemi\OneDrive\Desktop\VPN_BOT\.venv\Lib\site-packages\aiogram\client\session\aiohttp.py", line 177, in make_request
    response = self.check_response(
        bot=bot,
    ...<2 lines>...
        content=raw_result,
    )
  File "C:\Users\dzemi\OneDrive\Desktop\VPN_BOT\.venv\Lib\site-packages\aiogram\client\session\base.py", line 121, in check_response
    raise TelegramBadRequest(method=method, message=description)
aiogram.exceptions.TelegramBadRequest: Telegram server says - Bad Request: there is no text in the message to edit
2026-07-24 21:34:36,592 [INFO] aiogram.event: Update id=82034631 is handled. Duration 106 ms by bot id=8974386075
2026-07-24 21:34:36,855 [INFO] aiogram.event: Update id=82034632 is not handled. Duration 164 ms by bot id=8974386075
2026-07-24 21:34:36,856 [ERROR] aiogram.event: Cause exception while process update id=82034632 by bot id=8974386075
TelegramBadRequest: Telegram server says - Bad Request: there is no text in the message to edit
Traceback (most recent call last):
  File "C:\Users\dzemi\OneDrive\Desktop\VPN_BOT\.venv\Lib\site-packages\aiogram\dispatcher\dispatcher.py", line 320, in _process_update
    response = await self.feed_update(bot, update, **kwargs)
               ^^^^^^^^^^^^^^^^^^^^^^^^^^^^^^^^^^^^^^^^^^^^^
  File "C:\Users\dzemi\OneDrive\Desktop\VPN_BOT\.venv\Lib\site-packages\aiogram\dispatcher\dispatcher.py", line 164, in feed_update
    response = await self.update.wrap_outer_middleware(
               ^^^^^^^^^^^^^^^^^^^^^^^^^^^^^^^^^^^^^^^^
    ...<7 lines>...
    )
    ^
  File "C:\Users\dzemi\OneDrive\Desktop\VPN_BOT\.venv\Lib\site-packages\aiogram\dispatcher\middlewares\error.py", line 27, in __call__
    return await handler(event, data)
           ^^^^^^^^^^^^^^^^^^^^^^^^^^
  File "C:\Users\dzemi\OneDrive\Desktop\VPN_BOT\.venv\Lib\site-packages\aiogram\dispatcher\middlewares\user_context.py", line 58, in __call__
    return await handler(event, data)
           ^^^^^^^^^^^^^^^^^^^^^^^^^^
  File "C:\Users\dzemi\OneDrive\Desktop\VPN_BOT\.venv\Lib\site-packages\aiogram\fsm\middleware.py", line 43, in __call__
    return await handler(event, data)
           ^^^^^^^^^^^^^^^^^^^^^^^^^^
  File "C:\Users\dzemi\OneDrive\Desktop\VPN_BOT\.venv\Lib\site-packages\aiogram\dispatcher\event\telegram.py", line 126, in trigger
    return await wrapped_inner(event, kwargs)
           ^^^^^^^^^^^^^^^^^^^^^^^^^^^^^^^^^^
  File "C:\Users\dzemi\OneDrive\Desktop\VPN_BOT\.venv\Lib\site-packages\aiogram\dispatcher\event\handler.py", line 71, in call
    return await wrapped()
           ^^^^^^^^^^^^^^^
  File "C:\Users\dzemi\OneDrive\Desktop\VPN_BOT\.venv\Lib\site-packages\aiogram\dispatcher\dispatcher.py", line 283, in _listen_update
    return await self.propagate_event(update_type=update_type, event=event, **kwargs)
           ^^^^^^^^^^^^^^^^^^^^^^^^^^^^^^^^^^^^^^^^^^^^^^^^^^^^^^^^^^^^^^^^^^^^^^^^^^
  File "C:\Users\dzemi\OneDrive\Desktop\VPN_BOT\.venv\Lib\site-packages\aiogram\dispatcher\router.py", line 167, in propagate_event
    return await observer.wrap_outer_middleware(_wrapped, event=event, data=kwargs)
           ^^^^^^^^^^^^^^^^^^^^^^^^^^^^^^^^^^^^^^^^^^^^^^^^^^^^^^^^^^^^^^^^^^^^^^^^
  File "C:\Users\dzemi\OneDrive\Desktop\VPN_BOT\.venv\Lib\site-packages\aiogram\dispatcher\router.py", line 159, in _wrapped
    return await self._propagate_event(
           ^^^^^^^^^^^^^^^^^^^^^^^^^^^^
    ...<4 lines>...
    )
    ^
  File "C:\Users\dzemi\OneDrive\Desktop\VPN_BOT\.venv\Lib\site-packages\aiogram\dispatcher\router.py", line 195, in _propagate_event
    response = await router.propagate_event(update_type=update_type, event=event, **kwargs)
               ^^^^^^^^^^^^^^^^^^^^^^^^^^^^^^^^^^^^^^^^^^^^^^^^^^^^^^^^^^^^^^^^^^^^^^^^^^^^
  File "C:\Users\dzemi\OneDrive\Desktop\VPN_BOT\.venv\Lib\site-packages\aiogram\dispatcher\router.py", line 167, in propagate_event
    return await observer.wrap_outer_middleware(_wrapped, event=event, data=kwargs)
           ^^^^^^^^^^^^^^^^^^^^^^^^^^^^^^^^^^^^^^^^^^^^^^^^^^^^^^^^^^^^^^^^^^^^^^^^
  File "C:\Users\dzemi\OneDrive\Desktop\VPN_BOT\.venv\Lib\site-packages\aiogram\dispatcher\router.py", line 159, in _wrapped
    return await self._propagate_event(
           ^^^^^^^^^^^^^^^^^^^^^^^^^^^^
    ...<4 lines>...
    )
    ^
  File "C:\Users\dzemi\OneDrive\Desktop\VPN_BOT\.venv\Lib\site-packages\aiogram\dispatcher\router.py", line 187, in _propagate_event
    response = await observer.trigger(event, **kwargs)
               ^^^^^^^^^^^^^^^^^^^^^^^^^^^^^^^^^^^^^^^
  File "C:\Users\dzemi\OneDrive\Desktop\VPN_BOT\.venv\Lib\site-packages\aiogram\dispatcher\event\telegram.py", line 126, in trigger
    return await wrapped_inner(event, kwargs)
           ^^^^^^^^^^^^^^^^^^^^^^^^^^^^^^^^^^
  File "C:\Users\dzemi\OneDrive\Desktop\VPN_BOT\bot\middlewares\throttling.py", line 28, in __call__
    return await handler(event, data)
           ^^^^^^^^^^^^^^^^^^^^^^^^^^
  File "C:\Users\dzemi\OneDrive\Desktop\VPN_BOT\.venv\Lib\site-packages\aiogram\dispatcher\event\handler.py", line 71, in call
    return await wrapped()
           ^^^^^^^^^^^^^^^
  File "C:\Users\dzemi\OneDrive\Desktop\VPN_BOT\bot\handlers\referral.py", line 29, in referral_handler
    await callback.message.edit_text(text, reply_markup=keyboard, parse_mode="Markdown")
  File "C:\Users\dzemi\OneDrive\Desktop\VPN_BOT\.venv\Lib\site-packages\aiogram\methods\base.py", line 82, in emit
    return await bot(self)
           ^^^^^^^^^^^^^^^
  File "C:\Users\dzemi\OneDrive\Desktop\VPN_BOT\.venv\Lib\site-packages\aiogram\client\bot.py", line 514, in __call__
    return await self.session(self, method, timeout=request_timeout)
           ^^^^^^^^^^^^^^^^^^^^^^^^^^^^^^^^^^^^^^^^^^^^^^^^^^^^^^^^^
  File "C:\Users\dzemi\OneDrive\Desktop\VPN_BOT\.venv\Lib\site-packages\aiogram\client\session\base.py", line 259, in __call__
    return cast(TelegramType, await middleware(bot, method))
                              ^^^^^^^^^^^^^^^^^^^^^^^^^^^^^
  File "C:\Users\dzemi\OneDrive\Desktop\VPN_BOT\.venv\Lib\site-packages\aiogram\client\session\aiohttp.py", line 177, in make_request
    response = self.check_response(
        bot=bot,
    ...<2 lines>...
        content=raw_result,
    )
  File "C:\Users\dzemi\OneDrive\Desktop\VPN_BOT\.venv\Lib\site-packages\aiogram\client\session\base.py", line 121, in check_response
    raise TelegramBadRequest(method=method, message=description)
aiogram.exceptions.TelegramBadRequest: Telegram server says - Bad Request: there is no text in the message to edit
2026-07-24 21:34:39,713 [INFO] aiogram.event: Update id=82034633 is not handled. Duration 160 ms by bot id=8974386075
2026-07-24 21:34:39,713 [ERROR] aiogram.event: Cause exception while process update id=82034633 by bot id=8974386075
TelegramBadRequest: Telegram server says - Bad Request: there is no text in the message to edit
Traceback (most recent call last):
  File "C:\Users\dzemi\OneDrive\Desktop\VPN_BOT\.venv\Lib\site-packages\aiogram\dispatcher\dispatcher.py", line 320, in _process_update
    response = await self.feed_update(bot, update, **kwargs)
               ^^^^^^^^^^^^^^^^^^^^^^^^^^^^^^^^^^^^^^^^^^^^^
  File "C:\Users\dzemi\OneDrive\Desktop\VPN_BOT\.venv\Lib\site-packages\aiogram\dispatcher\dispatcher.py", line 164, in feed_update
    response = await self.update.wrap_outer_middleware(
               ^^^^^^^^^^^^^^^^^^^^^^^^^^^^^^^^^^^^^^^^
    ...<7 lines>...
    )
    ^
  File "C:\Users\dzemi\OneDrive\Desktop\VPN_BOT\.venv\Lib\site-packages\aiogram\dispatcher\middlewares\error.py", line 27, in __call__
    return await handler(event, data)
           ^^^^^^^^^^^^^^^^^^^^^^^^^^
  File "C:\Users\dzemi\OneDrive\Desktop\VPN_BOT\.venv\Lib\site-packages\aiogram\dispatcher\middlewares\user_context.py", line 58, in __call__
    return await handler(event, data)
           ^^^^^^^^^^^^^^^^^^^^^^^^^^
  File "C:\Users\dzemi\OneDrive\Desktop\VPN_BOT\.venv\Lib\site-packages\aiogram\fsm\middleware.py", line 43, in __call__
    return await handler(event, data)
           ^^^^^^^^^^^^^^^^^^^^^^^^^^
  File "C:\Users\dzemi\OneDrive\Desktop\VPN_BOT\.venv\Lib\site-packages\aiogram\dispatcher\event\telegram.py", line 126, in trigger
    return await wrapped_inner(event, kwargs)
           ^^^^^^^^^^^^^^^^^^^^^^^^^^^^^^^^^^
  File "C:\Users\dzemi\OneDrive\Desktop\VPN_BOT\.venv\Lib\site-packages\aiogram\dispatcher\event\handler.py", line 71, in call
    return await wrapped()
           ^^^^^^^^^^^^^^^
  File "C:\Users\dzemi\OneDrive\Desktop\VPN_BOT\.venv\Lib\site-packages\aiogram\dispatcher\dispatcher.py", line 283, in _listen_update
    return await self.propagate_event(update_type=update_type, event=event, **kwargs)
           ^^^^^^^^^^^^^^^^^^^^^^^^^^^^^^^^^^^^^^^^^^^^^^^^^^^^^^^^^^^^^^^^^^^^^^^^^^
  File "C:\Users\dzemi\OneDrive\Desktop\VPN_BOT\.venv\Lib\site-packages\aiogram\dispatcher\router.py", line 167, in propagate_event
    return await observer.wrap_outer_middleware(_wrapped, event=event, data=kwargs)
           ^^^^^^^^^^^^^^^^^^^^^^^^^^^^^^^^^^^^^^^^^^^^^^^^^^^^^^^^^^^^^^^^^^^^^^^^
  File "C:\Users\dzemi\OneDrive\Desktop\VPN_BOT\.venv\Lib\site-packages\aiogram\dispatcher\router.py", line 159, in _wrapped
    return await self._propagate_event(
           ^^^^^^^^^^^^^^^^^^^^^^^^^^^^
    ...<4 lines>...
    )
    ^
  File "C:\Users\dzemi\OneDrive\Desktop\VPN_BOT\.venv\Lib\site-packages\aiogram\dispatcher\router.py", line 195, in _propagate_event
    response = await router.propagate_event(update_type=update_type, event=event, **kwargs)
               ^^^^^^^^^^^^^^^^^^^^^^^^^^^^^^^^^^^^^^^^^^^^^^^^^^^^^^^^^^^^^^^^^^^^^^^^^^^^
  File "C:\Users\dzemi\OneDrive\Desktop\VPN_BOT\.venv\Lib\site-packages\aiogram\dispatcher\router.py", line 167, in propagate_event
    return await observer.wrap_outer_middleware(_wrapped, event=event, data=kwargs)
           ^^^^^^^^^^^^^^^^^^^^^^^^^^^^^^^^^^^^^^^^^^^^^^^^^^^^^^^^^^^^^^^^^^^^^^^^
  File "C:\Users\dzemi\OneDrive\Desktop\VPN_BOT\.venv\Lib\site-packages\aiogram\dispatcher\router.py", line 159, in _wrapped
    return await self._propagate_event(
           ^^^^^^^^^^^^^^^^^^^^^^^^^^^^
    ...<4 lines>...
    )
    ^
  File "C:\Users\dzemi\OneDrive\Desktop\VPN_BOT\.venv\Lib\site-packages\aiogram\dispatcher\router.py", line 187, in _propagate_event
    response = await observer.trigger(event, **kwargs)
               ^^^^^^^^^^^^^^^^^^^^^^^^^^^^^^^^^^^^^^^
  File "C:\Users\dzemi\OneDrive\Desktop\VPN_BOT\.venv\Lib\site-packages\aiogram\dispatcher\event\telegram.py", line 126, in trigger
    return await wrapped_inner(event, kwargs)
           ^^^^^^^^^^^^^^^^^^^^^^^^^^^^^^^^^^
  File "C:\Users\dzemi\OneDrive\Desktop\VPN_BOT\bot\middlewares\throttling.py", line 28, in __call__
    return await handler(event, data)
           ^^^^^^^^^^^^^^^^^^^^^^^^^^
  File "C:\Users\dzemi\OneDrive\Desktop\VPN_BOT\.venv\Lib\site-packages\aiogram\dispatcher\event\handler.py", line 71, in call
    return await wrapped()
           ^^^^^^^^^^^^^^^
  File "C:\Users\dzemi\OneDrive\Desktop\VPN_BOT\bot\handlers\referral.py", line 29, in referral_handler
    await callback.message.edit_text(text, reply_markup=keyboard, parse_mode="Markdown")
  File "C:\Users\dzemi\OneDrive\Desktop\VPN_BOT\.venv\Lib\site-packages\aiogram\methods\base.py", line 82, in emit
    return await bot(self)
           ^^^^^^^^^^^^^^^
  File "C:\Users\dzemi\OneDrive\Desktop\VPN_BOT\.venv\Lib\site-packages\aiogram\client\bot.py", line 514, in __call__
    return await self.session(self, method, timeout=request_timeout)
           ^^^^^^^^^^^^^^^^^^^^^^^^^^^^^^^^^^^^^^^^^^^^^^^^^^^^^^^^^
  File "C:\Users\dzemi\OneDrive\Desktop\VPN_BOT\.venv\Lib\site-packages\aiogram\client\session\base.py", line 259, in __call__
    return cast(TelegramType, await middleware(bot, method))
                              ^^^^^^^^^^^^^^^^^^^^^^^^^^^^^
  File "C:\Users\dzemi\OneDrive\Desktop\VPN_BOT\.venv\Lib\site-packages\aiogram\client\session\aiohttp.py", line 177, in make_request
    response = self.check_response(
        bot=bot,
    ...<2 lines>...
        content=raw_result,
    )
  File "C:\Users\dzemi\OneDrive\Desktop\VPN_BOT\.venv\Lib\site-packages\aiogram\client\session\base.py", line 121, in check_response
    raise TelegramBadRequest(method=method, message=description)
aiogram.exceptions.TelegramBadRequest: Telegram server says - Bad Request: there is no text in the message to edit
2026-07-24 21:36:51,854 [INFO] aiogram.dispatcher: Polling stopped
2026-07-24 21:36:51,855 [ERROR] aiogram.dispatcher: Failed to fetch updates - TelegramNetworkError: HTTP Client says - ServerDisconnectedError: Server disconnected
2026-07-24 21:36:51,855 [WARNING] aiogram.dispatcher: Sleep for 1.000000 seconds and try again... (tryings = 0, bot id = 8974386075)
2026-07-24 21:36:52,106 [INFO] aiogram.dispatcher: Polling stopped for bot @vpnjempobot id=8974386075 - 'JempoVPN'
2026-07-24 21:36:59,044 [INFO] root: Инициализация проекта...
2026-07-24 21:36:59,048 [INFO] root: База данных инициализирована.
2026-07-24 21:36:59,656 [INFO] root: Бот успешно запущен!
2026-07-24 21:36:59,919 [INFO] aiogram.dispatcher: Start polling
2026-07-24 21:37:00,029 [INFO] aiogram.dispatcher: Run polling for bot @vpnjempobot id=8974386075 - 'JempoVPN'
2026-07-24 21:37:03,612 [INFO] aiogram.event: Update id=82034635 is handled. Duration 1111 ms by bot id=8974386075
2026-07-24 21:37:07,271 [INFO] aiogram.event: Update id=82034636 is handled. Duration 895 ms by bot id=8974386075
2026-07-24 21:37:09,377 [INFO] aiogram.event: Update id=82034637 is handled. Duration 417 ms by bot id=8974386075
2026-07-24 21:37:11,088 [INFO] aiogram.event: Update id=82034638 is not handled. Duration 180 ms by bot id=8974386075
2026-07-24 21:37:11,088 [ERROR] aiogram.event: Cause exception while process update id=82034638 by bot id=8974386075
TelegramBadRequest: Telegram server says - Bad Request: there is no text in the message to edit
Traceback (most recent call last):
  File "C:\Users\dzemi\OneDrive\Desktop\VPN_BOT\.venv\Lib\site-packages\aiogram\dispatcher\dispatcher.py", line 320, in _process_update
    response = await self.feed_update(bot, update, **kwargs)
               ^^^^^^^^^^^^^^^^^^^^^^^^^^^^^^^^^^^^^^^^^^^^^
  File "C:\Users\dzemi\OneDrive\Desktop\VPN_BOT\.venv\Lib\site-packages\aiogram\dispatcher\dispatcher.py", line 164, in feed_update
    response = await self.update.wrap_outer_middleware(
               ^^^^^^^^^^^^^^^^^^^^^^^^^^^^^^^^^^^^^^^^
    ...<7 lines>...
    )
    ^
  File "C:\Users\dzemi\OneDrive\Desktop\VPN_BOT\.venv\Lib\site-packages\aiogram\dispatcher\middlewares\error.py", line 27, in __call__
    return await handler(event, data)
           ^^^^^^^^^^^^^^^^^^^^^^^^^^
  File "C:\Users\dzemi\OneDrive\Desktop\VPN_BOT\.venv\Lib\site-packages\aiogram\dispatcher\middlewares\user_context.py", line 58, in __call__
    return await handler(event, data)
           ^^^^^^^^^^^^^^^^^^^^^^^^^^
  File "C:\Users\dzemi\OneDrive\Desktop\VPN_BOT\.venv\Lib\site-packages\aiogram\fsm\middleware.py", line 43, in __call__
    return await handler(event, data)
           ^^^^^^^^^^^^^^^^^^^^^^^^^^
  File "C:\Users\dzemi\OneDrive\Desktop\VPN_BOT\.venv\Lib\site-packages\aiogram\dispatcher\event\telegram.py", line 126, in trigger
    return await wrapped_inner(event, kwargs)
           ^^^^^^^^^^^^^^^^^^^^^^^^^^^^^^^^^^
  File "C:\Users\dzemi\OneDrive\Desktop\VPN_BOT\.venv\Lib\site-packages\aiogram\dispatcher\event\handler.py", line 71, in call
    return await wrapped()
           ^^^^^^^^^^^^^^^
  File "C:\Users\dzemi\OneDrive\Desktop\VPN_BOT\.venv\Lib\site-packages\aiogram\dispatcher\dispatcher.py", line 283, in _listen_update
    return await self.propagate_event(update_type=update_type, event=event, **kwargs)
           ^^^^^^^^^^^^^^^^^^^^^^^^^^^^^^^^^^^^^^^^^^^^^^^^^^^^^^^^^^^^^^^^^^^^^^^^^^
  File "C:\Users\dzemi\OneDrive\Desktop\VPN_BOT\.venv\Lib\site-packages\aiogram\dispatcher\router.py", line 167, in propagate_event
    return await observer.wrap_outer_middleware(_wrapped, event=event, data=kwargs)
           ^^^^^^^^^^^^^^^^^^^^^^^^^^^^^^^^^^^^^^^^^^^^^^^^^^^^^^^^^^^^^^^^^^^^^^^^
  File "C:\Users\dzemi\OneDrive\Desktop\VPN_BOT\.venv\Lib\site-packages\aiogram\dispatcher\router.py", line 159, in _wrapped
    return await self._propagate_event(
           ^^^^^^^^^^^^^^^^^^^^^^^^^^^^
    ...<4 lines>...
    )
    ^
  File "C:\Users\dzemi\OneDrive\Desktop\VPN_BOT\.venv\Lib\site-packages\aiogram\dispatcher\router.py", line 195, in _propagate_event
    response = await router.propagate_event(update_type=update_type, event=event, **kwargs)
               ^^^^^^^^^^^^^^^^^^^^^^^^^^^^^^^^^^^^^^^^^^^^^^^^^^^^^^^^^^^^^^^^^^^^^^^^^^^^
  File "C:\Users\dzemi\OneDrive\Desktop\VPN_BOT\.venv\Lib\site-packages\aiogram\dispatcher\router.py", line 167, in propagate_event
    return await observer.wrap_outer_middleware(_wrapped, event=event, data=kwargs)
           ^^^^^^^^^^^^^^^^^^^^^^^^^^^^^^^^^^^^^^^^^^^^^^^^^^^^^^^^^^^^^^^^^^^^^^^^
  File "C:\Users\dzemi\OneDrive\Desktop\VPN_BOT\.venv\Lib\site-packages\aiogram\dispatcher\router.py", line 159, in _wrapped
    return await self._propagate_event(
           ^^^^^^^^^^^^^^^^^^^^^^^^^^^^
    ...<4 lines>...
    )
    ^
  File "C:\Users\dzemi\OneDrive\Desktop\VPN_BOT\.venv\Lib\site-packages\aiogram\dispatcher\router.py", line 187, in _propagate_event
    response = await observer.trigger(event, **kwargs)
               ^^^^^^^^^^^^^^^^^^^^^^^^^^^^^^^^^^^^^^^
  File "C:\Users\dzemi\OneDrive\Desktop\VPN_BOT\.venv\Lib\site-packages\aiogram\dispatcher\event\telegram.py", line 126, in trigger
    return await wrapped_inner(event, kwargs)
           ^^^^^^^^^^^^^^^^^^^^^^^^^^^^^^^^^^
  File "C:\Users\dzemi\OneDrive\Desktop\VPN_BOT\bot\middlewares\throttling.py", line 28, in __call__
    return await handler(event, data)
           ^^^^^^^^^^^^^^^^^^^^^^^^^^
  File "C:\Users\dzemi\OneDrive\Desktop\VPN_BOT\.venv\Lib\site-packages\aiogram\dispatcher\event\handler.py", line 71, in call
    return await wrapped()
           ^^^^^^^^^^^^^^^
  File "C:\Users\dzemi\OneDrive\Desktop\VPN_BOT\bot\handlers\referral.py", line 29, in referral_handler
    await callback.message.edit_text(text, reply_markup=keyboard, parse_mode="Markdown")
  File "C:\Users\dzemi\OneDrive\Desktop\VPN_BOT\.venv\Lib\site-packages\aiogram\methods\base.py", line 82, in emit
    return await bot(self)
           ^^^^^^^^^^^^^^^
  File "C:\Users\dzemi\OneDrive\Desktop\VPN_BOT\.venv\Lib\site-packages\aiogram\client\bot.py", line 514, in __call__
    return await self.session(self, method, timeout=request_timeout)
           ^^^^^^^^^^^^^^^^^^^^^^^^^^^^^^^^^^^^^^^^^^^^^^^^^^^^^^^^^
  File "C:\Users\dzemi\OneDrive\Desktop\VPN_BOT\.venv\Lib\site-packages\aiogram\client\session\base.py", line 259, in __call__
    return cast(TelegramType, await middleware(bot, method))
                              ^^^^^^^^^^^^^^^^^^^^^^^^^^^^^
  File "C:\Users\dzemi\OneDrive\Desktop\VPN_BOT\.venv\Lib\site-packages\aiogram\client\session\aiohttp.py", line 177, in make_request
    response = self.check_response(
        bot=bot,
    ...<2 lines>...
        content=raw_result,
    )
  File "C:\Users\dzemi\OneDrive\Desktop\VPN_BOT\.venv\Lib\site-packages\aiogram\client\session\base.py", line 121, in check_response
    raise TelegramBadRequest(method=method, message=description)
aiogram.exceptions.TelegramBadRequest: Telegram server says - Bad Request: there is no text in the message to edit
2026-07-24 21:37:57,717 [INFO] aiogram.dispatcher: Polling stopped
2026-07-24 21:37:57,718 [ERROR] aiogram.dispatcher: Failed to fetch updates - TelegramNetworkError: HTTP Client says - ServerDisconnectedError: Server disconnected
2026-07-24 21:37:57,718 [WARNING] aiogram.dispatcher: Sleep for 1.000000 seconds and try again... (tryings = 0, bot id = 8974386075)
2026-07-24 21:37:57,970 [INFO] aiogram.dispatcher: Polling stopped for bot @vpnjempobot id=8974386075 - 'JempoVPN'
2026-07-24 21:38:03,868 [INFO] root: Инициализация проекта...
2026-07-24 21:38:03,870 [INFO] root: База данных инициализирована.
2026-07-24 21:38:04,371 [INFO] root: Бот успешно запущен!
2026-07-24 21:38:04,882 [INFO] aiogram.dispatcher: Start polling
2026-07-24 21:38:04,970 [INFO] aiogram.dispatcher: Run polling for bot @vpnjempobot id=8974386075 - 'JempoVPN'
2026-07-24 21:38:10,849 [INFO] aiogram.event: Update id=82034639 is handled. Duration 1286 ms by bot id=8974386075
2026-07-24 21:38:12,430 [INFO] aiogram.event: Update id=82034640 is handled. Duration 852 ms by bot id=8974386075
2026-07-24 21:38:13,570 [INFO] aiogram.event: Update id=82034641 is handled. Duration 236 ms by bot id=8974386075
2026-07-24 21:38:20,635 [INFO] aiogram.event: Update id=82034642 is handled. Duration 314 ms by bot id=8974386075
2026-07-24 21:40:59,065 [INFO] aiogram.event: Update id=82034643 is handled. Duration 522 ms by bot id=8974386075
2026-07-24 21:41:09,443 [INFO] aiogram.event: Update id=82034644 is handled. Duration 286 ms by bot id=8974386075
2026-07-24 21:41:11,796 [INFO] aiogram.event: Update id=82034645 is handled. Duration 195 ms by bot id=8974386075
2026-07-24 21:41:19,334 [INFO] aiogram.event: Update id=82034646 is handled. Duration 284 ms by bot id=8974386075
2026-07-24 21:41:20,466 [INFO] aiogram.event: Update id=82034647 is handled. Duration 97 ms by bot id=8974386075
2026-07-24 21:41:22,513 [INFO] aiogram.event: Update id=82034648 is handled. Duration 310 ms by bot id=8974386075
2026-07-24 21:41:24,581 [INFO] aiogram.event: Update id=82034649 is handled. Duration 373 ms by bot id=8974386075
2026-07-24 21:41:25,792 [INFO] aiogram.event: Update id=82034650 is not handled. Duration 85 ms by bot id=8974386075
2026-07-24 21:41:25,792 [ERROR] aiogram.event: Cause exception while process update id=82034650 by bot id=8974386075
TypeError: get_referral_keyboard() missing 1 required positional argument: 'user_id'
Traceback (most recent call last):
  File "C:\Users\dzemi\OneDrive\Desktop\VPN_BOT\.venv\Lib\site-packages\aiogram\dispatcher\dispatcher.py", line 320, in _process_update
    response = await self.feed_update(bot, update, **kwargs)
               ^^^^^^^^^^^^^^^^^^^^^^^^^^^^^^^^^^^^^^^^^^^^^
  File "C:\Users\dzemi\OneDrive\Desktop\VPN_BOT\.venv\Lib\site-packages\aiogram\dispatcher\dispatcher.py", line 164, in feed_update
    response = await self.update.wrap_outer_middleware(
               ^^^^^^^^^^^^^^^^^^^^^^^^^^^^^^^^^^^^^^^^
    ...<7 lines>...
    )
    ^
  File "C:\Users\dzemi\OneDrive\Desktop\VPN_BOT\.venv\Lib\site-packages\aiogram\dispatcher\middlewares\error.py", line 27, in __call__
    return await handler(event, data)
           ^^^^^^^^^^^^^^^^^^^^^^^^^^
  File "C:\Users\dzemi\OneDrive\Desktop\VPN_BOT\.venv\Lib\site-packages\aiogram\dispatcher\middlewares\user_context.py", line 58, in __call__
    return await handler(event, data)
           ^^^^^^^^^^^^^^^^^^^^^^^^^^
  File "C:\Users\dzemi\OneDrive\Desktop\VPN_BOT\.venv\Lib\site-packages\aiogram\fsm\middleware.py", line 43, in __call__
    return await handler(event, data)
           ^^^^^^^^^^^^^^^^^^^^^^^^^^
  File "C:\Users\dzemi\OneDrive\Desktop\VPN_BOT\.venv\Lib\site-packages\aiogram\dispatcher\event\telegram.py", line 126, in trigger
    return await wrapped_inner(event, kwargs)
           ^^^^^^^^^^^^^^^^^^^^^^^^^^^^^^^^^^
  File "C:\Users\dzemi\OneDrive\Desktop\VPN_BOT\.venv\Lib\site-packages\aiogram\dispatcher\event\handler.py", line 71, in call
    return await wrapped()
           ^^^^^^^^^^^^^^^
  File "C:\Users\dzemi\OneDrive\Desktop\VPN_BOT\.venv\Lib\site-packages\aiogram\dispatcher\dispatcher.py", line 283, in _listen_update
    return await self.propagate_event(update_type=update_type, event=event, **kwargs)
           ^^^^^^^^^^^^^^^^^^^^^^^^^^^^^^^^^^^^^^^^^^^^^^^^^^^^^^^^^^^^^^^^^^^^^^^^^^
  File "C:\Users\dzemi\OneDrive\Desktop\VPN_BOT\.venv\Lib\site-packages\aiogram\dispatcher\router.py", line 167, in propagate_event
    return await observer.wrap_outer_middleware(_wrapped, event=event, data=kwargs)
           ^^^^^^^^^^^^^^^^^^^^^^^^^^^^^^^^^^^^^^^^^^^^^^^^^^^^^^^^^^^^^^^^^^^^^^^^
  File "C:\Users\dzemi\OneDrive\Desktop\VPN_BOT\.venv\Lib\site-packages\aiogram\dispatcher\router.py", line 159, in _wrapped
    return await self._propagate_event(
           ^^^^^^^^^^^^^^^^^^^^^^^^^^^^
    ...<4 lines>...
    )
    ^
  File "C:\Users\dzemi\OneDrive\Desktop\VPN_BOT\.venv\Lib\site-packages\aiogram\dispatcher\router.py", line 195, in _propagate_event
    response = await router.propagate_event(update_type=update_type, event=event, **kwargs)
               ^^^^^^^^^^^^^^^^^^^^^^^^^^^^^^^^^^^^^^^^^^^^^^^^^^^^^^^^^^^^^^^^^^^^^^^^^^^^
  File "C:\Users\dzemi\OneDrive\Desktop\VPN_BOT\.venv\Lib\site-packages\aiogram\dispatcher\router.py", line 167, in propagate_event
    return await observer.wrap_outer_middleware(_wrapped, event=event, data=kwargs)
           ^^^^^^^^^^^^^^^^^^^^^^^^^^^^^^^^^^^^^^^^^^^^^^^^^^^^^^^^^^^^^^^^^^^^^^^^
  File "C:\Users\dzemi\OneDrive\Desktop\VPN_BOT\.venv\Lib\site-packages\aiogram\dispatcher\router.py", line 159, in _wrapped
    return await self._propagate_event(
           ^^^^^^^^^^^^^^^^^^^^^^^^^^^^
    ...<4 lines>...
    )
    ^
  File "C:\Users\dzemi\OneDrive\Desktop\VPN_BOT\.venv\Lib\site-packages\aiogram\dispatcher\router.py", line 187, in _propagate_event
    response = await observer.trigger(event, **kwargs)
               ^^^^^^^^^^^^^^^^^^^^^^^^^^^^^^^^^^^^^^^
  File "C:\Users\dzemi\OneDrive\Desktop\VPN_BOT\.venv\Lib\site-packages\aiogram\dispatcher\event\telegram.py", line 126, in trigger
    return await wrapped_inner(event, kwargs)
           ^^^^^^^^^^^^^^^^^^^^^^^^^^^^^^^^^^
  File "C:\Users\dzemi\OneDrive\Desktop\VPN_BOT\bot\middlewares\throttling.py", line 28, in __call__
    return await handler(event, data)
           ^^^^^^^^^^^^^^^^^^^^^^^^^^
  File "C:\Users\dzemi\OneDrive\Desktop\VPN_BOT\.venv\Lib\site-packages\aiogram\dispatcher\event\handler.py", line 71, in call
    return await wrapped()
           ^^^^^^^^^^^^^^^
  File "C:\Users\dzemi\OneDrive\Desktop\VPN_BOT\bot\handlers\referral.py", line 62, in referral_handler
    keyboard = get_referral_keyboard(ref_link)
TypeError: get_referral_keyboard() missing 1 required positional argument: 'user_id'
2026-07-24 21:41:54,521 [INFO] aiogram.event: Update id=82034651 is handled. Duration 205 ms by bot id=8974386075
2026-07-24 21:41:56,035 [INFO] aiogram.event: Update id=82034652 is handled. Duration 392 ms by bot id=8974386075
2026-07-24 21:41:56,937 [INFO] aiogram.event: Update id=82034653 is not handled. Duration 87 ms by bot id=8974386075
2026-07-24 21:41:56,938 [ERROR] aiogram.event: Cause exception while process update id=82034653 by bot id=8974386075
TypeError: get_referral_keyboard() missing 1 required positional argument: 'user_id'
Traceback (most recent call last):
  File "C:\Users\dzemi\OneDrive\Desktop\VPN_BOT\.venv\Lib\site-packages\aiogram\dispatcher\dispatcher.py", line 320, in _process_update
    response = await self.feed_update(bot, update, **kwargs)
               ^^^^^^^^^^^^^^^^^^^^^^^^^^^^^^^^^^^^^^^^^^^^^
  File "C:\Users\dzemi\OneDrive\Desktop\VPN_BOT\.venv\Lib\site-packages\aiogram\dispatcher\dispatcher.py", line 164, in feed_update
    response = await self.update.wrap_outer_middleware(
               ^^^^^^^^^^^^^^^^^^^^^^^^^^^^^^^^^^^^^^^^
    ...<7 lines>...
    )
    ^
  File "C:\Users\dzemi\OneDrive\Desktop\VPN_BOT\.venv\Lib\site-packages\aiogram\dispatcher\middlewares\error.py", line 27, in __call__
    return await handler(event, data)
           ^^^^^^^^^^^^^^^^^^^^^^^^^^
  File "C:\Users\dzemi\OneDrive\Desktop\VPN_BOT\.venv\Lib\site-packages\aiogram\dispatcher\middlewares\user_context.py", line 58, in __call__
    return await handler(event, data)
           ^^^^^^^^^^^^^^^^^^^^^^^^^^
  File "C:\Users\dzemi\OneDrive\Desktop\VPN_BOT\.venv\Lib\site-packages\aiogram\fsm\middleware.py", line 43, in __call__
    return await handler(event, data)
           ^^^^^^^^^^^^^^^^^^^^^^^^^^
  File "C:\Users\dzemi\OneDrive\Desktop\VPN_BOT\.venv\Lib\site-packages\aiogram\dispatcher\event\telegram.py", line 126, in trigger
    return await wrapped_inner(event, kwargs)
           ^^^^^^^^^^^^^^^^^^^^^^^^^^^^^^^^^^
  File "C:\Users\dzemi\OneDrive\Desktop\VPN_BOT\.venv\Lib\site-packages\aiogram\dispatcher\event\handler.py", line 71, in call
    return await wrapped()
           ^^^^^^^^^^^^^^^
  File "C:\Users\dzemi\OneDrive\Desktop\VPN_BOT\.venv\Lib\site-packages\aiogram\dispatcher\dispatcher.py", line 283, in _listen_update
    return await self.propagate_event(update_type=update_type, event=event, **kwargs)
           ^^^^^^^^^^^^^^^^^^^^^^^^^^^^^^^^^^^^^^^^^^^^^^^^^^^^^^^^^^^^^^^^^^^^^^^^^^
  File "C:\Users\dzemi\OneDrive\Desktop\VPN_BOT\.venv\Lib\site-packages\aiogram\dispatcher\router.py", line 167, in propagate_event
    return await observer.wrap_outer_middleware(_wrapped, event=event, data=kwargs)
           ^^^^^^^^^^^^^^^^^^^^^^^^^^^^^^^^^^^^^^^^^^^^^^^^^^^^^^^^^^^^^^^^^^^^^^^^
  File "C:\Users\dzemi\OneDrive\Desktop\VPN_BOT\.venv\Lib\site-packages\aiogram\dispatcher\router.py", line 159, in _wrapped
    return await self._propagate_event(
           ^^^^^^^^^^^^^^^^^^^^^^^^^^^^
    ...<4 lines>...
    )
    ^
  File "C:\Users\dzemi\OneDrive\Desktop\VPN_BOT\.venv\Lib\site-packages\aiogram\dispatcher\router.py", line 195, in _propagate_event
    response = await router.propagate_event(update_type=update_type, event=event, **kwargs)
               ^^^^^^^^^^^^^^^^^^^^^^^^^^^^^^^^^^^^^^^^^^^^^^^^^^^^^^^^^^^^^^^^^^^^^^^^^^^^
  File "C:\Users\dzemi\OneDrive\Desktop\VPN_BOT\.venv\Lib\site-packages\aiogram\dispatcher\router.py", line 167, in propagate_event
    return await observer.wrap_outer_middleware(_wrapped, event=event, data=kwargs)
           ^^^^^^^^^^^^^^^^^^^^^^^^^^^^^^^^^^^^^^^^^^^^^^^^^^^^^^^^^^^^^^^^^^^^^^^^
  File "C:\Users\dzemi\OneDrive\Desktop\VPN_BOT\.venv\Lib\site-packages\aiogram\dispatcher\router.py", line 159, in _wrapped
    return await self._propagate_event(
           ^^^^^^^^^^^^^^^^^^^^^^^^^^^^
    ...<4 lines>...
    )
    ^
  File "C:\Users\dzemi\OneDrive\Desktop\VPN_BOT\.venv\Lib\site-packages\aiogram\dispatcher\router.py", line 187, in _propagate_event
    response = await observer.trigger(event, **kwargs)
               ^^^^^^^^^^^^^^^^^^^^^^^^^^^^^^^^^^^^^^^
  File "C:\Users\dzemi\OneDrive\Desktop\VPN_BOT\.venv\Lib\site-packages\aiogram\dispatcher\event\telegram.py", line 126, in trigger
    return await wrapped_inner(event, kwargs)
           ^^^^^^^^^^^^^^^^^^^^^^^^^^^^^^^^^^
  File "C:\Users\dzemi\OneDrive\Desktop\VPN_BOT\bot\middlewares\throttling.py", line 28, in __call__
    return await handler(event, data)
           ^^^^^^^^^^^^^^^^^^^^^^^^^^
  File "C:\Users\dzemi\OneDrive\Desktop\VPN_BOT\.venv\Lib\site-packages\aiogram\dispatcher\event\handler.py", line 71, in call
    return await wrapped()
           ^^^^^^^^^^^^^^^
  File "C:\Users\dzemi\OneDrive\Desktop\VPN_BOT\bot\handlers\referral.py", line 62, in referral_handler
    keyboard = get_referral_keyboard(ref_link)
TypeError: get_referral_keyboard() missing 1 required positional argument: 'user_id'
2026-07-24 21:43:37,006 [INFO] aiogram.event: Update id=82034654 is not handled. Duration 79 ms by bot id=8974386075
2026-07-24 21:43:37,006 [ERROR] aiogram.event: Cause exception while process update id=82034654 by bot id=8974386075
TypeError: get_referral_keyboard() missing 1 required positional argument: 'user_id'
Traceback (most recent call last):
  File "C:\Users\dzemi\OneDrive\Desktop\VPN_BOT\.venv\Lib\site-packages\aiogram\dispatcher\dispatcher.py", line 320, in _process_update
    response = await self.feed_update(bot, update, **kwargs)
               ^^^^^^^^^^^^^^^^^^^^^^^^^^^^^^^^^^^^^^^^^^^^^
  File "C:\Users\dzemi\OneDrive\Desktop\VPN_BOT\.venv\Lib\site-packages\aiogram\dispatcher\dispatcher.py", line 164, in feed_update
    response = await self.update.wrap_outer_middleware(
               ^^^^^^^^^^^^^^^^^^^^^^^^^^^^^^^^^^^^^^^^
    ...<7 lines>...
    )
    ^
  File "C:\Users\dzemi\OneDrive\Desktop\VPN_BOT\.venv\Lib\site-packages\aiogram\dispatcher\middlewares\error.py", line 27, in __call__
    return await handler(event, data)
           ^^^^^^^^^^^^^^^^^^^^^^^^^^
  File "C:\Users\dzemi\OneDrive\Desktop\VPN_BOT\.venv\Lib\site-packages\aiogram\dispatcher\middlewares\user_context.py", line 58, in __call__
    return await handler(event, data)
           ^^^^^^^^^^^^^^^^^^^^^^^^^^
  File "C:\Users\dzemi\OneDrive\Desktop\VPN_BOT\.venv\Lib\site-packages\aiogram\fsm\middleware.py", line 43, in __call__
    return await handler(event, data)
           ^^^^^^^^^^^^^^^^^^^^^^^^^^
  File "C:\Users\dzemi\OneDrive\Desktop\VPN_BOT\.venv\Lib\site-packages\aiogram\dispatcher\event\telegram.py", line 126, in trigger
    return await wrapped_inner(event, kwargs)
           ^^^^^^^^^^^^^^^^^^^^^^^^^^^^^^^^^^
  File "C:\Users\dzemi\OneDrive\Desktop\VPN_BOT\.venv\Lib\site-packages\aiogram\dispatcher\event\handler.py", line 71, in call
    return await wrapped()
           ^^^^^^^^^^^^^^^
  File "C:\Users\dzemi\OneDrive\Desktop\VPN_BOT\.venv\Lib\site-packages\aiogram\dispatcher\dispatcher.py", line 283, in _listen_update
    return await self.propagate_event(update_type=update_type, event=event, **kwargs)
           ^^^^^^^^^^^^^^^^^^^^^^^^^^^^^^^^^^^^^^^^^^^^^^^^^^^^^^^^^^^^^^^^^^^^^^^^^^
  File "C:\Users\dzemi\OneDrive\Desktop\VPN_BOT\.venv\Lib\site-packages\aiogram\dispatcher\router.py", line 167, in propagate_event
    return await observer.wrap_outer_middleware(_wrapped, event=event, data=kwargs)
           ^^^^^^^^^^^^^^^^^^^^^^^^^^^^^^^^^^^^^^^^^^^^^^^^^^^^^^^^^^^^^^^^^^^^^^^^
  File "C:\Users\dzemi\OneDrive\Desktop\VPN_BOT\.venv\Lib\site-packages\aiogram\dispatcher\router.py", line 159, in _wrapped
    return await self._propagate_event(
           ^^^^^^^^^^^^^^^^^^^^^^^^^^^^
    ...<4 lines>...
    )
    ^
  File "C:\Users\dzemi\OneDrive\Desktop\VPN_BOT\.venv\Lib\site-packages\aiogram\dispatcher\router.py", line 195, in _propagate_event
    response = await router.propagate_event(update_type=update_type, event=event, **kwargs)
               ^^^^^^^^^^^^^^^^^^^^^^^^^^^^^^^^^^^^^^^^^^^^^^^^^^^^^^^^^^^^^^^^^^^^^^^^^^^^
  File "C:\Users\dzemi\OneDrive\Desktop\VPN_BOT\.venv\Lib\site-packages\aiogram\dispatcher\router.py", line 167, in propagate_event
    return await observer.wrap_outer_middleware(_wrapped, event=event, data=kwargs)
           ^^^^^^^^^^^^^^^^^^^^^^^^^^^^^^^^^^^^^^^^^^^^^^^^^^^^^^^^^^^^^^^^^^^^^^^^
  File "C:\Users\dzemi\OneDrive\Desktop\VPN_BOT\.venv\Lib\site-packages\aiogram\dispatcher\router.py", line 159, in _wrapped
    return await self._propagate_event(
           ^^^^^^^^^^^^^^^^^^^^^^^^^^^^
    ...<4 lines>...
    )
    ^
  File "C:\Users\dzemi\OneDrive\Desktop\VPN_BOT\.venv\Lib\site-packages\aiogram\dispatcher\router.py", line 187, in _propagate_event
    response = await observer.trigger(event, **kwargs)
               ^^^^^^^^^^^^^^^^^^^^^^^^^^^^^^^^^^^^^^^
  File "C:\Users\dzemi\OneDrive\Desktop\VPN_BOT\.venv\Lib\site-packages\aiogram\dispatcher\event\telegram.py", line 126, in trigger
    return await wrapped_inner(event, kwargs)
           ^^^^^^^^^^^^^^^^^^^^^^^^^^^^^^^^^^
  File "C:\Users\dzemi\OneDrive\Desktop\VPN_BOT\bot\middlewares\throttling.py", line 28, in __call__
    return await handler(event, data)
           ^^^^^^^^^^^^^^^^^^^^^^^^^^
  File "C:\Users\dzemi\OneDrive\Desktop\VPN_BOT\.venv\Lib\site-packages\aiogram\dispatcher\event\handler.py", line 71, in call
    return await wrapped()
           ^^^^^^^^^^^^^^^
  File "C:\Users\dzemi\OneDrive\Desktop\VPN_BOT\bot\handlers\referral.py", line 62, in referral_handler
    keyboard = get_referral_keyboard(ref_link)
TypeError: get_referral_keyboard() missing 1 required positional argument: 'user_id'
2026-07-24 21:43:56,031 [INFO] aiogram.event: Update id=82034655 is not handled. Duration 82 ms by bot id=8974386075
2026-07-24 21:43:56,031 [ERROR] aiogram.event: Cause exception while process update id=82034655 by bot id=8974386075
TypeError: get_referral_keyboard() missing 1 required positional argument: 'user_id'
Traceback (most recent call last):
  File "C:\Users\dzemi\OneDrive\Desktop\VPN_BOT\.venv\Lib\site-packages\aiogram\dispatcher\dispatcher.py", line 320, in _process_update
    response = await self.feed_update(bot, update, **kwargs)
               ^^^^^^^^^^^^^^^^^^^^^^^^^^^^^^^^^^^^^^^^^^^^^
  File "C:\Users\dzemi\OneDrive\Desktop\VPN_BOT\.venv\Lib\site-packages\aiogram\dispatcher\dispatcher.py", line 164, in feed_update
    response = await self.update.wrap_outer_middleware(
               ^^^^^^^^^^^^^^^^^^^^^^^^^^^^^^^^^^^^^^^^
    ...<7 lines>...
    )
    ^
  File "C:\Users\dzemi\OneDrive\Desktop\VPN_BOT\.venv\Lib\site-packages\aiogram\dispatcher\middlewares\error.py", line 27, in __call__
    return await handler(event, data)
           ^^^^^^^^^^^^^^^^^^^^^^^^^^
  File "C:\Users\dzemi\OneDrive\Desktop\VPN_BOT\.venv\Lib\site-packages\aiogram\dispatcher\middlewares\user_context.py", line 58, in __call__
    return await handler(event, data)
           ^^^^^^^^^^^^^^^^^^^^^^^^^^
  File "C:\Users\dzemi\OneDrive\Desktop\VPN_BOT\.venv\Lib\site-packages\aiogram\fsm\middleware.py", line 43, in __call__
    return await handler(event, data)
           ^^^^^^^^^^^^^^^^^^^^^^^^^^
  File "C:\Users\dzemi\OneDrive\Desktop\VPN_BOT\.venv\Lib\site-packages\aiogram\dispatcher\event\telegram.py", line 126, in trigger
    return await wrapped_inner(event, kwargs)
           ^^^^^^^^^^^^^^^^^^^^^^^^^^^^^^^^^^
  File "C:\Users\dzemi\OneDrive\Desktop\VPN_BOT\.venv\Lib\site-packages\aiogram\dispatcher\event\handler.py", line 71, in call
    return await wrapped()
           ^^^^^^^^^^^^^^^
  File "C:\Users\dzemi\OneDrive\Desktop\VPN_BOT\.venv\Lib\site-packages\aiogram\dispatcher\dispatcher.py", line 283, in _listen_update
    return await self.propagate_event(update_type=update_type, event=event, **kwargs)
           ^^^^^^^^^^^^^^^^^^^^^^^^^^^^^^^^^^^^^^^^^^^^^^^^^^^^^^^^^^^^^^^^^^^^^^^^^^
  File "C:\Users\dzemi\OneDrive\Desktop\VPN_BOT\.venv\Lib\site-packages\aiogram\dispatcher\router.py", line 167, in propagate_event
    return await observer.wrap_outer_middleware(_wrapped, event=event, data=kwargs)
           ^^^^^^^^^^^^^^^^^^^^^^^^^^^^^^^^^^^^^^^^^^^^^^^^^^^^^^^^^^^^^^^^^^^^^^^^
  File "C:\Users\dzemi\OneDrive\Desktop\VPN_BOT\.venv\Lib\site-packages\aiogram\dispatcher\router.py", line 159, in _wrapped
    return await self._propagate_event(
           ^^^^^^^^^^^^^^^^^^^^^^^^^^^^
    ...<4 lines>...
    )
    ^
  File "C:\Users\dzemi\OneDrive\Desktop\VPN_BOT\.venv\Lib\site-packages\aiogram\dispatcher\router.py", line 195, in _propagate_event
    response = await router.propagate_event(update_type=update_type, event=event, **kwargs)
               ^^^^^^^^^^^^^^^^^^^^^^^^^^^^^^^^^^^^^^^^^^^^^^^^^^^^^^^^^^^^^^^^^^^^^^^^^^^^
  File "C:\Users\dzemi\OneDrive\Desktop\VPN_BOT\.venv\Lib\site-packages\aiogram\dispatcher\router.py", line 167, in propagate_event
    return await observer.wrap_outer_middleware(_wrapped, event=event, data=kwargs)
           ^^^^^^^^^^^^^^^^^^^^^^^^^^^^^^^^^^^^^^^^^^^^^^^^^^^^^^^^^^^^^^^^^^^^^^^^
  File "C:\Users\dzemi\OneDrive\Desktop\VPN_BOT\.venv\Lib\site-packages\aiogram\dispatcher\router.py", line 159, in _wrapped
    return await self._propagate_event(
           ^^^^^^^^^^^^^^^^^^^^^^^^^^^^
    ...<4 lines>...
    )
    ^
  File "C:\Users\dzemi\OneDrive\Desktop\VPN_BOT\.venv\Lib\site-packages\aiogram\dispatcher\router.py", line 187, in _propagate_event
    response = await observer.trigger(event, **kwargs)
               ^^^^^^^^^^^^^^^^^^^^^^^^^^^^^^^^^^^^^^^
  File "C:\Users\dzemi\OneDrive\Desktop\VPN_BOT\.venv\Lib\site-packages\aiogram\dispatcher\event\telegram.py", line 126, in trigger
    return await wrapped_inner(event, kwargs)
           ^^^^^^^^^^^^^^^^^^^^^^^^^^^^^^^^^^
  File "C:\Users\dzemi\OneDrive\Desktop\VPN_BOT\bot\middlewares\throttling.py", line 28, in __call__
    return await handler(event, data)
           ^^^^^^^^^^^^^^^^^^^^^^^^^^
  File "C:\Users\dzemi\OneDrive\Desktop\VPN_BOT\.venv\Lib\site-packages\aiogram\dispatcher\event\handler.py", line 71, in call
    return await wrapped()
           ^^^^^^^^^^^^^^^
  File "C:\Users\dzemi\OneDrive\Desktop\VPN_BOT\bot\handlers\referral.py", line 62, in referral_handler
    keyboard = get_referral_keyboard(ref_link)
TypeError: get_referral_keyboard() missing 1 required positional argument: 'user_id'
2026-07-24 21:43:57,614 [INFO] aiogram.event: Update id=82034656 is not handled. Duration 86 ms by bot id=8974386075
2026-07-24 21:43:57,615 [ERROR] aiogram.event: Cause exception while process update id=82034656 by bot id=8974386075
TypeError: get_referral_keyboard() missing 1 required positional argument: 'user_id'
Traceback (most recent call last):
  File "C:\Users\dzemi\OneDrive\Desktop\VPN_BOT\.venv\Lib\site-packages\aiogram\dispatcher\dispatcher.py", line 320, in _process_update
    response = await self.feed_update(bot, update, **kwargs)
               ^^^^^^^^^^^^^^^^^^^^^^^^^^^^^^^^^^^^^^^^^^^^^
  File "C:\Users\dzemi\OneDrive\Desktop\VPN_BOT\.venv\Lib\site-packages\aiogram\dispatcher\dispatcher.py", line 164, in feed_update
    response = await self.update.wrap_outer_middleware(
               ^^^^^^^^^^^^^^^^^^^^^^^^^^^^^^^^^^^^^^^^
    ...<7 lines>...
    )
    ^
  File "C:\Users\dzemi\OneDrive\Desktop\VPN_BOT\.venv\Lib\site-packages\aiogram\dispatcher\middlewares\error.py", line 27, in __call__
    return await handler(event, data)
           ^^^^^^^^^^^^^^^^^^^^^^^^^^
  File "C:\Users\dzemi\OneDrive\Desktop\VPN_BOT\.venv\Lib\site-packages\aiogram\dispatcher\middlewares\user_context.py", line 58, in __call__
    return await handler(event, data)
           ^^^^^^^^^^^^^^^^^^^^^^^^^^
  File "C:\Users\dzemi\OneDrive\Desktop\VPN_BOT\.venv\Lib\site-packages\aiogram\fsm\middleware.py", line 43, in __call__
    return await handler(event, data)
           ^^^^^^^^^^^^^^^^^^^^^^^^^^
  File "C:\Users\dzemi\OneDrive\Desktop\VPN_BOT\.venv\Lib\site-packages\aiogram\dispatcher\event\telegram.py", line 126, in trigger
    return await wrapped_inner(event, kwargs)
           ^^^^^^^^^^^^^^^^^^^^^^^^^^^^^^^^^^
  File "C:\Users\dzemi\OneDrive\Desktop\VPN_BOT\.venv\Lib\site-packages\aiogram\dispatcher\event\handler.py", line 71, in call
    return await wrapped()
           ^^^^^^^^^^^^^^^
  File "C:\Users\dzemi\OneDrive\Desktop\VPN_BOT\.venv\Lib\site-packages\aiogram\dispatcher\dispatcher.py", line 283, in _listen_update
    return await self.propagate_event(update_type=update_type, event=event, **kwargs)
           ^^^^^^^^^^^^^^^^^^^^^^^^^^^^^^^^^^^^^^^^^^^^^^^^^^^^^^^^^^^^^^^^^^^^^^^^^^
  File "C:\Users\dzemi\OneDrive\Desktop\VPN_BOT\.venv\Lib\site-packages\aiogram\dispatcher\router.py", line 167, in propagate_event
    return await observer.wrap_outer_middleware(_wrapped, event=event, data=kwargs)
           ^^^^^^^^^^^^^^^^^^^^^^^^^^^^^^^^^^^^^^^^^^^^^^^^^^^^^^^^^^^^^^^^^^^^^^^^
  File "C:\Users\dzemi\OneDrive\Desktop\VPN_BOT\.venv\Lib\site-packages\aiogram\dispatcher\router.py", line 159, in _wrapped
    return await self._propagate_event(
           ^^^^^^^^^^^^^^^^^^^^^^^^^^^^
    ...<4 lines>...
    )
    ^
  File "C:\Users\dzemi\OneDrive\Desktop\VPN_BOT\.venv\Lib\site-packages\aiogram\dispatcher\router.py", line 195, in _propagate_event
    response = await router.propagate_event(update_type=update_type, event=event, **kwargs)
               ^^^^^^^^^^^^^^^^^^^^^^^^^^^^^^^^^^^^^^^^^^^^^^^^^^^^^^^^^^^^^^^^^^^^^^^^^^^^
  File "C:\Users\dzemi\OneDrive\Desktop\VPN_BOT\.venv\Lib\site-packages\aiogram\dispatcher\router.py", line 167, in propagate_event
    return await observer.wrap_outer_middleware(_wrapped, event=event, data=kwargs)
           ^^^^^^^^^^^^^^^^^^^^^^^^^^^^^^^^^^^^^^^^^^^^^^^^^^^^^^^^^^^^^^^^^^^^^^^^
  File "C:\Users\dzemi\OneDrive\Desktop\VPN_BOT\.venv\Lib\site-packages\aiogram\dispatcher\router.py", line 159, in _wrapped
    return await self._propagate_event(
           ^^^^^^^^^^^^^^^^^^^^^^^^^^^^
    ...<4 lines>...
    )
    ^
  File "C:\Users\dzemi\OneDrive\Desktop\VPN_BOT\.venv\Lib\site-packages\aiogram\dispatcher\router.py", line 187, in _propagate_event
    response = await observer.trigger(event, **kwargs)
               ^^^^^^^^^^^^^^^^^^^^^^^^^^^^^^^^^^^^^^^
  File "C:\Users\dzemi\OneDrive\Desktop\VPN_BOT\.venv\Lib\site-packages\aiogram\dispatcher\event\telegram.py", line 126, in trigger
    return await wrapped_inner(event, kwargs)
           ^^^^^^^^^^^^^^^^^^^^^^^^^^^^^^^^^^
  File "C:\Users\dzemi\OneDrive\Desktop\VPN_BOT\bot\middlewares\throttling.py", line 28, in __call__
    return await handler(event, data)
           ^^^^^^^^^^^^^^^^^^^^^^^^^^
  File "C:\Users\dzemi\OneDrive\Desktop\VPN_BOT\.venv\Lib\site-packages\aiogram\dispatcher\event\handler.py", line 71, in call
    return await wrapped()
           ^^^^^^^^^^^^^^^
  File "C:\Users\dzemi\OneDrive\Desktop\VPN_BOT\bot\handlers\referral.py", line 62, in referral_handler
    keyboard = get_referral_keyboard(ref_link)
TypeError: get_referral_keyboard() missing 1 required positional argument: 'user_id'
2026-07-24 21:44:17,695 [INFO] aiogram.dispatcher: Polling stopped
2026-07-24 21:44:17,696 [ERROR] aiogram.dispatcher: Failed to fetch updates - TelegramNetworkError: HTTP Client says - ServerDisconnectedError: Server disconnected
2026-07-24 21:44:17,696 [WARNING] aiogram.dispatcher: Sleep for 1.000000 seconds and try again... (tryings = 0, bot id = 8974386075)
2026-07-24 21:44:17,947 [INFO] aiogram.dispatcher: Polling stopped for bot @vpnjempobot id=8974386075 - 'JempoVPN'
2026-07-24 21:45:10,948 [INFO] root: Инициализация проекта...
2026-07-24 21:45:10,950 [INFO] root: База данных инициализирована.
2026-07-24 21:45:11,435 [INFO] root: Бот успешно запущен!
2026-07-24 21:45:11,617 [INFO] aiogram.dispatcher: Start polling
2026-07-24 21:45:11,701 [INFO] aiogram.dispatcher: Run polling for bot @vpnjempobot id=8974386075 - 'JempoVPN'
2026-07-24 21:45:17,351 [INFO] aiogram.event: Update id=82034657 is handled. Duration 877 ms by bot id=8974386075
2026-07-24 21:47:05,190 [INFO] aiogram.dispatcher: Polling stopped
2026-07-24 21:47:05,191 [ERROR] aiogram.dispatcher: Failed to fetch updates - TelegramNetworkError: HTTP Client says - ServerDisconnectedError: Server disconnected
2026-07-24 21:47:05,191 [WARNING] aiogram.dispatcher: Sleep for 1.000000 seconds and try again... (tryings = 0, bot id = 8974386075)
2026-07-24 21:47:05,443 [INFO] aiogram.dispatcher: Polling stopped for bot @vpnjempobot id=8974386075 - 'JempoVPN'
2026-07-24 21:47:12,384 [INFO] root: Инициализация проекта...
2026-07-24 21:47:12,387 [INFO] root: База данных инициализирована.
2026-07-24 21:47:13,050 [INFO] root: Бот успешно запущен!
2026-07-24 21:47:13,248 [INFO] aiogram.dispatcher: Start polling
2026-07-24 21:47:13,339 [INFO] aiogram.dispatcher: Run polling for bot @vpnjempobot id=8974386075 - 'JempoVPN'
2026-07-24 21:47:19,411 [INFO] aiogram.event: Update id=82034660 is handled. Duration 1123 ms by bot id=8974386075
2026-07-24 21:47:22,526 [INFO] aiogram.event: Update id=82034661 is handled. Duration 989 ms by bot id=8974386075
2026-07-24 21:47:40,601 [INFO] aiogram.event: Update id=82034662 is handled. Duration 631 ms by bot id=8974386075
2026-07-24 22:33:26,964 [INFO] aiogram.event: Update id=82034663 is handled. Duration 198 ms by bot id=8974386075
2026-07-24 22:33:32,050 [INFO] aiogram.event: Update id=82034664 is handled. Duration 381 ms by bot id=8974386075
2026-07-24 22:33:33,891 [INFO] aiogram.event: Update id=82034665 is handled. Duration 438 ms by bot id=8974386075
2026-07-24 22:33:35,162 [INFO] aiogram.event: Update id=82034666 is handled. Duration 284 ms by bot id=8974386075
2026-07-24 22:33:36,334 [INFO] aiogram.event: Update id=82034667 is handled. Duration 214 ms by bot id=8974386075
2026-07-24 22:33:37,846 [INFO] aiogram.event: Update id=82034668 is handled. Duration 422 ms by bot id=8974386075
2026-07-24 22:33:43,264 [INFO] aiogram.event: Update id=82034669 is handled. Duration 335 ms by bot id=8974386075
2026-07-24 22:34:02,376 [INFO] aiogram.event: Update id=82034670 is handled. Duration 192 ms by bot id=8974386075
2026-07-24 22:34:03,999 [INFO] aiogram.event: Update id=82034671 is handled. Duration 441 ms by bot id=8974386075
2026-07-24 22:34:05,273 [INFO] aiogram.event: Update id=82034672 is handled. Duration 417 ms by bot id=8974386075
2026-07-24 22:46:03,769 [INFO] aiogram.event: Update id=82034673 is not handled. Duration 1 ms by bot id=8974386075
2026-07-24 22:50:47,705 [INFO] aiogram.event: Update id=82034674 is handled. Duration 1155 ms by bot id=8974386075
2026-07-24 22:59:31,721 [ERROR] aiogram.dispatcher: Failed to fetch updates - TelegramNetworkError: HTTP Client says - ClientOSError: [WinError 1236] Подключение к сети было разорвано локальной системой
2026-07-24 22:59:31,732 [WARNING] aiogram.dispatcher: Sleep for 1.000000 seconds and try again... (tryings = 0, bot id = 8974386075)
2026-07-24 22:59:47,799 [ERROR] aiogram.dispatcher: Failed to fetch updates - TelegramNetworkError: HTTP Client says - ClientConnectorError: Cannot connect to host api.telegram.org:443 ssl:default [Multiple exceptions: [WinError 1236] Подключение к сети было разорвано локальной системой, [WinError 1231] Сетевая папка недоступна. За информацией о разрешении проблем в сети обратитесь к справочной системе Windows]
2026-07-24 22:59:47,799 [WARNING] aiogram.dispatcher: Sleep for 1.388027 seconds and try again... (tryings = 1, bot id = 8974386075)
2026-07-24 22:59:59,703 [INFO] aiogram.dispatcher: Connection established (tryings = 2, bot id = 8974386075)
2026-07-24 23:11:43,268 [INFO] aiogram.event: Update id=82034675 is handled. Duration 877 ms by bot id=8974386075
2026-07-24 23:13:53,930 [INFO] aiogram.event: Update id=82034676 is handled. Duration 594 ms by bot id=8974386075
2026-07-24 23:15:39,490 [INFO] aiogram.dispatcher: Polling stopped
2026-07-24 23:15:39,491 [ERROR] aiogram.dispatcher: Failed to fetch updates - TelegramNetworkError: HTTP Client says - ServerDisconnectedError: Server disconnected
2026-07-24 23:15:39,491 [WARNING] aiogram.dispatcher: Sleep for 1.000000 seconds and try again... (tryings = 0, bot id = 8974386075)
2026-07-24 23:15:39,743 [INFO] aiogram.dispatcher: Polling stopped for bot @vpnjempobot id=8974386075 - 'JempoVPN'
2026-07-24 23:15:46,126 [INFO] root: Инициализация проекта...
2026-07-24 23:15:46,128 [INFO] root: База данных инициализирована.
2026-07-24 23:15:46,628 [INFO] root: Бот успешно запущен!
2026-07-24 23:15:46,914 [INFO] aiogram.dispatcher: Start polling
2026-07-24 23:15:46,999 [INFO] aiogram.dispatcher: Run polling for bot @vpnjempobot id=8974386075 - 'JempoVPN'
2026-07-24 23:16:09,097 [INFO] aiogram.event: Update id=82034677 is handled. Duration 1407 ms by bot id=8974386075
2026-07-24 23:17:49,721 [INFO] aiogram.dispatcher: Polling stopped
2026-07-24 23:17:49,722 [ERROR] aiogram.dispatcher: Failed to fetch updates - TelegramNetworkError: HTTP Client says - ServerDisconnectedError: Server disconnected
2026-07-24 23:17:49,722 [WARNING] aiogram.dispatcher: Sleep for 1.000000 seconds and try again... (tryings = 0, bot id = 8974386075)
2026-07-24 23:17:49,973 [INFO] aiogram.dispatcher: Polling stopped for bot @vpnjempobot id=8974386075 - 'JempoVPN'
2026-07-24 23:17:57,601 [INFO] root: Инициализация проекта...
2026-07-24 23:17:57,605 [INFO] root: База данных инициализирована.
2026-07-24 23:17:58,261 [INFO] root: Бот успешно запущен!
2026-07-24 23:17:58,453 [INFO] aiogram.dispatcher: Start polling
2026-07-24 23:17:58,538 [INFO] aiogram.dispatcher: Run polling for bot @vpnjempobot id=8974386075 - 'JempoVPN'
2026-07-24 23:18:20,254 [INFO] aiogram.event: Update id=82034678 is handled. Duration 1186 ms by bot id=8974386075
2026-07-24 23:21:27,460 [INFO] aiogram.dispatcher: Polling stopped
2026-07-24 23:21:27,461 [ERROR] aiogram.dispatcher: Failed to fetch updates - TelegramNetworkError: HTTP Client says - ServerDisconnectedError: Server disconnected
2026-07-24 23:21:27,461 [WARNING] aiogram.dispatcher: Sleep for 1.000000 seconds and try again... (tryings = 0, bot id = 8974386075)
2026-07-24 23:21:27,712 [INFO] aiogram.dispatcher: Polling stopped for bot @vpnjempobot id=8974386075 - 'JempoVPN'
2026-07-24 23:21:33,754 [INFO] root: Инициализация проекта...
2026-07-24 23:21:33,757 [INFO] root: База данных инициализирована.
2026-07-24 23:21:34,261 [INFO] root: Бот успешно запущен!
2026-07-24 23:21:34,530 [INFO] aiogram.dispatcher: Start polling
2026-07-24 23:21:34,623 [INFO] aiogram.dispatcher: Run polling for bot @vpnjempobot id=8974386075 - 'JempoVPN'
2026-07-24 23:21:38,865 [INFO] aiogram.event: Update id=82034679 is handled. Duration 683 ms by bot id=8974386075
2026-07-24 23:21:46,550 [INFO] aiogram.event: Update id=82034680 is handled. Duration 532 ms by bot id=8974386075
2026-07-24 23:23:15,010 [INFO] aiogram.dispatcher: Polling stopped
2026-07-24 23:23:15,011 [ERROR] aiogram.dispatcher: Failed to fetch updates - TelegramNetworkError: HTTP Client says - ServerDisconnectedError: Server disconnected
2026-07-24 23:23:15,011 [WARNING] aiogram.dispatcher: Sleep for 1.000000 seconds and try again... (tryings = 0, bot id = 8974386075)
2026-07-24 23:23:15,262 [INFO] aiogram.dispatcher: Polling stopped for bot @vpnjempobot id=8974386075 - 'JempoVPN'
2026-07-24 23:23:50,967 [INFO] root: Инициализация проекта...
2026-07-24 23:23:50,969 [INFO] root: База данных инициализирована.
2026-07-24 23:23:51,474 [INFO] root: Бот успешно запущен!
2026-07-24 23:23:51,662 [INFO] aiogram.dispatcher: Start polling
2026-07-24 23:23:51,749 [INFO] aiogram.dispatcher: Run polling for bot @vpnjempobot id=8974386075 - 'JempoVPN'
2026-07-24 23:24:01,368 [INFO] aiogram.event: Update id=82034681 is handled. Duration 721 ms by bot id=8974386075
2026-07-24 23:24:07,506 [INFO] aiogram.event: Update id=82034682 is handled. Duration 528 ms by bot id=8974386075
2026-07-24 23:24:53,292 [INFO] aiogram.dispatcher: Polling stopped
2026-07-24 23:24:53,293 [ERROR] aiogram.dispatcher: Failed to fetch updates - TelegramNetworkError: HTTP Client says - ServerDisconnectedError: Server disconnected
2026-07-24 23:24:53,293 [WARNING] aiogram.dispatcher: Sleep for 1.000000 seconds and try again... (tryings = 0, bot id = 8974386075)
2026-07-24 23:24:53,543 [INFO] aiogram.dispatcher: Polling stopped for bot @vpnjempobot id=8974386075 - 'JempoVPN'
2026-07-24 23:25:01,891 [INFO] root: Инициализация проекта...
2026-07-24 23:25:01,893 [INFO] root: База данных инициализирована.
2026-07-24 23:25:02,386 [INFO] root: Бот успешно запущен!
2026-07-24 23:25:02,566 [INFO] aiogram.dispatcher: Start polling
2026-07-24 23:25:02,644 [INFO] aiogram.dispatcher: Run polling for bot @vpnjempobot id=8974386075 - 'JempoVPN'
2026-07-24 23:25:22,378 [INFO] aiogram.event: Update id=82034683 is handled. Duration 697 ms by bot id=8974386075
2026-07-24 23:27:18,362 [INFO] aiogram.dispatcher: Polling stopped
2026-07-24 23:27:18,363 [ERROR] aiogram.dispatcher: Failed to fetch updates - TelegramNetworkError: HTTP Client says - ServerDisconnectedError: Server disconnected
2026-07-24 23:27:18,363 [WARNING] aiogram.dispatcher: Sleep for 1.000000 seconds and try again... (tryings = 0, bot id = 8974386075)
2026-07-24 23:27:18,614 [INFO] aiogram.dispatcher: Polling stopped for bot @vpnjempobot id=8974386075 - 'JempoVPN'
2026-07-24 23:27:24,648 [INFO] root: Инициализация проекта...
2026-07-24 23:27:24,650 [INFO] root: База данных инициализирована.
2026-07-24 23:27:25,170 [INFO] root: Бот успешно запущен!
2026-07-24 23:27:25,378 [INFO] aiogram.dispatcher: Start polling
2026-07-24 23:27:25,464 [INFO] aiogram.dispatcher: Run polling for bot @vpnjempobot id=8974386075 - 'JempoVPN'
2026-07-24 23:27:31,746 [INFO] aiogram.event: Update id=82034684 is handled. Duration 1088 ms by bot id=8974386075
2026-07-24 23:27:37,455 [INFO] aiogram.event: Update id=82034685 is handled. Duration 764 ms by bot id=8974386075
2026-07-24 23:30:29,383 [INFO] aiogram.event: Update id=82034686 is handled. Duration 336 ms by bot id=8974386075
2026-07-24 23:45:48,341 [INFO] aiogram.event: Update id=82034687 is handled. Duration 290 ms by bot id=8974386075
2026-07-25 00:24:43,965 [INFO] aiogram.event: Update id=82034688 is handled. Duration 231 ms by bot id=8974386075
2026-07-25 00:28:53,609 [INFO] aiogram.event: Update id=82034689 is handled. Duration 1347 ms by bot id=8974386075
2026-07-25 00:28:58,968 [INFO] aiogram.event: Update id=82034690 is handled. Duration 867 ms by bot id=8974386075
2026-07-25 00:29:00,296 [INFO] aiogram.event: Update id=82034691 is handled. Duration 344 ms by bot id=8974386075
2026-07-25 00:29:01,171 [INFO] aiogram.event: Update id=82034692 is handled. Duration 349 ms by bot id=8974386075
2026-07-25 00:29:03,145 [INFO] aiogram.event: Update id=82034693 is handled. Duration 306 ms by bot id=8974386075
2026-07-25 00:29:17,136 [INFO] aiogram.event: Update id=82034694 is handled. Duration 374 ms by bot id=8974386075
2026-07-25 00:29:18,843 [INFO] aiogram.event: Update id=82034695 is handled. Duration 309 ms by bot id=8974386075
2026-07-25 00:29:20,489 [INFO] aiogram.event: Update id=82034696 is handled. Duration 331 ms by bot id=8974386075
2026-07-25 00:29:21,609 [INFO] aiogram.event: Update id=82034697 is handled. Duration 219 ms by bot id=8974386075
2026-07-25 00:29:29,228 [INFO] aiogram.event: Update id=82034698 is handled. Duration 301 ms by bot id=8974386075
2026-07-25 00:29:30,919 [INFO] aiogram.event: Update id=82034699 is handled. Duration 294 ms by bot id=8974386075
2026-07-25 00:29:51,311 [INFO] aiogram.event: Update id=82034700 is handled. Duration 408 ms by bot id=8974386075
2026-07-25 00:29:53,861 [INFO] aiogram.event: Update id=82034701 is handled. Duration 523 ms by bot id=8974386075
2026-07-25 00:29:55,526 [INFO] aiogram.event: Update id=82034702 is handled. Duration 434 ms by bot id=8974386075
2026-07-25 00:29:57,218 [INFO] aiogram.event: Update id=82034703 is handled. Duration 231 ms by bot id=8974386075
2026-07-25 00:29:58,591 [INFO] aiogram.event: Update id=82034704 is handled. Duration 279 ms by bot id=8974386075
2026-07-25 00:30:00,162 [INFO] aiogram.event: Update id=82034705 is handled. Duration 240 ms by bot id=8974386075
2026-07-25 00:30:06,251 [INFO] aiogram.event: Update id=82034706 is handled. Duration 302 ms by bot id=8974386075
2026-07-25 00:30:11,584 [INFO] aiogram.event: Update id=82034707 is handled. Duration 329 ms by bot id=8974386075
2026-07-25 00:30:44,924 [INFO] aiogram.event: Update id=82034708 is handled. Duration 291 ms by bot id=8974386075
2026-07-25 00:31:16,734 [INFO] aiogram.event: Update id=82034709 is handled. Duration 276 ms by bot id=8974386075
2026-07-25 00:31:18,017 [INFO] aiogram.event: Update id=82034710 is handled. Duration 257 ms by bot id=8974386075
2026-07-25 00:31:20,768 [INFO] aiogram.event: Update id=82034711 is not handled. Duration 90 ms by bot id=8974386075
2026-07-25 00:31:20,776 [ERROR] aiogram.event: Cause exception while process update id=82034711 by bot id=8974386075
TelegramBadRequest: Telegram server says - Bad Request: there is no text in the message to edit
Traceback (most recent call last):
  File "C:\Users\dzemi\OneDrive\Desktop\VPN_BOT\.venv\Lib\site-packages\aiogram\dispatcher\dispatcher.py", line 320, in _process_update
    response = await self.feed_update(bot, update, **kwargs)
               ^^^^^^^^^^^^^^^^^^^^^^^^^^^^^^^^^^^^^^^^^^^^^
  File "C:\Users\dzemi\OneDrive\Desktop\VPN_BOT\.venv\Lib\site-packages\aiogram\dispatcher\dispatcher.py", line 164, in feed_update
    response = await self.update.wrap_outer_middleware(
               ^^^^^^^^^^^^^^^^^^^^^^^^^^^^^^^^^^^^^^^^
    ...<7 lines>...
    )
    ^
  File "C:\Users\dzemi\OneDrive\Desktop\VPN_BOT\.venv\Lib\site-packages\aiogram\dispatcher\middlewares\error.py", line 27, in __call__
    return await handler(event, data)
           ^^^^^^^^^^^^^^^^^^^^^^^^^^
  File "C:\Users\dzemi\OneDrive\Desktop\VPN_BOT\.venv\Lib\site-packages\aiogram\dispatcher\middlewares\user_context.py", line 58, in __call__
    return await handler(event, data)
           ^^^^^^^^^^^^^^^^^^^^^^^^^^
  File "C:\Users\dzemi\OneDrive\Desktop\VPN_BOT\.venv\Lib\site-packages\aiogram\fsm\middleware.py", line 43, in __call__
    return await handler(event, data)
           ^^^^^^^^^^^^^^^^^^^^^^^^^^
  File "C:\Users\dzemi\OneDrive\Desktop\VPN_BOT\.venv\Lib\site-packages\aiogram\dispatcher\event\telegram.py", line 126, in trigger
    return await wrapped_inner(event, kwargs)
           ^^^^^^^^^^^^^^^^^^^^^^^^^^^^^^^^^^
  File "C:\Users\dzemi\OneDrive\Desktop\VPN_BOT\.venv\Lib\site-packages\aiogram\dispatcher\event\handler.py", line 71, in call
    return await wrapped()
           ^^^^^^^^^^^^^^^
  File "C:\Users\dzemi\OneDrive\Desktop\VPN_BOT\.venv\Lib\site-packages\aiogram\dispatcher\dispatcher.py", line 283, in _listen_update
    return await self.propagate_event(update_type=update_type, event=event, **kwargs)
           ^^^^^^^^^^^^^^^^^^^^^^^^^^^^^^^^^^^^^^^^^^^^^^^^^^^^^^^^^^^^^^^^^^^^^^^^^^
  File "C:\Users\dzemi\OneDrive\Desktop\VPN_BOT\.venv\Lib\site-packages\aiogram\dispatcher\router.py", line 167, in propagate_event
    return await observer.wrap_outer_middleware(_wrapped, event=event, data=kwargs)
           ^^^^^^^^^^^^^^^^^^^^^^^^^^^^^^^^^^^^^^^^^^^^^^^^^^^^^^^^^^^^^^^^^^^^^^^^
  File "C:\Users\dzemi\OneDrive\Desktop\VPN_BOT\.venv\Lib\site-packages\aiogram\dispatcher\router.py", line 159, in _wrapped
    return await self._propagate_event(
           ^^^^^^^^^^^^^^^^^^^^^^^^^^^^
    ...<4 lines>...
    )
    ^
  File "C:\Users\dzemi\OneDrive\Desktop\VPN_BOT\.venv\Lib\site-packages\aiogram\dispatcher\router.py", line 195, in _propagate_event
    response = await router.propagate_event(update_type=update_type, event=event, **kwargs)
               ^^^^^^^^^^^^^^^^^^^^^^^^^^^^^^^^^^^^^^^^^^^^^^^^^^^^^^^^^^^^^^^^^^^^^^^^^^^^
  File "C:\Users\dzemi\OneDrive\Desktop\VPN_BOT\.venv\Lib\site-packages\aiogram\dispatcher\router.py", line 167, in propagate_event
    return await observer.wrap_outer_middleware(_wrapped, event=event, data=kwargs)
           ^^^^^^^^^^^^^^^^^^^^^^^^^^^^^^^^^^^^^^^^^^^^^^^^^^^^^^^^^^^^^^^^^^^^^^^^
  File "C:\Users\dzemi\OneDrive\Desktop\VPN_BOT\.venv\Lib\site-packages\aiogram\dispatcher\router.py", line 159, in _wrapped
    return await self._propagate_event(
           ^^^^^^^^^^^^^^^^^^^^^^^^^^^^
    ...<4 lines>...
    )
    ^
  File "C:\Users\dzemi\OneDrive\Desktop\VPN_BOT\.venv\Lib\site-packages\aiogram\dispatcher\router.py", line 187, in _propagate_event
    response = await observer.trigger(event, **kwargs)
               ^^^^^^^^^^^^^^^^^^^^^^^^^^^^^^^^^^^^^^^
  File "C:\Users\dzemi\OneDrive\Desktop\VPN_BOT\.venv\Lib\site-packages\aiogram\dispatcher\event\telegram.py", line 126, in trigger
    return await wrapped_inner(event, kwargs)
           ^^^^^^^^^^^^^^^^^^^^^^^^^^^^^^^^^^
  File "C:\Users\dzemi\OneDrive\Desktop\VPN_BOT\bot\middlewares\throttling.py", line 28, in __call__
    return await handler(event, data)
           ^^^^^^^^^^^^^^^^^^^^^^^^^^
  File "C:\Users\dzemi\OneDrive\Desktop\VPN_BOT\.venv\Lib\site-packages\aiogram\dispatcher\event\handler.py", line 71, in call
    return await wrapped()
           ^^^^^^^^^^^^^^^
  File "C:\Users\dzemi\OneDrive\Desktop\VPN_BOT\bot\handlers\payments.py", line 69, in process_pick_plan
    await callback.message.edit_text(text, reply_markup=keyboard, parse_mode="Markdown")
  File "C:\Users\dzemi\OneDrive\Desktop\VPN_BOT\.venv\Lib\site-packages\aiogram\methods\base.py", line 82, in emit
    return await bot(self)
           ^^^^^^^^^^^^^^^
  File "C:\Users\dzemi\OneDrive\Desktop\VPN_BOT\.venv\Lib\site-packages\aiogram\client\bot.py", line 514, in __call__
    return await self.session(self, method, timeout=request_timeout)
           ^^^^^^^^^^^^^^^^^^^^^^^^^^^^^^^^^^^^^^^^^^^^^^^^^^^^^^^^^
  File "C:\Users\dzemi\OneDrive\Desktop\VPN_BOT\.venv\Lib\site-packages\aiogram\client\session\base.py", line 259, in __call__
    return cast(TelegramType, await middleware(bot, method))
                              ^^^^^^^^^^^^^^^^^^^^^^^^^^^^^
  File "C:\Users\dzemi\OneDrive\Desktop\VPN_BOT\.venv\Lib\site-packages\aiogram\client\session\aiohttp.py", line 177, in make_request
    response = self.check_response(
        bot=bot,
    ...<2 lines>...
        content=raw_result,
    )
  File "C:\Users\dzemi\OneDrive\Desktop\VPN_BOT\.venv\Lib\site-packages\aiogram\client\session\base.py", line 121, in check_response
    raise TelegramBadRequest(method=method, message=description)
aiogram.exceptions.TelegramBadRequest: Telegram server says - Bad Request: there is no text in the message to edit
2026-07-25 00:31:23,100 [INFO] aiogram.event: Update id=82034712 is not handled. Duration 86 ms by bot id=8974386075
2026-07-25 00:31:23,101 [ERROR] aiogram.event: Cause exception while process update id=82034712 by bot id=8974386075
TelegramBadRequest: Telegram server says - Bad Request: there is no text in the message to edit
Traceback (most recent call last):
  File "C:\Users\dzemi\OneDrive\Desktop\VPN_BOT\.venv\Lib\site-packages\aiogram\dispatcher\dispatcher.py", line 320, in _process_update
    response = await self.feed_update(bot, update, **kwargs)
               ^^^^^^^^^^^^^^^^^^^^^^^^^^^^^^^^^^^^^^^^^^^^^
  File "C:\Users\dzemi\OneDrive\Desktop\VPN_BOT\.venv\Lib\site-packages\aiogram\dispatcher\dispatcher.py", line 164, in feed_update
    response = await self.update.wrap_outer_middleware(
               ^^^^^^^^^^^^^^^^^^^^^^^^^^^^^^^^^^^^^^^^
    ...<7 lines>...
    )
    ^
  File "C:\Users\dzemi\OneDrive\Desktop\VPN_BOT\.venv\Lib\site-packages\aiogram\dispatcher\middlewares\error.py", line 27, in __call__
    return await handler(event, data)
           ^^^^^^^^^^^^^^^^^^^^^^^^^^
  File "C:\Users\dzemi\OneDrive\Desktop\VPN_BOT\.venv\Lib\site-packages\aiogram\dispatcher\middlewares\user_context.py", line 58, in __call__
    return await handler(event, data)
           ^^^^^^^^^^^^^^^^^^^^^^^^^^
  File "C:\Users\dzemi\OneDrive\Desktop\VPN_BOT\.venv\Lib\site-packages\aiogram\fsm\middleware.py", line 43, in __call__
    return await handler(event, data)
           ^^^^^^^^^^^^^^^^^^^^^^^^^^
  File "C:\Users\dzemi\OneDrive\Desktop\VPN_BOT\.venv\Lib\site-packages\aiogram\dispatcher\event\telegram.py", line 126, in trigger
    return await wrapped_inner(event, kwargs)
           ^^^^^^^^^^^^^^^^^^^^^^^^^^^^^^^^^^
  File "C:\Users\dzemi\OneDrive\Desktop\VPN_BOT\.venv\Lib\site-packages\aiogram\dispatcher\event\handler.py", line 71, in call
    return await wrapped()
           ^^^^^^^^^^^^^^^
  File "C:\Users\dzemi\OneDrive\Desktop\VPN_BOT\.venv\Lib\site-packages\aiogram\dispatcher\dispatcher.py", line 283, in _listen_update
    return await self.propagate_event(update_type=update_type, event=event, **kwargs)
           ^^^^^^^^^^^^^^^^^^^^^^^^^^^^^^^^^^^^^^^^^^^^^^^^^^^^^^^^^^^^^^^^^^^^^^^^^^
  File "C:\Users\dzemi\OneDrive\Desktop\VPN_BOT\.venv\Lib\site-packages\aiogram\dispatcher\router.py", line 167, in propagate_event
    return await observer.wrap_outer_middleware(_wrapped, event=event, data=kwargs)
           ^^^^^^^^^^^^^^^^^^^^^^^^^^^^^^^^^^^^^^^^^^^^^^^^^^^^^^^^^^^^^^^^^^^^^^^^
  File "C:\Users\dzemi\OneDrive\Desktop\VPN_BOT\.venv\Lib\site-packages\aiogram\dispatcher\router.py", line 159, in _wrapped
    return await self._propagate_event(
           ^^^^^^^^^^^^^^^^^^^^^^^^^^^^
    ...<4 lines>...
    )
    ^
  File "C:\Users\dzemi\OneDrive\Desktop\VPN_BOT\.venv\Lib\site-packages\aiogram\dispatcher\router.py", line 195, in _propagate_event
    response = await router.propagate_event(update_type=update_type, event=event, **kwargs)
               ^^^^^^^^^^^^^^^^^^^^^^^^^^^^^^^^^^^^^^^^^^^^^^^^^^^^^^^^^^^^^^^^^^^^^^^^^^^^
  File "C:\Users\dzemi\OneDrive\Desktop\VPN_BOT\.venv\Lib\site-packages\aiogram\dispatcher\router.py", line 167, in propagate_event
    return await observer.wrap_outer_middleware(_wrapped, event=event, data=kwargs)
           ^^^^^^^^^^^^^^^^^^^^^^^^^^^^^^^^^^^^^^^^^^^^^^^^^^^^^^^^^^^^^^^^^^^^^^^^
  File "C:\Users\dzemi\OneDrive\Desktop\VPN_BOT\.venv\Lib\site-packages\aiogram\dispatcher\router.py", line 159, in _wrapped
    return await self._propagate_event(
           ^^^^^^^^^^^^^^^^^^^^^^^^^^^^
    ...<4 lines>...
    )
    ^
  File "C:\Users\dzemi\OneDrive\Desktop\VPN_BOT\.venv\Lib\site-packages\aiogram\dispatcher\router.py", line 187, in _propagate_event
    response = await observer.trigger(event, **kwargs)
               ^^^^^^^^^^^^^^^^^^^^^^^^^^^^^^^^^^^^^^^
  File "C:\Users\dzemi\OneDrive\Desktop\VPN_BOT\.venv\Lib\site-packages\aiogram\dispatcher\event\telegram.py", line 126, in trigger
    return await wrapped_inner(event, kwargs)
           ^^^^^^^^^^^^^^^^^^^^^^^^^^^^^^^^^^
  File "C:\Users\dzemi\OneDrive\Desktop\VPN_BOT\bot\middlewares\throttling.py", line 28, in __call__
    return await handler(event, data)
           ^^^^^^^^^^^^^^^^^^^^^^^^^^
  File "C:\Users\dzemi\OneDrive\Desktop\VPN_BOT\.venv\Lib\site-packages\aiogram\dispatcher\event\handler.py", line 71, in call
    return await wrapped()
           ^^^^^^^^^^^^^^^
  File "C:\Users\dzemi\OneDrive\Desktop\VPN_BOT\bot\handlers\payments.py", line 69, in process_pick_plan
    await callback.message.edit_text(text, reply_markup=keyboard, parse_mode="Markdown")
  File "C:\Users\dzemi\OneDrive\Desktop\VPN_BOT\.venv\Lib\site-packages\aiogram\methods\base.py", line 82, in emit
    return await bot(self)
           ^^^^^^^^^^^^^^^
  File "C:\Users\dzemi\OneDrive\Desktop\VPN_BOT\.venv\Lib\site-packages\aiogram\client\bot.py", line 514, in __call__
    return await self.session(self, method, timeout=request_timeout)
           ^^^^^^^^^^^^^^^^^^^^^^^^^^^^^^^^^^^^^^^^^^^^^^^^^^^^^^^^^
  File "C:\Users\dzemi\OneDrive\Desktop\VPN_BOT\.venv\Lib\site-packages\aiogram\client\session\base.py", line 259, in __call__
    return cast(TelegramType, await middleware(bot, method))
                              ^^^^^^^^^^^^^^^^^^^^^^^^^^^^^
  File "C:\Users\dzemi\OneDrive\Desktop\VPN_BOT\.venv\Lib\site-packages\aiogram\client\session\aiohttp.py", line 177, in make_request
    response = self.check_response(
        bot=bot,
    ...<2 lines>...
        content=raw_result,
    )
  File "C:\Users\dzemi\OneDrive\Desktop\VPN_BOT\.venv\Lib\site-packages\aiogram\client\session\base.py", line 121, in check_response
    raise TelegramBadRequest(method=method, message=description)
aiogram.exceptions.TelegramBadRequest: Telegram server says - Bad Request: there is no text in the message to edit
2026-07-25 00:31:25,138 [INFO] aiogram.event: Update id=82034713 is not handled. Duration 88 ms by bot id=8974386075
2026-07-25 00:31:25,138 [ERROR] aiogram.event: Cause exception while process update id=82034713 by bot id=8974386075
TelegramBadRequest: Telegram server says - Bad Request: there is no text in the message to edit
Traceback (most recent call last):
  File "C:\Users\dzemi\OneDrive\Desktop\VPN_BOT\.venv\Lib\site-packages\aiogram\dispatcher\dispatcher.py", line 320, in _process_update
    response = await self.feed_update(bot, update, **kwargs)
               ^^^^^^^^^^^^^^^^^^^^^^^^^^^^^^^^^^^^^^^^^^^^^
  File "C:\Users\dzemi\OneDrive\Desktop\VPN_BOT\.venv\Lib\site-packages\aiogram\dispatcher\dispatcher.py", line 164, in feed_update
    response = await self.update.wrap_outer_middleware(
               ^^^^^^^^^^^^^^^^^^^^^^^^^^^^^^^^^^^^^^^^
    ...<7 lines>...
    )
    ^
  File "C:\Users\dzemi\OneDrive\Desktop\VPN_BOT\.venv\Lib\site-packages\aiogram\dispatcher\middlewares\error.py", line 27, in __call__
    return await handler(event, data)
           ^^^^^^^^^^^^^^^^^^^^^^^^^^
  File "C:\Users\dzemi\OneDrive\Desktop\VPN_BOT\.venv\Lib\site-packages\aiogram\dispatcher\middlewares\user_context.py", line 58, in __call__
    return await handler(event, data)
           ^^^^^^^^^^^^^^^^^^^^^^^^^^
  File "C:\Users\dzemi\OneDrive\Desktop\VPN_BOT\.venv\Lib\site-packages\aiogram\fsm\middleware.py", line 43, in __call__
    return await handler(event, data)
           ^^^^^^^^^^^^^^^^^^^^^^^^^^
  File "C:\Users\dzemi\OneDrive\Desktop\VPN_BOT\.venv\Lib\site-packages\aiogram\dispatcher\event\telegram.py", line 126, in trigger
    return await wrapped_inner(event, kwargs)
           ^^^^^^^^^^^^^^^^^^^^^^^^^^^^^^^^^^
  File "C:\Users\dzemi\OneDrive\Desktop\VPN_BOT\.venv\Lib\site-packages\aiogram\dispatcher\event\handler.py", line 71, in call
    return await wrapped()
           ^^^^^^^^^^^^^^^
  File "C:\Users\dzemi\OneDrive\Desktop\VPN_BOT\.venv\Lib\site-packages\aiogram\dispatcher\dispatcher.py", line 283, in _listen_update
    return await self.propagate_event(update_type=update_type, event=event, **kwargs)
           ^^^^^^^^^^^^^^^^^^^^^^^^^^^^^^^^^^^^^^^^^^^^^^^^^^^^^^^^^^^^^^^^^^^^^^^^^^
  File "C:\Users\dzemi\OneDrive\Desktop\VPN_BOT\.venv\Lib\site-packages\aiogram\dispatcher\router.py", line 167, in propagate_event
    return await observer.wrap_outer_middleware(_wrapped, event=event, data=kwargs)
           ^^^^^^^^^^^^^^^^^^^^^^^^^^^^^^^^^^^^^^^^^^^^^^^^^^^^^^^^^^^^^^^^^^^^^^^^
  File "C:\Users\dzemi\OneDrive\Desktop\VPN_BOT\.venv\Lib\site-packages\aiogram\dispatcher\router.py", line 159, in _wrapped
    return await self._propagate_event(
           ^^^^^^^^^^^^^^^^^^^^^^^^^^^^
    ...<4 lines>...
    )
    ^
  File "C:\Users\dzemi\OneDrive\Desktop\VPN_BOT\.venv\Lib\site-packages\aiogram\dispatcher\router.py", line 195, in _propagate_event
    response = await router.propagate_event(update_type=update_type, event=event, **kwargs)
               ^^^^^^^^^^^^^^^^^^^^^^^^^^^^^^^^^^^^^^^^^^^^^^^^^^^^^^^^^^^^^^^^^^^^^^^^^^^^
  File "C:\Users\dzemi\OneDrive\Desktop\VPN_BOT\.venv\Lib\site-packages\aiogram\dispatcher\router.py", line 167, in propagate_event
    return await observer.wrap_outer_middleware(_wrapped, event=event, data=kwargs)
           ^^^^^^^^^^^^^^^^^^^^^^^^^^^^^^^^^^^^^^^^^^^^^^^^^^^^^^^^^^^^^^^^^^^^^^^^
  File "C:\Users\dzemi\OneDrive\Desktop\VPN_BOT\.venv\Lib\site-packages\aiogram\dispatcher\router.py", line 159, in _wrapped
    return await self._propagate_event(
           ^^^^^^^^^^^^^^^^^^^^^^^^^^^^
    ...<4 lines>...
    )
    ^
  File "C:\Users\dzemi\OneDrive\Desktop\VPN_BOT\.venv\Lib\site-packages\aiogram\dispatcher\router.py", line 187, in _propagate_event
    response = await observer.trigger(event, **kwargs)
               ^^^^^^^^^^^^^^^^^^^^^^^^^^^^^^^^^^^^^^^
  File "C:\Users\dzemi\OneDrive\Desktop\VPN_BOT\.venv\Lib\site-packages\aiogram\dispatcher\event\telegram.py", line 126, in trigger
    return await wrapped_inner(event, kwargs)
           ^^^^^^^^^^^^^^^^^^^^^^^^^^^^^^^^^^
  File "C:\Users\dzemi\OneDrive\Desktop\VPN_BOT\bot\middlewares\throttling.py", line 28, in __call__
    return await handler(event, data)
           ^^^^^^^^^^^^^^^^^^^^^^^^^^
  File "C:\Users\dzemi\OneDrive\Desktop\VPN_BOT\.venv\Lib\site-packages\aiogram\dispatcher\event\handler.py", line 71, in call
    return await wrapped()
           ^^^^^^^^^^^^^^^
  File "C:\Users\dzemi\OneDrive\Desktop\VPN_BOT\bot\handlers\payments.py", line 69, in process_pick_plan
    await callback.message.edit_text(text, reply_markup=keyboard, parse_mode="Markdown")
  File "C:\Users\dzemi\OneDrive\Desktop\VPN_BOT\.venv\Lib\site-packages\aiogram\methods\base.py", line 82, in emit
    return await bot(self)
           ^^^^^^^^^^^^^^^
  File "C:\Users\dzemi\OneDrive\Desktop\VPN_BOT\.venv\Lib\site-packages\aiogram\client\bot.py", line 514, in __call__
    return await self.session(self, method, timeout=request_timeout)
           ^^^^^^^^^^^^^^^^^^^^^^^^^^^^^^^^^^^^^^^^^^^^^^^^^^^^^^^^^
  File "C:\Users\dzemi\OneDrive\Desktop\VPN_BOT\.venv\Lib\site-packages\aiogram\client\session\base.py", line 259, in __call__
    return cast(TelegramType, await middleware(bot, method))
                              ^^^^^^^^^^^^^^^^^^^^^^^^^^^^^
  File "C:\Users\dzemi\OneDrive\Desktop\VPN_BOT\.venv\Lib\site-packages\aiogram\client\session\aiohttp.py", line 177, in make_request
    response = self.check_response(
        bot=bot,
    ...<2 lines>...
        content=raw_result,
    )
  File "C:\Users\dzemi\OneDrive\Desktop\VPN_BOT\.venv\Lib\site-packages\aiogram\client\session\base.py", line 121, in check_response
    raise TelegramBadRequest(method=method, message=description)
aiogram.exceptions.TelegramBadRequest: Telegram server says - Bad Request: there is no text in the message to edit
2026-07-25 00:31:25,333 [INFO] aiogram.event: Update id=82034714 is handled. Duration 98 ms by bot id=8974386075
2026-07-25 00:31:27,637 [INFO] aiogram.event: Update id=82034715 is not handled. Duration 91 ms by bot id=8974386075
2026-07-25 00:31:27,638 [ERROR] aiogram.event: Cause exception while process update id=82034715 by bot id=8974386075
TelegramBadRequest: Telegram server says - Bad Request: there is no text in the message to edit
Traceback (most recent call last):
  File "C:\Users\dzemi\OneDrive\Desktop\VPN_BOT\.venv\Lib\site-packages\aiogram\dispatcher\dispatcher.py", line 320, in _process_update
    response = await self.feed_update(bot, update, **kwargs)
               ^^^^^^^^^^^^^^^^^^^^^^^^^^^^^^^^^^^^^^^^^^^^^
  File "C:\Users\dzemi\OneDrive\Desktop\VPN_BOT\.venv\Lib\site-packages\aiogram\dispatcher\dispatcher.py", line 164, in feed_update
    response = await self.update.wrap_outer_middleware(
               ^^^^^^^^^^^^^^^^^^^^^^^^^^^^^^^^^^^^^^^^
    ...<7 lines>...
    )
    ^
  File "C:\Users\dzemi\OneDrive\Desktop\VPN_BOT\.venv\Lib\site-packages\aiogram\dispatcher\middlewares\error.py", line 27, in __call__
    return await handler(event, data)
           ^^^^^^^^^^^^^^^^^^^^^^^^^^
  File "C:\Users\dzemi\OneDrive\Desktop\VPN_BOT\.venv\Lib\site-packages\aiogram\dispatcher\middlewares\user_context.py", line 58, in __call__
    return await handler(event, data)
           ^^^^^^^^^^^^^^^^^^^^^^^^^^
  File "C:\Users\dzemi\OneDrive\Desktop\VPN_BOT\.venv\Lib\site-packages\aiogram\fsm\middleware.py", line 43, in __call__
    return await handler(event, data)
           ^^^^^^^^^^^^^^^^^^^^^^^^^^
  File "C:\Users\dzemi\OneDrive\Desktop\VPN_BOT\.venv\Lib\site-packages\aiogram\dispatcher\event\telegram.py", line 126, in trigger
    return await wrapped_inner(event, kwargs)
           ^^^^^^^^^^^^^^^^^^^^^^^^^^^^^^^^^^
  File "C:\Users\dzemi\OneDrive\Desktop\VPN_BOT\.venv\Lib\site-packages\aiogram\dispatcher\event\handler.py", line 71, in call
    return await wrapped()
           ^^^^^^^^^^^^^^^
  File "C:\Users\dzemi\OneDrive\Desktop\VPN_BOT\.venv\Lib\site-packages\aiogram\dispatcher\dispatcher.py", line 283, in _listen_update
    return await self.propagate_event(update_type=update_type, event=event, **kwargs)
           ^^^^^^^^^^^^^^^^^^^^^^^^^^^^^^^^^^^^^^^^^^^^^^^^^^^^^^^^^^^^^^^^^^^^^^^^^^
  File "C:\Users\dzemi\OneDrive\Desktop\VPN_BOT\.venv\Lib\site-packages\aiogram\dispatcher\router.py", line 167, in propagate_event
    return await observer.wrap_outer_middleware(_wrapped, event=event, data=kwargs)
           ^^^^^^^^^^^^^^^^^^^^^^^^^^^^^^^^^^^^^^^^^^^^^^^^^^^^^^^^^^^^^^^^^^^^^^^^
  File "C:\Users\dzemi\OneDrive\Desktop\VPN_BOT\.venv\Lib\site-packages\aiogram\dispatcher\router.py", line 159, in _wrapped
    return await self._propagate_event(
           ^^^^^^^^^^^^^^^^^^^^^^^^^^^^
    ...<4 lines>...
    )
    ^
  File "C:\Users\dzemi\OneDrive\Desktop\VPN_BOT\.venv\Lib\site-packages\aiogram\dispatcher\router.py", line 195, in _propagate_event
    response = await router.propagate_event(update_type=update_type, event=event, **kwargs)
               ^^^^^^^^^^^^^^^^^^^^^^^^^^^^^^^^^^^^^^^^^^^^^^^^^^^^^^^^^^^^^^^^^^^^^^^^^^^^
  File "C:\Users\dzemi\OneDrive\Desktop\VPN_BOT\.venv\Lib\site-packages\aiogram\dispatcher\router.py", line 167, in propagate_event
    return await observer.wrap_outer_middleware(_wrapped, event=event, data=kwargs)
           ^^^^^^^^^^^^^^^^^^^^^^^^^^^^^^^^^^^^^^^^^^^^^^^^^^^^^^^^^^^^^^^^^^^^^^^^
  File "C:\Users\dzemi\OneDrive\Desktop\VPN_BOT\.venv\Lib\site-packages\aiogram\dispatcher\router.py", line 159, in _wrapped
    return await self._propagate_event(
           ^^^^^^^^^^^^^^^^^^^^^^^^^^^^
    ...<4 lines>...
    )
    ^
  File "C:\Users\dzemi\OneDrive\Desktop\VPN_BOT\.venv\Lib\site-packages\aiogram\dispatcher\router.py", line 187, in _propagate_event
    response = await observer.trigger(event, **kwargs)
               ^^^^^^^^^^^^^^^^^^^^^^^^^^^^^^^^^^^^^^^
  File "C:\Users\dzemi\OneDrive\Desktop\VPN_BOT\.venv\Lib\site-packages\aiogram\dispatcher\event\telegram.py", line 126, in trigger
    return await wrapped_inner(event, kwargs)
           ^^^^^^^^^^^^^^^^^^^^^^^^^^^^^^^^^^
  File "C:\Users\dzemi\OneDrive\Desktop\VPN_BOT\bot\middlewares\throttling.py", line 28, in __call__
    return await handler(event, data)
           ^^^^^^^^^^^^^^^^^^^^^^^^^^
  File "C:\Users\dzemi\OneDrive\Desktop\VPN_BOT\.venv\Lib\site-packages\aiogram\dispatcher\event\handler.py", line 71, in call
    return await wrapped()
           ^^^^^^^^^^^^^^^
  File "C:\Users\dzemi\OneDrive\Desktop\VPN_BOT\bot\handlers\payments.py", line 69, in process_pick_plan
    await callback.message.edit_text(text, reply_markup=keyboard, parse_mode="Markdown")
  File "C:\Users\dzemi\OneDrive\Desktop\VPN_BOT\.venv\Lib\site-packages\aiogram\methods\base.py", line 82, in emit
    return await bot(self)
           ^^^^^^^^^^^^^^^
  File "C:\Users\dzemi\OneDrive\Desktop\VPN_BOT\.venv\Lib\site-packages\aiogram\client\bot.py", line 514, in __call__
    return await self.session(self, method, timeout=request_timeout)
           ^^^^^^^^^^^^^^^^^^^^^^^^^^^^^^^^^^^^^^^^^^^^^^^^^^^^^^^^^
  File "C:\Users\dzemi\OneDrive\Desktop\VPN_BOT\.venv\Lib\site-packages\aiogram\client\session\base.py", line 259, in __call__
    return cast(TelegramType, await middleware(bot, method))
                              ^^^^^^^^^^^^^^^^^^^^^^^^^^^^^
  File "C:\Users\dzemi\OneDrive\Desktop\VPN_BOT\.venv\Lib\site-packages\aiogram\client\session\aiohttp.py", line 177, in make_request
    response = self.check_response(
        bot=bot,
    ...<2 lines>...
        content=raw_result,
    )
  File "C:\Users\dzemi\OneDrive\Desktop\VPN_BOT\.venv\Lib\site-packages\aiogram\client\session\base.py", line 121, in check_response
    raise TelegramBadRequest(method=method, message=description)
aiogram.exceptions.TelegramBadRequest: Telegram server says - Bad Request: there is no text in the message to edit
2026-07-25 00:33:45,275 [INFO] aiogram.dispatcher: Polling stopped
2026-07-25 00:33:45,276 [ERROR] aiogram.dispatcher: Failed to fetch updates - TelegramNetworkError: HTTP Client says - ServerDisconnectedError: Server disconnected
2026-07-25 00:33:45,276 [WARNING] aiogram.dispatcher: Sleep for 1.000000 seconds and try again... (tryings = 0, bot id = 8974386075)
2026-07-25 00:33:45,527 [INFO] aiogram.dispatcher: Polling stopped for bot @vpnjempobot id=8974386075 - 'JempoVPN'
2026-07-25 00:33:51,710 [INFO] root: Инициализация проекта...
2026-07-25 00:33:51,711 [INFO] root: База данных инициализирована.
2026-07-25 00:33:52,190 [INFO] root: Бот успешно запущен!
2026-07-25 00:33:52,368 [INFO] aiogram.dispatcher: Start polling
2026-07-25 00:33:52,449 [INFO] aiogram.dispatcher: Run polling for bot @vpnjempobot id=8974386075 - 'JempoVPN'
2026-07-25 00:33:57,600 [INFO] aiogram.event: Update id=82034716 is handled. Duration 1182 ms by bot id=8974386075
2026-07-25 00:34:01,922 [INFO] aiogram.event: Update id=82034717 is handled. Duration 839 ms by bot id=8974386075
2026-07-25 00:34:04,115 [INFO] aiogram.event: Update id=82034718 is handled. Duration 183 ms by bot id=8974386075
2026-07-25 00:34:05,486 [INFO] aiogram.event: Update id=82034719 is handled. Duration 84 ms by bot id=8974386075
2026-07-25 00:34:10,800 [INFO] aiogram.event: Update id=82034720 is handled. Duration 89 ms by bot id=8974386075
2026-07-25 00:34:13,253 [INFO] aiogram.event: Update id=82034721 is handled. Duration 98 ms by bot id=8974386075
2026-07-25 00:37:32,229 [INFO] aiogram.event: Update id=82034722 is handled. Duration 340 ms by bot id=8974386075
2026-07-25 00:37:34,214 [INFO] aiogram.event: Update id=82034723 is handled. Duration 317 ms by bot id=8974386075
2026-07-25 00:37:43,189 [INFO] aiogram.event: Update id=82034724 is handled. Duration 332 ms by bot id=8974386075
2026-07-25 00:37:53,602 [INFO] aiogram.event: Update id=82034725 is handled. Duration 333 ms by bot id=8974386075
2026-07-25 00:46:55,533 [ERROR] aiogram.dispatcher: Failed to fetch updates - TelegramNetworkError: HTTP Client says - ClientOSError: [WinError 1236] Подключение к сети было разорвано локальной системой
2026-07-25 00:46:55,553 [WARNING] aiogram.dispatcher: Sleep for 1.000000 seconds and try again... (tryings = 0, bot id = 8974386075)
2026-07-25 00:47:17,569 [ERROR] aiogram.dispatcher: Failed to fetch updates - TelegramNetworkError: HTTP Client says - ClientConnectorError: Cannot connect to host api.telegram.org:443 ssl:default [Multiple exceptions: [WinError 121] Превышен таймаут семафора, [WinError 1231] Сетевая папка недоступна. За информацией о разрешении проблем в сети обратитесь к справочной системе Windows]
2026-07-25 00:47:17,569 [WARNING] aiogram.dispatcher: Sleep for 1.156603 seconds and try again... (tryings = 1, bot id = 8974386075)
2026-07-25 00:47:39,732 [ERROR] aiogram.dispatcher: Failed to fetch updates - TelegramNetworkError: HTTP Client says - ClientConnectorError: Cannot connect to host api.telegram.org:443 ssl:default [Multiple exceptions: [WinError 1231] Сетевая папка недоступна. За информацией о разрешении проблем в сети обратитесь к справочной системе Windows, [WinError 121] Превышен таймаут семафора]
2026-07-25 00:47:39,733 [WARNING] aiogram.dispatcher: Sleep for 1.486934 seconds and try again... (tryings = 2, bot id = 8974386075)
2026-07-25 00:48:02,224 [ERROR] aiogram.dispatcher: Failed to fetch updates - TelegramNetworkError: HTTP Client says - ClientConnectorError: Cannot connect to host api.telegram.org:443 ssl:default [Multiple exceptions: [WinError 121] Превышен таймаут семафора, [WinError 1231] Сетевая папка недоступна. За информацией о разрешении проблем в сети обратитесь к справочной системе Windows]
2026-07-25 00:48:02,224 [WARNING] aiogram.dispatcher: Sleep for 1.932473 seconds and try again... (tryings = 3, bot id = 8974386075)
2026-07-25 00:48:25,160 [ERROR] aiogram.dispatcher: Failed to fetch updates - TelegramNetworkError: HTTP Client says - ClientConnectorError: Cannot connect to host api.telegram.org:443 ssl:default [Multiple exceptions: [WinError 1231] Сетевая папка недоступна. За информацией о разрешении проблем в сети обратитесь к справочной системе Windows, [WinError 121] Превышен таймаут семафора]
2026-07-25 00:48:25,160 [WARNING] aiogram.dispatcher: Sleep for 2.531681 seconds and try again... (tryings = 4, bot id = 8974386075)
2026-07-25 00:48:48,698 [ERROR] aiogram.dispatcher: Failed to fetch updates - TelegramNetworkError: HTTP Client says - ClientConnectorError: Cannot connect to host api.telegram.org:443 ssl:default [Multiple exceptions: [WinError 121] Превышен таймаут семафора, [WinError 1231] Сетевая папка недоступна. За информацией о разрешении проблем в сети обратитесь к справочной системе Windows]
2026-07-25 00:48:48,698 [WARNING] aiogram.dispatcher: Sleep for 3.272756 seconds and try again... (tryings = 5, bot id = 8974386075)
2026-07-25 00:49:12,976 [ERROR] aiogram.dispatcher: Failed to fetch updates - TelegramNetworkError: HTTP Client says - ClientConnectorError: Cannot connect to host api.telegram.org:443 ssl:default [Multiple exceptions: [WinError 1231] Сетевая папка недоступна. За информацией о разрешении проблем в сети обратитесь к справочной системе Windows, [WinError 121] Превышен таймаут семафора]
2026-07-25 00:49:12,976 [WARNING] aiogram.dispatcher: Sleep for 4.260652 seconds and try again... (tryings = 6, bot id = 8974386075)
2026-07-25 00:49:38,242 [ERROR] aiogram.dispatcher: Failed to fetch updates - TelegramNetworkError: HTTP Client says - ClientConnectorError: Cannot connect to host api.telegram.org:443 ssl:default [Multiple exceptions: [WinError 121] Превышен таймаут семафора, [WinError 1231] Сетевая папка недоступна. За информацией о разрешении проблем в сети обратитесь к справочной системе Windows]
2026-07-25 00:49:38,242 [WARNING] aiogram.dispatcher: Sleep for 4.885975 seconds and try again... (tryings = 7, bot id = 8974386075)
2026-07-25 00:50:04,131 [ERROR] aiogram.dispatcher: Failed to fetch updates - TelegramNetworkError: HTTP Client says - ClientConnectorError: Cannot connect to host api.telegram.org:443 ssl:default [Multiple exceptions: [WinError 1231] Сетевая папка недоступна. За информацией о разрешении проблем в сети обратитесь к справочной системе Windows, [WinError 121] Превышен таймаут семафора]
2026-07-25 00:50:04,132 [WARNING] aiogram.dispatcher: Sleep for 4.923350 seconds and try again... (tryings = 8, bot id = 8974386075)
2026-07-25 00:50:30,061 [ERROR] aiogram.dispatcher: Failed to fetch updates - TelegramNetworkError: HTTP Client says - ClientConnectorError: Cannot connect to host api.telegram.org:443 ssl:default [Multiple exceptions: [WinError 121] Превышен таймаут семафора, [WinError 1231] Сетевая папка недоступна. За информацией о разрешении проблем в сети обратитесь к справочной системе Windows]
2026-07-25 00:50:30,061 [WARNING] aiogram.dispatcher: Sleep for 5.036192 seconds and try again... (tryings = 9, bot id = 8974386075)
2026-07-25 00:50:56,102 [ERROR] aiogram.dispatcher: Failed to fetch updates - TelegramNetworkError: HTTP Client says - ClientConnectorError: Cannot connect to host api.telegram.org:443 ssl:default [Multiple exceptions: [WinError 1231] Сетевая папка недоступна. За информацией о разрешении проблем в сети обратитесь к справочной системе Windows, [WinError 121] Превышен таймаут семафора]
2026-07-25 00:50:56,102 [WARNING] aiogram.dispatcher: Sleep for 4.972376 seconds and try again... (tryings = 10, bot id = 8974386075)
2026-07-25 00:51:22,077 [ERROR] aiogram.dispatcher: Failed to fetch updates - TelegramNetworkError: HTTP Client says - ClientConnectorError: Cannot connect to host api.telegram.org:443 ssl:default [Multiple exceptions: [WinError 121] Превышен таймаут семафора, [WinError 1231] Сетевая папка недоступна. За информацией о разрешении проблем в сети обратитесь к справочной системе Windows]
2026-07-25 00:51:22,077 [WARNING] aiogram.dispatcher: Sleep for 5.127543 seconds and try again... (tryings = 11, bot id = 8974386075)
2026-07-25 00:51:48,209 [ERROR] aiogram.dispatcher: Failed to fetch updates - TelegramNetworkError: HTTP Client says - ClientConnectorError: Cannot connect to host api.telegram.org:443 ssl:default [Multiple exceptions: [WinError 1231] Сетевая папка недоступна. За информацией о разрешении проблем в сети обратитесь к справочной системе Windows, [WinError 121] Превышен таймаут семафора]
2026-07-25 00:51:48,211 [WARNING] aiogram.dispatcher: Sleep for 4.952286 seconds and try again... (tryings = 12, bot id = 8974386075)
2026-07-25 00:52:14,167 [ERROR] aiogram.dispatcher: Failed to fetch updates - TelegramNetworkError: HTTP Client says - ClientConnectorError: Cannot connect to host api.telegram.org:443 ssl:default [Multiple exceptions: [WinError 121] Превышен таймаут семафора, [WinError 1231] Сетевая папка недоступна. За информацией о разрешении проблем в сети обратитесь к справочной системе Windows]
2026-07-25 00:52:14,168 [WARNING] aiogram.dispatcher: Sleep for 5.035061 seconds and try again... (tryings = 13, bot id = 8974386075)
2026-07-25 00:52:40,209 [ERROR] aiogram.dispatcher: Failed to fetch updates - TelegramNetworkError: HTTP Client says - ClientConnectorError: Cannot connect to host api.telegram.org:443 ssl:default [Multiple exceptions: [WinError 1231] Сетевая папка недоступна. За информацией о разрешении проблем в сети обратитесь к справочной системе Windows, [WinError 121] Превышен таймаут семафора]
2026-07-25 00:52:40,209 [WARNING] aiogram.dispatcher: Sleep for 5.062265 seconds and try again... (tryings = 14, bot id = 8974386075)
2026-07-25 00:53:06,276 [ERROR] aiogram.dispatcher: Failed to fetch updates - TelegramNetworkError: HTTP Client says - ClientConnectorError: Cannot connect to host api.telegram.org:443 ssl:default [Multiple exceptions: [WinError 121] Превышен таймаут семафора, [WinError 1231] Сетевая папка недоступна. За информацией о разрешении проблем в сети обратитесь к справочной системе Windows]
2026-07-25 00:53:06,277 [WARNING] aiogram.dispatcher: Sleep for 5.135738 seconds and try again... (tryings = 15, bot id = 8974386075)
2026-07-25 00:53:32,421 [ERROR] aiogram.dispatcher: Failed to fetch updates - TelegramNetworkError: HTTP Client says - ClientConnectorError: Cannot connect to host api.telegram.org:443 ssl:default [Multiple exceptions: [WinError 1231] Сетевая папка недоступна. За информацией о разрешении проблем в сети обратитесь к справочной системе Windows, [WinError 121] Превышен таймаут семафора]
2026-07-25 00:53:32,421 [WARNING] aiogram.dispatcher: Sleep for 4.991749 seconds and try again... (tryings = 16, bot id = 8974386075)
2026-07-25 00:53:58,417 [ERROR] aiogram.dispatcher: Failed to fetch updates - TelegramNetworkError: HTTP Client says - ClientConnectorError: Cannot connect to host api.telegram.org:443 ssl:default [Multiple exceptions: [WinError 121] Превышен таймаут семафора, [WinError 1231] Сетевая папка недоступна. За информацией о разрешении проблем в сети обратитесь к справочной системе Windows]
2026-07-25 00:53:58,417 [WARNING] aiogram.dispatcher: Sleep for 5.087989 seconds and try again... (tryings = 17, bot id = 8974386075)
2026-07-25 00:54:24,511 [ERROR] aiogram.dispatcher: Failed to fetch updates - TelegramNetworkError: HTTP Client says - ClientConnectorError: Cannot connect to host api.telegram.org:443 ssl:default [Multiple exceptions: [WinError 1231] Сетевая папка недоступна. За информацией о разрешении проблем в сети обратитесь к справочной системе Windows, [WinError 121] Превышен таймаут семафора]
2026-07-25 00:54:24,511 [WARNING] aiogram.dispatcher: Sleep for 5.014208 seconds and try again... (tryings = 18, bot id = 8974386075)
2026-07-25 00:54:50,529 [ERROR] aiogram.dispatcher: Failed to fetch updates - TelegramNetworkError: HTTP Client says - ClientConnectorError: Cannot connect to host api.telegram.org:443 ssl:default [Multiple exceptions: [WinError 121] Превышен таймаут семафора, [WinError 1231] Сетевая папка недоступна. За информацией о разрешении проблем в сети обратитесь к справочной системе Windows]
2026-07-25 00:54:50,530 [WARNING] aiogram.dispatcher: Sleep for 4.936089 seconds and try again... (tryings = 19, bot id = 8974386075)
2026-07-25 00:55:16,472 [ERROR] aiogram.dispatcher: Failed to fetch updates - TelegramNetworkError: HTTP Client says - ClientConnectorError: Cannot connect to host api.telegram.org:443 ssl:default [Multiple exceptions: [WinError 1231] Сетевая папка недоступна. За информацией о разрешении проблем в сети обратитесь к справочной системе Windows, [WinError 121] Превышен таймаут семафора]
2026-07-25 00:55:16,476 [WARNING] aiogram.dispatcher: Sleep for 4.909218 seconds and try again... (tryings = 20, bot id = 8974386075)
2026-07-25 00:55:31,627 [INFO] aiogram.dispatcher: Connection established (tryings = 21, bot id = 8974386075)
2026-07-25 00:55:51,299 [ERROR] aiogram.dispatcher: Failed to fetch updates - TelegramNetworkError: HTTP Client says - ClientOSError: [WinError 1236] Подключение к сети было разорвано локальной системой
2026-07-25 00:55:51,320 [WARNING] aiogram.dispatcher: Sleep for 1.000000 seconds and try again... (tryings = 0, bot id = 8974386075)
2026-07-25 00:56:13,345 [ERROR] aiogram.dispatcher: Failed to fetch updates - TelegramNetworkError: HTTP Client says - ClientConnectorError: Cannot connect to host api.telegram.org:443 ssl:default [Multiple exceptions: [WinError 1231] Сетевая папка недоступна. За информацией о разрешении проблем в сети обратитесь к справочной системе Windows, [WinError 121] Превышен таймаут семафора]
2026-07-25 00:56:13,345 [WARNING] aiogram.dispatcher: Sleep for 1.236213 seconds and try again... (tryings = 1, bot id = 8974386075)
2026-07-25 00:56:35,586 [ERROR] aiogram.dispatcher: Failed to fetch updates - TelegramNetworkError: HTTP Client says - ClientConnectorError: Cannot connect to host api.telegram.org:443 ssl:default [Multiple exceptions: [WinError 121] Превышен таймаут семафора, [WinError 1231] Сетевая папка недоступна. За информацией о разрешении проблем в сети обратитесь к справочной системе Windows]
2026-07-25 00:56:35,586 [WARNING] aiogram.dispatcher: Sleep for 1.641890 seconds and try again... (tryings = 2, bot id = 8974386075)
2026-07-25 00:56:58,234 [ERROR] aiogram.dispatcher: Failed to fetch updates - TelegramNetworkError: HTTP Client says - ClientConnectorError: Cannot connect to host api.telegram.org:443 ssl:default [Multiple exceptions: [WinError 1231] Сетевая папка недоступна. За информацией о разрешении проблем в сети обратитесь к справочной системе Windows, [WinError 121] Превышен таймаут семафора]
2026-07-25 00:56:58,235 [WARNING] aiogram.dispatcher: Sleep for 2.264358 seconds and try again... (tryings = 3, bot id = 8974386075)
2026-07-25 00:57:21,503 [ERROR] aiogram.dispatcher: Failed to fetch updates - TelegramNetworkError: HTTP Client says - ClientConnectorError: Cannot connect to host api.telegram.org:443 ssl:default [Multiple exceptions: [WinError 121] Превышен таймаут семафора, [WinError 1231] Сетевая папка недоступна. За информацией о разрешении проблем в сети обратитесь к справочной системе Windows]
2026-07-25 00:57:21,514 [WARNING] aiogram.dispatcher: Sleep for 3.024668 seconds and try again... (tryings = 4, bot id = 8974386075)
2026-07-25 00:57:45,545 [ERROR] aiogram.dispatcher: Failed to fetch updates - TelegramNetworkError: HTTP Client says - ClientConnectorError: Cannot connect to host api.telegram.org:443 ssl:default [Multiple exceptions: [WinError 1231] Сетевая папка недоступна. За информацией о разрешении проблем в сети обратитесь к справочной системе Windows, [WinError 121] Превышен таймаут семафора]
2026-07-25 00:57:45,545 [WARNING] aiogram.dispatcher: Sleep for 4.095505 seconds and try again... (tryings = 5, bot id = 8974386075)
2026-07-25 00:58:10,643 [ERROR] aiogram.dispatcher: Failed to fetch updates - TelegramNetworkError: HTTP Client says - ClientConnectorError: Cannot connect to host api.telegram.org:443 ssl:default [Multiple exceptions: [WinError 121] Превышен таймаут семафора, [WinError 1231] Сетевая папка недоступна. За информацией о разрешении проблем в сети обратитесь к справочной системе Windows]
2026-07-25 00:58:10,645 [WARNING] aiogram.dispatcher: Sleep for 4.960216 seconds and try again... (tryings = 6, bot id = 8974386075)
2026-07-25 00:58:36,607 [ERROR] aiogram.dispatcher: Failed to fetch updates - TelegramNetworkError: HTTP Client says - ClientConnectorError: Cannot connect to host api.telegram.org:443 ssl:default [Multiple exceptions: [WinError 1231] Сетевая папка недоступна. За информацией о разрешении проблем в сети обратитесь к справочной системе Windows, [WinError 121] Превышен таймаут семафора]
2026-07-25 00:58:36,608 [WARNING] aiogram.dispatcher: Sleep for 5.067146 seconds and try again... (tryings = 7, bot id = 8974386075)
2026-07-25 00:59:02,680 [ERROR] aiogram.dispatcher: Failed to fetch updates - TelegramNetworkError: HTTP Client says - ClientConnectorError: Cannot connect to host api.telegram.org:443 ssl:default [Multiple exceptions: [WinError 121] Превышен таймаут семафора, [WinError 1231] Сетевая папка недоступна. За информацией о разрешении проблем в сети обратитесь к справочной системе Windows]
2026-07-25 00:59:02,681 [WARNING] aiogram.dispatcher: Sleep for 4.917146 seconds and try again... (tryings = 8, bot id = 8974386075)
2026-07-25 00:59:28,604 [ERROR] aiogram.dispatcher: Failed to fetch updates - TelegramNetworkError: HTTP Client says - ClientConnectorError: Cannot connect to host api.telegram.org:443 ssl:default [Multiple exceptions: [WinError 1231] Сетевая папка недоступна. За информацией о разрешении проблем в сети обратитесь к справочной системе Windows, [WinError 121] Превышен таймаут семафора]
2026-07-25 00:59:28,604 [WARNING] aiogram.dispatcher: Sleep for 4.902204 seconds and try again... (tryings = 9, bot id = 8974386075)
2026-07-25 00:59:54,510 [ERROR] aiogram.dispatcher: Failed to fetch updates - TelegramNetworkError: HTTP Client says - ClientConnectorError: Cannot connect to host api.telegram.org:443 ssl:default [Multiple exceptions: [WinError 121] Превышен таймаут семафора, [WinError 1231] Сетевая папка недоступна. За информацией о разрешении проблем в сети обратитесь к справочной системе Windows]
2026-07-25 00:59:54,511 [WARNING] aiogram.dispatcher: Sleep for 5.072700 seconds and try again... (tryings = 10, bot id = 8974386075)
2026-07-25 01:00:20,588 [ERROR] aiogram.dispatcher: Failed to fetch updates - TelegramNetworkError: HTTP Client says - ClientConnectorError: Cannot connect to host api.telegram.org:443 ssl:default [Multiple exceptions: [WinError 1231] Сетевая папка недоступна. За информацией о разрешении проблем в сети обратитесь к справочной системе Windows, [WinError 121] Превышен таймаут семафора]
2026-07-25 01:00:20,588 [WARNING] aiogram.dispatcher: Sleep for 4.931034 seconds and try again... (tryings = 11, bot id = 8974386075)
2026-07-25 01:00:46,524 [ERROR] aiogram.dispatcher: Failed to fetch updates - TelegramNetworkError: HTTP Client says - ClientConnectorError: Cannot connect to host api.telegram.org:443 ssl:default [Multiple exceptions: [WinError 121] Превышен таймаут семафора, [WinError 1231] Сетевая папка недоступна. За информацией о разрешении проблем в сети обратитесь к справочной системе Windows]
2026-07-25 01:00:46,525 [WARNING] aiogram.dispatcher: Sleep for 5.125985 seconds and try again... (tryings = 12, bot id = 8974386075)
2026-07-25 01:01:12,656 [ERROR] aiogram.dispatcher: Failed to fetch updates - TelegramNetworkError: HTTP Client says - ClientConnectorError: Cannot connect to host api.telegram.org:443 ssl:default [Multiple exceptions: [WinError 1231] Сетевая папка недоступна. За информацией о разрешении проблем в сети обратитесь к справочной системе Windows, [WinError 121] Превышен таймаут семафора]
2026-07-25 01:01:12,657 [WARNING] aiogram.dispatcher: Sleep for 5.200025 seconds and try again... (tryings = 13, bot id = 8974386075)
2026-07-25 01:01:38,863 [ERROR] aiogram.dispatcher: Failed to fetch updates - TelegramNetworkError: HTTP Client says - ClientConnectorError: Cannot connect to host api.telegram.org:443 ssl:default [Multiple exceptions: [WinError 121] Превышен таймаут семафора, [WinError 1231] Сетевая папка недоступна. За информацией о разрешении проблем в сети обратитесь к справочной системе Windows]
2026-07-25 01:01:38,863 [WARNING] aiogram.dispatcher: Sleep for 5.053955 seconds and try again... (tryings = 14, bot id = 8974386075)
2026-07-25 12:03:23,695 [INFO] root: Инициализация проекта...
2026-07-25 12:03:23,703 [INFO] root: База данных инициализирована.
2026-07-25 12:03:24,192 [INFO] root: Бот успешно запущен!
2026-07-25 12:03:24,395 [INFO] aiogram.dispatcher: Start polling
2026-07-25 12:03:24,476 [INFO] aiogram.dispatcher: Run polling for bot @vpnjempobot id=8974386075 - 'JempoVPN'
2026-07-25 12:03:51,196 [INFO] aiogram.event: Update id=82034727 is handled. Duration 1153 ms by bot id=8974386075
2026-07-25 12:03:59,340 [INFO] aiogram.event: Update id=82034728 is handled. Duration 729 ms by bot id=8974386075
2026-07-25 12:04:03,498 [INFO] aiogram.event: Update id=82034729 is handled. Duration 220 ms by bot id=8974386075
2026-07-25 12:08:12,577 [INFO] aiogram.event: Update id=82034730 is handled. Duration 353 ms by bot id=8974386075
2026-07-25 12:08:13,782 [INFO] aiogram.event: Update id=82034731 is handled. Duration 470 ms by bot id=8974386075
2026-07-25 12:08:17,717 [INFO] aiogram.event: Update id=82034732 is handled. Duration 410 ms by bot id=8974386075
2026-07-25 12:08:44,907 [ERROR] aiogram.dispatcher: Failed to fetch updates - TelegramNetworkError: HTTP Client says - ClientOSError: [WinError 1236] Подключение к сети было разорвано локальной системой
2026-07-25 12:08:44,915 [WARNING] aiogram.dispatcher: Sleep for 1.000000 seconds and try again... (tryings = 0, bot id = 8974386075)
2026-07-25 12:09:06,953 [ERROR] aiogram.dispatcher: Failed to fetch updates - TelegramNetworkError: HTTP Client says - ClientConnectorError: Cannot connect to host api.telegram.org:443 ssl:default [Multiple exceptions: [WinError 121] Превышен таймаут семафора, [WinError 1231] Сетевая папка недоступна. За информацией о разрешении проблем в сети обратитесь к справочной системе Windows]
2026-07-25 12:09:06,953 [WARNING] aiogram.dispatcher: Sleep for 1.172658 seconds and try again... (tryings = 1, bot id = 8974386075)
2026-07-25 12:09:29,131 [ERROR] aiogram.dispatcher: Failed to fetch updates - TelegramNetworkError: HTTP Client says - ClientConnectorError: Cannot connect to host api.telegram.org:443 ssl:default [Multiple exceptions: [WinError 1231] Сетевая папка недоступна. За информацией о разрешении проблем в сети обратитесь к справочной системе Windows, [WinError 121] Превышен таймаут семафора]
2026-07-25 12:09:29,131 [WARNING] aiogram.dispatcher: Sleep for 1.509172 seconds and try again... (tryings = 2, bot id = 8974386075)
2026-07-25 12:09:51,644 [ERROR] aiogram.dispatcher: Failed to fetch updates - TelegramNetworkError: HTTP Client says - ClientConnectorError: Cannot connect to host api.telegram.org:443 ssl:default [Multiple exceptions: [WinError 121] Превышен таймаут семафора, [WinError 1231] Сетевая папка недоступна. За информацией о разрешении проблем в сети обратитесь к справочной системе Windows]
2026-07-25 12:09:51,644 [WARNING] aiogram.dispatcher: Sleep for 1.888510 seconds and try again... (tryings = 3, bot id = 8974386075)
2026-07-25 12:10:14,536 [ERROR] aiogram.dispatcher: Failed to fetch updates - TelegramNetworkError: HTTP Client says - ClientConnectorError: Cannot connect to host api.telegram.org:443 ssl:default [Multiple exceptions: [WinError 1231] Сетевая папка недоступна. За информацией о разрешении проблем в сети обратитесь к справочной системе Windows, [WinError 121] Превышен таймаут семафора]
2026-07-25 12:10:14,536 [WARNING] aiogram.dispatcher: Sleep for 2.751599 seconds and try again... (tryings = 4, bot id = 8974386075)
2026-07-25 12:10:38,292 [ERROR] aiogram.dispatcher: Failed to fetch updates - TelegramNetworkError: HTTP Client says - ClientConnectorError: Cannot connect to host api.telegram.org:443 ssl:default [Multiple exceptions: [WinError 121] Превышен таймаут семафора, [WinError 1231] Сетевая папка недоступна. За информацией о разрешении проблем в сети обратитесь к справочной системе Windows]
2026-07-25 12:10:38,293 [WARNING] aiogram.dispatcher: Sleep for 3.699531 seconds and try again... (tryings = 5, bot id = 8974386075)
2026-07-25 12:11:02,996 [ERROR] aiogram.dispatcher: Failed to fetch updates - TelegramNetworkError: HTTP Client says - ClientConnectorError: Cannot connect to host api.telegram.org:443 ssl:default [Multiple exceptions: [WinError 1231] Сетевая папка недоступна. За информацией о разрешении проблем в сети обратитесь к справочной системе Windows, [WinError 121] Превышен таймаут семафора]
2026-07-25 12:11:02,996 [WARNING] aiogram.dispatcher: Sleep for 4.836819 seconds and try again... (tryings = 6, bot id = 8974386075)
2026-07-25 12:11:18,172 [INFO] aiogram.dispatcher: Connection established (tryings = 7, bot id = 8974386075)
2026-07-25 12:20:13,573 [INFO] aiogram.event: Update id=82034733 is handled. Duration 868 ms by bot id=8974386075
2026-07-25 12:21:41,613 [INFO] aiogram.event: Update id=82034734 is handled. Duration 646 ms by bot id=8974386075
2026-07-25 12:21:42,316 [INFO] aiogram.event: Update id=82034735 is handled. Duration 518 ms by bot id=8974386075
2026-07-25 12:21:43,676 [INFO] aiogram.event: Update id=82034736 is handled. Duration 290 ms by bot id=8974386075
2026-07-25 12:21:44,945 [INFO] aiogram.event: Update id=82034737 is handled. Duration 502 ms by bot id=8974386075
2026-07-25 12:21:45,052 [INFO] aiogram.event: Update id=82034738 is handled. Duration 343 ms by bot id=8974386075
2026-07-25 12:21:47,340 [INFO] aiogram.event: Update id=82034739 is handled. Duration 695 ms by bot id=8974386075
2026-07-25 12:21:54,294 [INFO] aiogram.event: Update id=82034740 is handled. Duration 245 ms by bot id=8974386075
2026-07-25 12:21:56,200 [INFO] aiogram.event: Update id=82034741 is handled. Duration 245 ms by bot id=8974386075
2026-07-25 12:21:57,940 [INFO] aiogram.event: Update id=82034742 is handled. Duration 271 ms by bot id=8974386075
2026-07-25 12:21:58,830 [INFO] aiogram.event: Update id=82034743 is handled. Duration 243 ms by bot id=8974386075
2026-07-25 12:22:00,436 [INFO] aiogram.event: Update id=82034744 is handled. Duration 211 ms by bot id=8974386075
2026-07-25 12:22:04,036 [INFO] aiogram.event: Update id=82034745 is handled. Duration 242 ms by bot id=8974386075
2026-07-25 12:22:05,237 [INFO] aiogram.event: Update id=82034746 is handled. Duration 240 ms by bot id=8974386075
2026-07-25 12:22:09,708 [INFO] aiogram.event: Update id=82034747 is handled. Duration 242 ms by bot id=8974386075
2026-07-25 12:22:11,194 [INFO] aiogram.event: Update id=82034748 is handled. Duration 498 ms by bot id=8974386075
2026-07-25 12:22:18,059 [INFO] aiogram.event: Update id=82034749 is handled. Duration 394 ms by bot id=8974386075
2026-07-25 12:22:19,281 [INFO] aiogram.event: Update id=82034750 is not handled. Duration 82 ms by bot id=8974386075
2026-07-25 12:22:19,282 [ERROR] aiogram.event: Cause exception while process update id=82034750 by bot id=8974386075
TelegramBadRequest: Telegram server says - Bad Request: there is no text in the message to edit
Traceback (most recent call last):
  File "C:\Users\dzemi\AppData\Local\Python\pythoncore-3.14-64\Lib\site-packages\aiogram\dispatcher\dispatcher.py", line 320, in _process_update
    response = await self.feed_update(bot, update, **kwargs)
               ^^^^^^^^^^^^^^^^^^^^^^^^^^^^^^^^^^^^^^^^^^^^^
  File "C:\Users\dzemi\AppData\Local\Python\pythoncore-3.14-64\Lib\site-packages\aiogram\dispatcher\dispatcher.py", line 164, in feed_update
    response = await self.update.wrap_outer_middleware(
               ^^^^^^^^^^^^^^^^^^^^^^^^^^^^^^^^^^^^^^^^
    ...<7 lines>...
    )
    ^
  File "C:\Users\dzemi\AppData\Local\Python\pythoncore-3.14-64\Lib\site-packages\aiogram\dispatcher\middlewares\error.py", line 27, in __call__
    return await handler(event, data)
           ^^^^^^^^^^^^^^^^^^^^^^^^^^
  File "C:\Users\dzemi\AppData\Local\Python\pythoncore-3.14-64\Lib\site-packages\aiogram\dispatcher\middlewares\user_context.py", line 58, in __call__
    return await handler(event, data)
           ^^^^^^^^^^^^^^^^^^^^^^^^^^
  File "C:\Users\dzemi\AppData\Local\Python\pythoncore-3.14-64\Lib\site-packages\aiogram\fsm\middleware.py", line 43, in __call__
    return await handler(event, data)
           ^^^^^^^^^^^^^^^^^^^^^^^^^^
  File "C:\Users\dzemi\AppData\Local\Python\pythoncore-3.14-64\Lib\site-packages\aiogram\dispatcher\event\telegram.py", line 126, in trigger
    return await wrapped_inner(event, kwargs)
           ^^^^^^^^^^^^^^^^^^^^^^^^^^^^^^^^^^
  File "C:\Users\dzemi\AppData\Local\Python\pythoncore-3.14-64\Lib\site-packages\aiogram\dispatcher\event\handler.py", line 71, in call
    return await wrapped()
           ^^^^^^^^^^^^^^^
  File "C:\Users\dzemi\AppData\Local\Python\pythoncore-3.14-64\Lib\site-packages\aiogram\dispatcher\dispatcher.py", line 283, in _listen_update
    return await self.propagate_event(update_type=update_type, event=event, **kwargs)
           ^^^^^^^^^^^^^^^^^^^^^^^^^^^^^^^^^^^^^^^^^^^^^^^^^^^^^^^^^^^^^^^^^^^^^^^^^^
  File "C:\Users\dzemi\AppData\Local\Python\pythoncore-3.14-64\Lib\site-packages\aiogram\dispatcher\router.py", line 167, in propagate_event
    return await observer.wrap_outer_middleware(_wrapped, event=event, data=kwargs)
           ^^^^^^^^^^^^^^^^^^^^^^^^^^^^^^^^^^^^^^^^^^^^^^^^^^^^^^^^^^^^^^^^^^^^^^^^
  File "C:\Users\dzemi\AppData\Local\Python\pythoncore-3.14-64\Lib\site-packages\aiogram\dispatcher\router.py", line 159, in _wrapped
    return await self._propagate_event(
           ^^^^^^^^^^^^^^^^^^^^^^^^^^^^
    ...<4 lines>...
    )
    ^
  File "C:\Users\dzemi\AppData\Local\Python\pythoncore-3.14-64\Lib\site-packages\aiogram\dispatcher\router.py", line 195, in _propagate_event
    response = await router.propagate_event(update_type=update_type, event=event, **kwargs)
               ^^^^^^^^^^^^^^^^^^^^^^^^^^^^^^^^^^^^^^^^^^^^^^^^^^^^^^^^^^^^^^^^^^^^^^^^^^^^
  File "C:\Users\dzemi\AppData\Local\Python\pythoncore-3.14-64\Lib\site-packages\aiogram\dispatcher\router.py", line 167, in propagate_event
    return await observer.wrap_outer_middleware(_wrapped, event=event, data=kwargs)
           ^^^^^^^^^^^^^^^^^^^^^^^^^^^^^^^^^^^^^^^^^^^^^^^^^^^^^^^^^^^^^^^^^^^^^^^^
  File "C:\Users\dzemi\AppData\Local\Python\pythoncore-3.14-64\Lib\site-packages\aiogram\dispatcher\router.py", line 159, in _wrapped
    return await self._propagate_event(
           ^^^^^^^^^^^^^^^^^^^^^^^^^^^^
    ...<4 lines>...
    )
    ^
  File "C:\Users\dzemi\AppData\Local\Python\pythoncore-3.14-64\Lib\site-packages\aiogram\dispatcher\router.py", line 187, in _propagate_event
    response = await observer.trigger(event, **kwargs)
               ^^^^^^^^^^^^^^^^^^^^^^^^^^^^^^^^^^^^^^^
  File "C:\Users\dzemi\AppData\Local\Python\pythoncore-3.14-64\Lib\site-packages\aiogram\dispatcher\event\telegram.py", line 126, in trigger
    return await wrapped_inner(event, kwargs)
           ^^^^^^^^^^^^^^^^^^^^^^^^^^^^^^^^^^
  File "C:\Users\dzemi\OneDrive\Desktop\VPN_BOT\bot\middlewares\throttling.py", line 28, in __call__
    return await handler(event, data)
           ^^^^^^^^^^^^^^^^^^^^^^^^^^
  File "C:\Users\dzemi\AppData\Local\Python\pythoncore-3.14-64\Lib\site-packages\aiogram\dispatcher\event\handler.py", line 71, in call
    return await wrapped()
           ^^^^^^^^^^^^^^^
  File "C:\Users\dzemi\OneDrive\Desktop\VPN_BOT\bot\handlers\admin.py", line 65, in admin_panel_handler
    await callback.message.edit_text(text, reply_markup=get_admin_menu(), parse_mode="Markdown")
  File "C:\Users\dzemi\AppData\Local\Python\pythoncore-3.14-64\Lib\site-packages\aiogram\methods\base.py", line 82, in emit
    return await bot(self)
           ^^^^^^^^^^^^^^^
  File "C:\Users\dzemi\AppData\Local\Python\pythoncore-3.14-64\Lib\site-packages\aiogram\client\bot.py", line 514, in __call__
    return await self.session(self, method, timeout=request_timeout)
           ^^^^^^^^^^^^^^^^^^^^^^^^^^^^^^^^^^^^^^^^^^^^^^^^^^^^^^^^^
  File "C:\Users\dzemi\AppData\Local\Python\pythoncore-3.14-64\Lib\site-packages\aiogram\client\session\base.py", line 259, in __call__
    return cast(TelegramType, await middleware(bot, method))
                              ^^^^^^^^^^^^^^^^^^^^^^^^^^^^^
  File "C:\Users\dzemi\AppData\Local\Python\pythoncore-3.14-64\Lib\site-packages\aiogram\client\session\aiohttp.py", line 177, in make_request
    response = self.check_response(
        bot=bot,
    ...<2 lines>...
        content=raw_result,
    )
  File "C:\Users\dzemi\AppData\Local\Python\pythoncore-3.14-64\Lib\site-packages\aiogram\client\session\base.py", line 121, in check_response
    raise TelegramBadRequest(method=method, message=description)
aiogram.exceptions.TelegramBadRequest: Telegram server says - Bad Request: there is no text in the message to edit
2026-07-25 12:22:20,874 [INFO] aiogram.event: Update id=82034751 is not handled. Duration 85 ms by bot id=8974386075
2026-07-25 12:22:20,874 [ERROR] aiogram.event: Cause exception while process update id=82034751 by bot id=8974386075
TelegramBadRequest: Telegram server says - Bad Request: there is no text in the message to edit
Traceback (most recent call last):
  File "C:\Users\dzemi\AppData\Local\Python\pythoncore-3.14-64\Lib\site-packages\aiogram\dispatcher\dispatcher.py", line 320, in _process_update
    response = await self.feed_update(bot, update, **kwargs)
               ^^^^^^^^^^^^^^^^^^^^^^^^^^^^^^^^^^^^^^^^^^^^^
  File "C:\Users\dzemi\AppData\Local\Python\pythoncore-3.14-64\Lib\site-packages\aiogram\dispatcher\dispatcher.py", line 164, in feed_update
    response = await self.update.wrap_outer_middleware(
               ^^^^^^^^^^^^^^^^^^^^^^^^^^^^^^^^^^^^^^^^
    ...<7 lines>...
    )
    ^
  File "C:\Users\dzemi\AppData\Local\Python\pythoncore-3.14-64\Lib\site-packages\aiogram\dispatcher\middlewares\error.py", line 27, in __call__
    return await handler(event, data)
           ^^^^^^^^^^^^^^^^^^^^^^^^^^
  File "C:\Users\dzemi\AppData\Local\Python\pythoncore-3.14-64\Lib\site-packages\aiogram\dispatcher\middlewares\user_context.py", line 58, in __call__
    return await handler(event, data)
           ^^^^^^^^^^^^^^^^^^^^^^^^^^
  File "C:\Users\dzemi\AppData\Local\Python\pythoncore-3.14-64\Lib\site-packages\aiogram\fsm\middleware.py", line 43, in __call__
    return await handler(event, data)
           ^^^^^^^^^^^^^^^^^^^^^^^^^^
  File "C:\Users\dzemi\AppData\Local\Python\pythoncore-3.14-64\Lib\site-packages\aiogram\dispatcher\event\telegram.py", line 126, in trigger
    return await wrapped_inner(event, kwargs)
           ^^^^^^^^^^^^^^^^^^^^^^^^^^^^^^^^^^
  File "C:\Users\dzemi\AppData\Local\Python\pythoncore-3.14-64\Lib\site-packages\aiogram\dispatcher\event\handler.py", line 71, in call
    return await wrapped()
           ^^^^^^^^^^^^^^^
  File "C:\Users\dzemi\AppData\Local\Python\pythoncore-3.14-64\Lib\site-packages\aiogram\dispatcher\dispatcher.py", line 283, in _listen_update
    return await self.propagate_event(update_type=update_type, event=event, **kwargs)
           ^^^^^^^^^^^^^^^^^^^^^^^^^^^^^^^^^^^^^^^^^^^^^^^^^^^^^^^^^^^^^^^^^^^^^^^^^^
  File "C:\Users\dzemi\AppData\Local\Python\pythoncore-3.14-64\Lib\site-packages\aiogram\dispatcher\router.py", line 167, in propagate_event
    return await observer.wrap_outer_middleware(_wrapped, event=event, data=kwargs)
           ^^^^^^^^^^^^^^^^^^^^^^^^^^^^^^^^^^^^^^^^^^^^^^^^^^^^^^^^^^^^^^^^^^^^^^^^
  File "C:\Users\dzemi\AppData\Local\Python\pythoncore-3.14-64\Lib\site-packages\aiogram\dispatcher\router.py", line 159, in _wrapped
    return await self._propagate_event(
           ^^^^^^^^^^^^^^^^^^^^^^^^^^^^
    ...<4 lines>...
    )
    ^
  File "C:\Users\dzemi\AppData\Local\Python\pythoncore-3.14-64\Lib\site-packages\aiogram\dispatcher\router.py", line 195, in _propagate_event
    response = await router.propagate_event(update_type=update_type, event=event, **kwargs)
               ^^^^^^^^^^^^^^^^^^^^^^^^^^^^^^^^^^^^^^^^^^^^^^^^^^^^^^^^^^^^^^^^^^^^^^^^^^^^
  File "C:\Users\dzemi\AppData\Local\Python\pythoncore-3.14-64\Lib\site-packages\aiogram\dispatcher\router.py", line 167, in propagate_event
    return await observer.wrap_outer_middleware(_wrapped, event=event, data=kwargs)
           ^^^^^^^^^^^^^^^^^^^^^^^^^^^^^^^^^^^^^^^^^^^^^^^^^^^^^^^^^^^^^^^^^^^^^^^^
  File "C:\Users\dzemi\AppData\Local\Python\pythoncore-3.14-64\Lib\site-packages\aiogram\dispatcher\router.py", line 159, in _wrapped
    return await self._propagate_event(
           ^^^^^^^^^^^^^^^^^^^^^^^^^^^^
    ...<4 lines>...
    )
    ^
  File "C:\Users\dzemi\AppData\Local\Python\pythoncore-3.14-64\Lib\site-packages\aiogram\dispatcher\router.py", line 187, in _propagate_event
    response = await observer.trigger(event, **kwargs)
               ^^^^^^^^^^^^^^^^^^^^^^^^^^^^^^^^^^^^^^^
  File "C:\Users\dzemi\AppData\Local\Python\pythoncore-3.14-64\Lib\site-packages\aiogram\dispatcher\event\telegram.py", line 126, in trigger
    return await wrapped_inner(event, kwargs)
           ^^^^^^^^^^^^^^^^^^^^^^^^^^^^^^^^^^
  File "C:\Users\dzemi\OneDrive\Desktop\VPN_BOT\bot\middlewares\throttling.py", line 28, in __call__
    return await handler(event, data)
           ^^^^^^^^^^^^^^^^^^^^^^^^^^
  File "C:\Users\dzemi\AppData\Local\Python\pythoncore-3.14-64\Lib\site-packages\aiogram\dispatcher\event\handler.py", line 71, in call
    return await wrapped()
           ^^^^^^^^^^^^^^^
  File "C:\Users\dzemi\OneDrive\Desktop\VPN_BOT\bot\handlers\admin.py", line 65, in admin_panel_handler
    await callback.message.edit_text(text, reply_markup=get_admin_menu(), parse_mode="Markdown")
  File "C:\Users\dzemi\AppData\Local\Python\pythoncore-3.14-64\Lib\site-packages\aiogram\methods\base.py", line 82, in emit
    return await bot(self)
           ^^^^^^^^^^^^^^^
  File "C:\Users\dzemi\AppData\Local\Python\pythoncore-3.14-64\Lib\site-packages\aiogram\client\bot.py", line 514, in __call__
    return await self.session(self, method, timeout=request_timeout)
           ^^^^^^^^^^^^^^^^^^^^^^^^^^^^^^^^^^^^^^^^^^^^^^^^^^^^^^^^^
  File "C:\Users\dzemi\AppData\Local\Python\pythoncore-3.14-64\Lib\site-packages\aiogram\client\session\base.py", line 259, in __call__
    return cast(TelegramType, await middleware(bot, method))
                              ^^^^^^^^^^^^^^^^^^^^^^^^^^^^^
  File "C:\Users\dzemi\AppData\Local\Python\pythoncore-3.14-64\Lib\site-packages\aiogram\client\session\aiohttp.py", line 177, in make_request
    response = self.check_response(
        bot=bot,
    ...<2 lines>...
        content=raw_result,
    )
  File "C:\Users\dzemi\AppData\Local\Python\pythoncore-3.14-64\Lib\site-packages\aiogram\client\session\base.py", line 121, in check_response
    raise TelegramBadRequest(method=method, message=description)
aiogram.exceptions.TelegramBadRequest: Telegram server says - Bad Request: there is no text in the message to edit
2026-07-25 12:22:21,626 [INFO] aiogram.event: Update id=82034752 is not handled. Duration 83 ms by bot id=8974386075
2026-07-25 12:22:21,626 [ERROR] aiogram.event: Cause exception while process update id=82034752 by bot id=8974386075
TelegramBadRequest: Telegram server says - Bad Request: there is no text in the message to edit
Traceback (most recent call last):
  File "C:\Users\dzemi\AppData\Local\Python\pythoncore-3.14-64\Lib\site-packages\aiogram\dispatcher\dispatcher.py", line 320, in _process_update
    response = await self.feed_update(bot, update, **kwargs)
               ^^^^^^^^^^^^^^^^^^^^^^^^^^^^^^^^^^^^^^^^^^^^^
  File "C:\Users\dzemi\AppData\Local\Python\pythoncore-3.14-64\Lib\site-packages\aiogram\dispatcher\dispatcher.py", line 164, in feed_update
    response = await self.update.wrap_outer_middleware(
               ^^^^^^^^^^^^^^^^^^^^^^^^^^^^^^^^^^^^^^^^
    ...<7 lines>...
    )
    ^
  File "C:\Users\dzemi\AppData\Local\Python\pythoncore-3.14-64\Lib\site-packages\aiogram\dispatcher\middlewares\error.py", line 27, in __call__
    return await handler(event, data)
           ^^^^^^^^^^^^^^^^^^^^^^^^^^
  File "C:\Users\dzemi\AppData\Local\Python\pythoncore-3.14-64\Lib\site-packages\aiogram\dispatcher\middlewares\user_context.py", line 58, in __call__
    return await handler(event, data)
           ^^^^^^^^^^^^^^^^^^^^^^^^^^
  File "C:\Users\dzemi\AppData\Local\Python\pythoncore-3.14-64\Lib\site-packages\aiogram\fsm\middleware.py", line 43, in __call__
    return await handler(event, data)
           ^^^^^^^^^^^^^^^^^^^^^^^^^^
  File "C:\Users\dzemi\AppData\Local\Python\pythoncore-3.14-64\Lib\site-packages\aiogram\dispatcher\event\telegram.py", line 126, in trigger
    return await wrapped_inner(event, kwargs)
           ^^^^^^^^^^^^^^^^^^^^^^^^^^^^^^^^^^
  File "C:\Users\dzemi\AppData\Local\Python\pythoncore-3.14-64\Lib\site-packages\aiogram\dispatcher\event\handler.py", line 71, in call
    return await wrapped()
           ^^^^^^^^^^^^^^^
  File "C:\Users\dzemi\AppData\Local\Python\pythoncore-3.14-64\Lib\site-packages\aiogram\dispatcher\dispatcher.py", line 283, in _listen_update
    return await self.propagate_event(update_type=update_type, event=event, **kwargs)
           ^^^^^^^^^^^^^^^^^^^^^^^^^^^^^^^^^^^^^^^^^^^^^^^^^^^^^^^^^^^^^^^^^^^^^^^^^^
  File "C:\Users\dzemi\AppData\Local\Python\pythoncore-3.14-64\Lib\site-packages\aiogram\dispatcher\router.py", line 167, in propagate_event
    return await observer.wrap_outer_middleware(_wrapped, event=event, data=kwargs)
           ^^^^^^^^^^^^^^^^^^^^^^^^^^^^^^^^^^^^^^^^^^^^^^^^^^^^^^^^^^^^^^^^^^^^^^^^
  File "C:\Users\dzemi\AppData\Local\Python\pythoncore-3.14-64\Lib\site-packages\aiogram\dispatcher\router.py", line 159, in _wrapped
    return await self._propagate_event(
           ^^^^^^^^^^^^^^^^^^^^^^^^^^^^
    ...<4 lines>...
    )
    ^
  File "C:\Users\dzemi\AppData\Local\Python\pythoncore-3.14-64\Lib\site-packages\aiogram\dispatcher\router.py", line 195, in _propagate_event
    response = await router.propagate_event(update_type=update_type, event=event, **kwargs)
               ^^^^^^^^^^^^^^^^^^^^^^^^^^^^^^^^^^^^^^^^^^^^^^^^^^^^^^^^^^^^^^^^^^^^^^^^^^^^
  File "C:\Users\dzemi\AppData\Local\Python\pythoncore-3.14-64\Lib\site-packages\aiogram\dispatcher\router.py", line 167, in propagate_event
    return await observer.wrap_outer_middleware(_wrapped, event=event, data=kwargs)
           ^^^^^^^^^^^^^^^^^^^^^^^^^^^^^^^^^^^^^^^^^^^^^^^^^^^^^^^^^^^^^^^^^^^^^^^^
  File "C:\Users\dzemi\AppData\Local\Python\pythoncore-3.14-64\Lib\site-packages\aiogram\dispatcher\router.py", line 159, in _wrapped
    return await self._propagate_event(
           ^^^^^^^^^^^^^^^^^^^^^^^^^^^^
    ...<4 lines>...
    )
    ^
  File "C:\Users\dzemi\AppData\Local\Python\pythoncore-3.14-64\Lib\site-packages\aiogram\dispatcher\router.py", line 187, in _propagate_event
    response = await observer.trigger(event, **kwargs)
               ^^^^^^^^^^^^^^^^^^^^^^^^^^^^^^^^^^^^^^^
  File "C:\Users\dzemi\AppData\Local\Python\pythoncore-3.14-64\Lib\site-packages\aiogram\dispatcher\event\telegram.py", line 126, in trigger
    return await wrapped_inner(event, kwargs)
           ^^^^^^^^^^^^^^^^^^^^^^^^^^^^^^^^^^
  File "C:\Users\dzemi\OneDrive\Desktop\VPN_BOT\bot\middlewares\throttling.py", line 28, in __call__
    return await handler(event, data)
           ^^^^^^^^^^^^^^^^^^^^^^^^^^
  File "C:\Users\dzemi\AppData\Local\Python\pythoncore-3.14-64\Lib\site-packages\aiogram\dispatcher\event\handler.py", line 71, in call
    return await wrapped()
           ^^^^^^^^^^^^^^^
  File "C:\Users\dzemi\OneDrive\Desktop\VPN_BOT\bot\handlers\admin.py", line 65, in admin_panel_handler
    await callback.message.edit_text(text, reply_markup=get_admin_menu(), parse_mode="Markdown")
  File "C:\Users\dzemi\AppData\Local\Python\pythoncore-3.14-64\Lib\site-packages\aiogram\methods\base.py", line 82, in emit
    return await bot(self)
           ^^^^^^^^^^^^^^^
  File "C:\Users\dzemi\AppData\Local\Python\pythoncore-3.14-64\Lib\site-packages\aiogram\client\bot.py", line 514, in __call__
    return await self.session(self, method, timeout=request_timeout)
           ^^^^^^^^^^^^^^^^^^^^^^^^^^^^^^^^^^^^^^^^^^^^^^^^^^^^^^^^^
  File "C:\Users\dzemi\AppData\Local\Python\pythoncore-3.14-64\Lib\site-packages\aiogram\client\session\base.py", line 259, in __call__
    return cast(TelegramType, await middleware(bot, method))
                              ^^^^^^^^^^^^^^^^^^^^^^^^^^^^^
  File "C:\Users\dzemi\AppData\Local\Python\pythoncore-3.14-64\Lib\site-packages\aiogram\client\session\aiohttp.py", line 177, in make_request
    response = self.check_response(
        bot=bot,
    ...<2 lines>...
        content=raw_result,
    )
  File "C:\Users\dzemi\AppData\Local\Python\pythoncore-3.14-64\Lib\site-packages\aiogram\client\session\base.py", line 121, in check_response
    raise TelegramBadRequest(method=method, message=description)
aiogram.exceptions.TelegramBadRequest: Telegram server says - Bad Request: there is no text in the message to edit
2026-07-25 12:22:21,879 [INFO] aiogram.event: Update id=82034753 is handled. Duration 129 ms by bot id=8974386075
2026-07-25 12:22:22,753 [INFO] aiogram.event: Update id=82034754 is not handled. Duration 82 ms by bot id=8974386075
2026-07-25 12:22:22,753 [ERROR] aiogram.event: Cause exception while process update id=82034754 by bot id=8974386075
TelegramBadRequest: Telegram server says - Bad Request: there is no text in the message to edit
Traceback (most recent call last):
  File "C:\Users\dzemi\AppData\Local\Python\pythoncore-3.14-64\Lib\site-packages\aiogram\dispatcher\dispatcher.py", line 320, in _process_update
    response = await self.feed_update(bot, update, **kwargs)
               ^^^^^^^^^^^^^^^^^^^^^^^^^^^^^^^^^^^^^^^^^^^^^
  File "C:\Users\dzemi\AppData\Local\Python\pythoncore-3.14-64\Lib\site-packages\aiogram\dispatcher\dispatcher.py", line 164, in feed_update
    response = await self.update.wrap_outer_middleware(
               ^^^^^^^^^^^^^^^^^^^^^^^^^^^^^^^^^^^^^^^^
    ...<7 lines>...
    )
    ^
  File "C:\Users\dzemi\AppData\Local\Python\pythoncore-3.14-64\Lib\site-packages\aiogram\dispatcher\middlewares\error.py", line 27, in __call__
    return await handler(event, data)
           ^^^^^^^^^^^^^^^^^^^^^^^^^^
  File "C:\Users\dzemi\AppData\Local\Python\pythoncore-3.14-64\Lib\site-packages\aiogram\dispatcher\middlewares\user_context.py", line 58, in __call__
    return await handler(event, data)
           ^^^^^^^^^^^^^^^^^^^^^^^^^^
  File "C:\Users\dzemi\AppData\Local\Python\pythoncore-3.14-64\Lib\site-packages\aiogram\fsm\middleware.py", line 43, in __call__
    return await handler(event, data)
           ^^^^^^^^^^^^^^^^^^^^^^^^^^
  File "C:\Users\dzemi\AppData\Local\Python\pythoncore-3.14-64\Lib\site-packages\aiogram\dispatcher\event\telegram.py", line 126, in trigger
    return await wrapped_inner(event, kwargs)
           ^^^^^^^^^^^^^^^^^^^^^^^^^^^^^^^^^^
  File "C:\Users\dzemi\AppData\Local\Python\pythoncore-3.14-64\Lib\site-packages\aiogram\dispatcher\event\handler.py", line 71, in call
    return await wrapped()
           ^^^^^^^^^^^^^^^
  File "C:\Users\dzemi\AppData\Local\Python\pythoncore-3.14-64\Lib\site-packages\aiogram\dispatcher\dispatcher.py", line 283, in _listen_update
    return await self.propagate_event(update_type=update_type, event=event, **kwargs)
           ^^^^^^^^^^^^^^^^^^^^^^^^^^^^^^^^^^^^^^^^^^^^^^^^^^^^^^^^^^^^^^^^^^^^^^^^^^
  File "C:\Users\dzemi\AppData\Local\Python\pythoncore-3.14-64\Lib\site-packages\aiogram\dispatcher\router.py", line 167, in propagate_event
    return await observer.wrap_outer_middleware(_wrapped, event=event, data=kwargs)
           ^^^^^^^^^^^^^^^^^^^^^^^^^^^^^^^^^^^^^^^^^^^^^^^^^^^^^^^^^^^^^^^^^^^^^^^^
  File "C:\Users\dzemi\AppData\Local\Python\pythoncore-3.14-64\Lib\site-packages\aiogram\dispatcher\router.py", line 159, in _wrapped
    return await self._propagate_event(
           ^^^^^^^^^^^^^^^^^^^^^^^^^^^^
    ...<4 lines>...
    )
    ^
  File "C:\Users\dzemi\AppData\Local\Python\pythoncore-3.14-64\Lib\site-packages\aiogram\dispatcher\router.py", line 195, in _propagate_event
    response = await router.propagate_event(update_type=update_type, event=event, **kwargs)
               ^^^^^^^^^^^^^^^^^^^^^^^^^^^^^^^^^^^^^^^^^^^^^^^^^^^^^^^^^^^^^^^^^^^^^^^^^^^^
  File "C:\Users\dzemi\AppData\Local\Python\pythoncore-3.14-64\Lib\site-packages\aiogram\dispatcher\router.py", line 167, in propagate_event
    return await observer.wrap_outer_middleware(_wrapped, event=event, data=kwargs)
           ^^^^^^^^^^^^^^^^^^^^^^^^^^^^^^^^^^^^^^^^^^^^^^^^^^^^^^^^^^^^^^^^^^^^^^^^
  File "C:\Users\dzemi\AppData\Local\Python\pythoncore-3.14-64\Lib\site-packages\aiogram\dispatcher\router.py", line 159, in _wrapped
    return await self._propagate_event(
           ^^^^^^^^^^^^^^^^^^^^^^^^^^^^
    ...<4 lines>...
    )
    ^
  File "C:\Users\dzemi\AppData\Local\Python\pythoncore-3.14-64\Lib\site-packages\aiogram\dispatcher\router.py", line 187, in _propagate_event
    response = await observer.trigger(event, **kwargs)
               ^^^^^^^^^^^^^^^^^^^^^^^^^^^^^^^^^^^^^^^
  File "C:\Users\dzemi\AppData\Local\Python\pythoncore-3.14-64\Lib\site-packages\aiogram\dispatcher\event\telegram.py", line 126, in trigger
    return await wrapped_inner(event, kwargs)
           ^^^^^^^^^^^^^^^^^^^^^^^^^^^^^^^^^^
  File "C:\Users\dzemi\OneDrive\Desktop\VPN_BOT\bot\middlewares\throttling.py", line 28, in __call__
    return await handler(event, data)
           ^^^^^^^^^^^^^^^^^^^^^^^^^^
  File "C:\Users\dzemi\AppData\Local\Python\pythoncore-3.14-64\Lib\site-packages\aiogram\dispatcher\event\handler.py", line 71, in call
    return await wrapped()
           ^^^^^^^^^^^^^^^
  File "C:\Users\dzemi\OneDrive\Desktop\VPN_BOT\bot\handlers\admin.py", line 65, in admin_panel_handler
    await callback.message.edit_text(text, reply_markup=get_admin_menu(), parse_mode="Markdown")
  File "C:\Users\dzemi\AppData\Local\Python\pythoncore-3.14-64\Lib\site-packages\aiogram\methods\base.py", line 82, in emit
    return await bot(self)
           ^^^^^^^^^^^^^^^
  File "C:\Users\dzemi\AppData\Local\Python\pythoncore-3.14-64\Lib\site-packages\aiogram\client\bot.py", line 514, in __call__
    return await self.session(self, method, timeout=request_timeout)
           ^^^^^^^^^^^^^^^^^^^^^^^^^^^^^^^^^^^^^^^^^^^^^^^^^^^^^^^^^
  File "C:\Users\dzemi\AppData\Local\Python\pythoncore-3.14-64\Lib\site-packages\aiogram\client\session\base.py", line 259, in __call__
    return cast(TelegramType, await middleware(bot, method))
                              ^^^^^^^^^^^^^^^^^^^^^^^^^^^^^
  File "C:\Users\dzemi\AppData\Local\Python\pythoncore-3.14-64\Lib\site-packages\aiogram\client\session\aiohttp.py", line 177, in make_request
    response = self.check_response(
        bot=bot,
    ...<2 lines>...
        content=raw_result,
    )
  File "C:\Users\dzemi\AppData\Local\Python\pythoncore-3.14-64\Lib\site-packages\aiogram\client\session\base.py", line 121, in check_response
    raise TelegramBadRequest(method=method, message=description)
aiogram.exceptions.TelegramBadRequest: Telegram server says - Bad Request: there is no text in the message to edit
2026-07-25 12:22:44,363 [INFO] aiogram.event: Update id=82034755 is handled. Duration 86 ms by bot id=8974386075
2026-07-25 12:22:47,209 [INFO] aiogram.event: Update id=82034756 is handled. Duration 282 ms by bot id=8974386075
2026-07-25 12:52:27,682 [ERROR] aiogram.dispatcher: Failed to fetch updates - TelegramNetworkError: HTTP Client says - ClientOSError: [WinError 1236] Подключение к сети было разорвано локальной системой
2026-07-25 12:52:27,697 [WARNING] aiogram.dispatcher: Sleep for 1.000000 seconds and try again... (tryings = 0, bot id = 8974386075)
2026-07-25 12:52:35,711 [ERROR] aiogram.dispatcher: Failed to fetch updates - TelegramNetworkError: HTTP Client says - ClientConnectorError: Cannot connect to host api.telegram.org:443 ssl:default [Multiple exceptions: [WinError 1231] Сетевая папка недоступна. За информацией о разрешении проблем в сети обратитесь к справочной системе Windows, [WinError 1236] Подключение к сети было разорвано локальной системой]
2026-07-25 12:52:35,711 [WARNING] aiogram.dispatcher: Sleep for 1.232456 seconds and try again... (tryings = 1, bot id = 8974386075)
2026-07-25 12:52:47,186 [INFO] aiogram.dispatcher: Connection established (tryings = 2, bot id = 8974386075)
2026-07-25 15:07:10,932 [INFO] aiogram.event: Update id=82034757 is handled. Duration 1389 ms by bot id=8974386075
2026-07-25 15:07:43,348 [INFO] aiogram.event: Update id=82034758 is handled. Duration 351 ms by bot id=8974386075
2026-07-25 15:08:45,634 [INFO] aiogram.event: Update id=82034759 is handled. Duration 632 ms by bot id=8974386075
2026-07-25 16:54:38,751 [ERROR] aiogram.dispatcher: Failed to fetch updates - TelegramNetworkError: HTTP Client says - ClientOSError: [WinError 1236] Подключение к сети было разорвано локальной системой
2026-07-25 16:54:38,805 [WARNING] aiogram.dispatcher: Sleep for 1.000000 seconds and try again... (tryings = 0, bot id = 8974386075)
2026-07-25 16:55:00,829 [ERROR] aiogram.dispatcher: Failed to fetch updates - TelegramNetworkError: HTTP Client says - ClientConnectorError: Cannot connect to host api.telegram.org:443 ssl:default [Multiple exceptions: [WinError 1231] Сетевая папка недоступна. За информацией о разрешении проблем в сети обратитесь к справочной системе Windows, [WinError 121] Превышен таймаут семафора]
2026-07-25 16:55:00,830 [WARNING] aiogram.dispatcher: Sleep for 1.417916 seconds and try again... (tryings = 1, bot id = 8974386075)
2026-07-25 16:55:23,251 [ERROR] aiogram.dispatcher: Failed to fetch updates - TelegramNetworkError: HTTP Client says - ClientConnectorError: Cannot connect to host api.telegram.org:443 ssl:default [Multiple exceptions: [WinError 121] Превышен таймаут семафора, [WinError 1231] Сетевая папка недоступна. За информацией о разрешении проблем в сети обратитесь к справочной системе Windows]
2026-07-25 16:55:23,252 [WARNING] aiogram.dispatcher: Sleep for 2.023311 seconds and try again... (tryings = 2, bot id = 8974386075)
2026-07-25 16:55:46,281 [ERROR] aiogram.dispatcher: Failed to fetch updates - TelegramNetworkError: HTTP Client says - ClientConnectorError: Cannot connect to host api.telegram.org:443 ssl:default [Multiple exceptions: [WinError 1231] Сетевая папка недоступна. За информацией о разрешении проблем в сети обратитесь к справочной системе Windows, [WinError 121] Превышен таймаут семафора]
2026-07-25 16:55:46,281 [WARNING] aiogram.dispatcher: Sleep for 2.767578 seconds and try again... (tryings = 3, bot id = 8974386075)
2026-07-25 16:56:10,053 [ERROR] aiogram.dispatcher: Failed to fetch updates - TelegramNetworkError: HTTP Client says - ClientConnectorError: Cannot connect to host api.telegram.org:443 ssl:default [Multiple exceptions: [WinError 121] Превышен таймаут семафора, [WinError 1231] Сетевая папка недоступна. За информацией о разрешении проблем в сети обратитесь к справочной системе Windows]
2026-07-25 16:56:10,053 [WARNING] aiogram.dispatcher: Sleep for 3.513714 seconds and try again... (tryings = 4, bot id = 8974386075)
2026-07-25 16:56:34,572 [ERROR] aiogram.dispatcher: Failed to fetch updates - TelegramNetworkError: HTTP Client says - ClientConnectorError: Cannot connect to host api.telegram.org:443 ssl:default [Multiple exceptions: [WinError 1231] Сетевая папка недоступна. За информацией о разрешении проблем в сети обратитесь к справочной системе Windows, [WinError 121] Превышен таймаут семафора]
2026-07-25 16:56:34,572 [WARNING] aiogram.dispatcher: Sleep for 4.729864 seconds and try again... (tryings = 5, bot id = 8974386075)
2026-07-25 16:57:00,306 [ERROR] aiogram.dispatcher: Failed to fetch updates - TelegramNetworkError: HTTP Client says - ClientConnectorError: Cannot connect to host api.telegram.org:443 ssl:default [Multiple exceptions: [WinError 121] Превышен таймаут семафора, [WinError 1231] Сетевая папка недоступна. За информацией о разрешении проблем в сети обратитесь к справочной системе Windows]
2026-07-25 16:57:00,307 [WARNING] aiogram.dispatcher: Sleep for 5.081160 seconds and try again... (tryings = 6, bot id = 8974386075)
2026-07-25 16:57:26,393 [ERROR] aiogram.dispatcher: Failed to fetch updates - TelegramNetworkError: HTTP Client says - ClientConnectorError: Cannot connect to host api.telegram.org:443 ssl:default [Multiple exceptions: [WinError 1231] Сетевая папка недоступна. За информацией о разрешении проблем в сети обратитесь к справочной системе Windows, [WinError 121] Превышен таймаут семафора]
2026-07-25 16:57:26,393 [WARNING] aiogram.dispatcher: Sleep for 5.100549 seconds and try again... (tryings = 7, bot id = 8974386075)
2026-07-25 16:57:52,499 [ERROR] aiogram.dispatcher: Failed to fetch updates - TelegramNetworkError: HTTP Client says - ClientConnectorError: Cannot connect to host api.telegram.org:443 ssl:default [Multiple exceptions: [WinError 121] Превышен таймаут семафора, [WinError 1231] Сетевая папка недоступна. За информацией о разрешении проблем в сети обратитесь к справочной системе Windows]
2026-07-25 16:57:52,499 [WARNING] aiogram.dispatcher: Sleep for 4.968936 seconds and try again... (tryings = 8, bot id = 8974386075)
2026-07-25 16:58:18,474 [ERROR] aiogram.dispatcher: Failed to fetch updates - TelegramNetworkError: HTTP Client says - ClientConnectorError: Cannot connect to host api.telegram.org:443 ssl:default [Multiple exceptions: [WinError 1231] Сетевая папка недоступна. За информацией о разрешении проблем в сети обратитесь к справочной системе Windows, [WinError 121] Превышен таймаут семафора]
2026-07-25 16:58:18,475 [WARNING] aiogram.dispatcher: Sleep for 4.847566 seconds and try again... (tryings = 9, bot id = 8974386075)
2026-07-25 16:58:44,328 [ERROR] aiogram.dispatcher: Failed to fetch updates - TelegramNetworkError: HTTP Client says - ClientConnectorError: Cannot connect to host api.telegram.org:443 ssl:default [Multiple exceptions: [WinError 121] Превышен таймаут семафора, [WinError 1231] Сетевая папка недоступна. За информацией о разрешении проблем в сети обратитесь к справочной системе Windows]
2026-07-25 16:58:44,329 [WARNING] aiogram.dispatcher: Sleep for 4.884356 seconds and try again... (tryings = 10, bot id = 8974386075)
2026-07-25 16:59:10,218 [ERROR] aiogram.dispatcher: Failed to fetch updates - TelegramNetworkError: HTTP Client says - ClientConnectorError: Cannot connect to host api.telegram.org:443 ssl:default [Multiple exceptions: [WinError 1231] Сетевая папка недоступна. За информацией о разрешении проблем в сети обратитесь к справочной системе Windows, [WinError 121] Превышен таймаут семафора]
2026-07-25 16:59:10,220 [WARNING] aiogram.dispatcher: Sleep for 5.033116 seconds and try again... (tryings = 11, bot id = 8974386075)
2026-07-25 16:59:36,259 [ERROR] aiogram.dispatcher: Failed to fetch updates - TelegramNetworkError: HTTP Client says - ClientConnectorError: Cannot connect to host api.telegram.org:443 ssl:default [Multiple exceptions: [WinError 121] Превышен таймаут семафора, [WinError 1231] Сетевая папка недоступна. За информацией о разрешении проблем в сети обратитесь к справочной системе Windows]
2026-07-25 16:59:36,259 [WARNING] aiogram.dispatcher: Sleep for 5.054712 seconds and try again... (tryings = 12, bot id = 8974386075)
2026-07-25 17:00:02,321 [ERROR] aiogram.dispatcher: Failed to fetch updates - TelegramNetworkError: HTTP Client says - ClientConnectorError: Cannot connect to host api.telegram.org:443 ssl:default [Multiple exceptions: [WinError 1231] Сетевая папка недоступна. За информацией о разрешении проблем в сети обратитесь к справочной системе Windows, [WinError 121] Превышен таймаут семафора]
2026-07-25 17:00:02,323 [WARNING] aiogram.dispatcher: Sleep for 4.945721 seconds and try again... (tryings = 13, bot id = 8974386075)
2026-07-25 17:00:28,272 [ERROR] aiogram.dispatcher: Failed to fetch updates - TelegramNetworkError: HTTP Client says - ClientConnectorError: Cannot connect to host api.telegram.org:443 ssl:default [Multiple exceptions: [WinError 121] Превышен таймаут семафора, [WinError 1231] Сетевая папка недоступна. За информацией о разрешении проблем в сети обратитесь к справочной системе Windows]
2026-07-25 17:00:28,272 [WARNING] aiogram.dispatcher: Sleep for 5.063930 seconds and try again... (tryings = 14, bot id = 8974386075)
2026-07-25 17:00:54,343 [ERROR] aiogram.dispatcher: Failed to fetch updates - TelegramNetworkError: HTTP Client says - ClientConnectorError: Cannot connect to host api.telegram.org:443 ssl:default [Multiple exceptions: [WinError 1231] Сетевая папка недоступна. За информацией о разрешении проблем в сети обратитесь к справочной системе Windows, [WinError 121] Превышен таймаут семафора]
2026-07-25 17:00:54,344 [WARNING] aiogram.dispatcher: Sleep for 5.090936 seconds and try again... (tryings = 15, bot id = 8974386075)
2026-07-25 17:01:20,440 [ERROR] aiogram.dispatcher: Failed to fetch updates - TelegramNetworkError: HTTP Client says - ClientConnectorError: Cannot connect to host api.telegram.org:443 ssl:default [Multiple exceptions: [WinError 121] Превышен таймаут семафора, [WinError 1231] Сетевая папка недоступна. За информацией о разрешении проблем в сети обратитесь к справочной системе Windows]
2026-07-25 17:01:20,440 [WARNING] aiogram.dispatcher: Sleep for 4.987200 seconds and try again... (tryings = 16, bot id = 8974386075)
2026-07-25 17:01:46,433 [ERROR] aiogram.dispatcher: Failed to fetch updates - TelegramNetworkError: HTTP Client says - ClientConnectorError: Cannot connect to host api.telegram.org:443 ssl:default [Multiple exceptions: [WinError 1231] Сетевая папка недоступна. За информацией о разрешении проблем в сети обратитесь к справочной системе Windows, [WinError 121] Превышен таймаут семафора]
2026-07-25 17:01:46,433 [WARNING] aiogram.dispatcher: Sleep for 4.926224 seconds and try again... (tryings = 17, bot id = 8974386075)
2026-07-25 17:02:12,366 [ERROR] aiogram.dispatcher: Failed to fetch updates - TelegramNetworkError: HTTP Client says - ClientConnectorError: Cannot connect to host api.telegram.org:443 ssl:default [Multiple exceptions: [WinError 121] Превышен таймаут семафора, [WinError 1231] Сетевая папка недоступна. За информацией о разрешении проблем в сети обратитесь к справочной системе Windows]
2026-07-25 17:02:12,368 [WARNING] aiogram.dispatcher: Sleep for 5.038304 seconds and try again... (tryings = 18, bot id = 8974386075)
2026-07-25 17:02:38,411 [ERROR] aiogram.dispatcher: Failed to fetch updates - TelegramNetworkError: HTTP Client says - ClientConnectorError: Cannot connect to host api.telegram.org:443 ssl:default [Multiple exceptions: [WinError 1231] Сетевая папка недоступна. За информацией о разрешении проблем в сети обратитесь к справочной системе Windows, [WinError 121] Превышен таймаут семафора]
2026-07-25 17:02:38,412 [WARNING] aiogram.dispatcher: Sleep for 5.101879 seconds and try again... (tryings = 19, bot id = 8974386075)
2026-07-25 17:03:04,520 [ERROR] aiogram.dispatcher: Failed to fetch updates - TelegramNetworkError: HTTP Client says - ClientConnectorError: Cannot connect to host api.telegram.org:443 ssl:default [Multiple exceptions: [WinError 121] Превышен таймаут семафора, [WinError 1231] Сетевая папка недоступна. За информацией о разрешении проблем в сети обратитесь к справочной системе Windows]
2026-07-25 17:03:04,520 [WARNING] aiogram.dispatcher: Sleep for 5.067332 seconds and try again... (tryings = 20, bot id = 8974386075)
2026-07-25 17:03:30,594 [ERROR] aiogram.dispatcher: Failed to fetch updates - TelegramNetworkError: HTTP Client says - ClientConnectorError: Cannot connect to host api.telegram.org:443 ssl:default [Multiple exceptions: [WinError 1231] Сетевая папка недоступна. За информацией о разрешении проблем в сети обратитесь к справочной системе Windows, [WinError 121] Превышен таймаут семафора]
2026-07-25 17:03:30,595 [WARNING] aiogram.dispatcher: Sleep for 5.350296 seconds and try again... (tryings = 21, bot id = 8974386075)
2026-07-25 17:03:56,951 [ERROR] aiogram.dispatcher: Failed to fetch updates - TelegramNetworkError: HTTP Client says - ClientConnectorError: Cannot connect to host api.telegram.org:443 ssl:default [Multiple exceptions: [WinError 121] Превышен таймаут семафора, [WinError 1231] Сетевая папка недоступна. За информацией о разрешении проблем в сети обратитесь к справочной системе Windows]
2026-07-25 17:03:56,951 [WARNING] aiogram.dispatcher: Sleep for 4.984258 seconds and try again... (tryings = 22, bot id = 8974386075)
2026-07-25 17:04:22,944 [ERROR] aiogram.dispatcher: Failed to fetch updates - TelegramNetworkError: HTTP Client says - ClientConnectorError: Cannot connect to host api.telegram.org:443 ssl:default [Multiple exceptions: [WinError 1231] Сетевая папка недоступна. За информацией о разрешении проблем в сети обратитесь к справочной системе Windows, [WinError 121] Превышен таймаут семафора]
2026-07-25 17:04:22,945 [WARNING] aiogram.dispatcher: Sleep for 5.084931 seconds and try again... (tryings = 23, bot id = 8974386075)
2026-07-25 17:04:49,034 [ERROR] aiogram.dispatcher: Failed to fetch updates - TelegramNetworkError: HTTP Client says - ClientConnectorError: Cannot connect to host api.telegram.org:443 ssl:default [Multiple exceptions: [WinError 121] Превышен таймаут семафора, [WinError 1231] Сетевая папка недоступна. За информацией о разрешении проблем в сети обратитесь к справочной системе Windows]
2026-07-25 17:04:49,034 [WARNING] aiogram.dispatcher: Sleep for 4.967362 seconds and try again... (tryings = 24, bot id = 8974386075)
2026-07-25 17:05:15,007 [ERROR] aiogram.dispatcher: Failed to fetch updates - TelegramNetworkError: HTTP Client says - ClientConnectorError: Cannot connect to host api.telegram.org:443 ssl:default [Multiple exceptions: [WinError 1231] Сетевая папка недоступна. За информацией о разрешении проблем в сети обратитесь к справочной системе Windows, [WinError 121] Превышен таймаут семафора]
2026-07-25 17:05:15,009 [WARNING] aiogram.dispatcher: Sleep for 4.968836 seconds and try again... (tryings = 25, bot id = 8974386075)
2026-07-25 17:05:40,981 [ERROR] aiogram.dispatcher: Failed to fetch updates - TelegramNetworkError: HTTP Client says - ClientConnectorError: Cannot connect to host api.telegram.org:443 ssl:default [Multiple exceptions: [WinError 121] Превышен таймаут семафора, [WinError 1231] Сетевая папка недоступна. За информацией о разрешении проблем в сети обратитесь к справочной системе Windows]
2026-07-25 17:05:40,983 [WARNING] aiogram.dispatcher: Sleep for 5.147219 seconds and try again... (tryings = 26, bot id = 8974386075)
2026-07-25 17:06:07,136 [ERROR] aiogram.dispatcher: Failed to fetch updates - TelegramNetworkError: HTTP Client says - ClientConnectorError: Cannot connect to host api.telegram.org:443 ssl:default [Multiple exceptions: [WinError 1231] Сетевая папка недоступна. За информацией о разрешении проблем в сети обратитесь к справочной системе Windows, [WinError 121] Превышен таймаут семафора]
2026-07-25 17:06:07,139 [WARNING] aiogram.dispatcher: Sleep for 4.974273 seconds and try again... (tryings = 27, bot id = 8974386075)
2026-07-25 17:06:33,122 [ERROR] aiogram.dispatcher: Failed to fetch updates - TelegramNetworkError: HTTP Client says - ClientConnectorError: Cannot connect to host api.telegram.org:443 ssl:default [Multiple exceptions: [WinError 121] Превышен таймаут семафора, [WinError 1231] Сетевая папка недоступна. За информацией о разрешении проблем в сети обратитесь к справочной системе Windows]
2026-07-25 17:06:33,123 [WARNING] aiogram.dispatcher: Sleep for 5.197232 seconds and try again... (tryings = 28, bot id = 8974386075)
2026-07-25 17:06:59,327 [ERROR] aiogram.dispatcher: Failed to fetch updates - TelegramNetworkError: HTTP Client says - ClientConnectorError: Cannot connect to host api.telegram.org:443 ssl:default [Multiple exceptions: [WinError 1231] Сетевая папка недоступна. За информацией о разрешении проблем в сети обратитесь к справочной системе Windows, [WinError 121] Превышен таймаут семафора]
2026-07-25 17:06:59,328 [WARNING] aiogram.dispatcher: Sleep for 4.975656 seconds and try again... (tryings = 29, bot id = 8974386075)
2026-07-25 17:07:25,311 [ERROR] aiogram.dispatcher: Failed to fetch updates - TelegramNetworkError: HTTP Client says - ClientConnectorError: Cannot connect to host api.telegram.org:443 ssl:default [Multiple exceptions: [WinError 121] Превышен таймаут семафора, [WinError 1231] Сетевая папка недоступна. За информацией о разрешении проблем в сети обратитесь к справочной системе Windows]
2026-07-25 17:07:25,311 [WARNING] aiogram.dispatcher: Sleep for 4.905256 seconds and try again... (tryings = 30, bot id = 8974386075)
2026-07-25 17:07:51,233 [ERROR] aiogram.dispatcher: Failed to fetch updates - TelegramNetworkError: HTTP Client says - ClientConnectorError: Cannot connect to host api.telegram.org:443 ssl:default [Превышен таймаут семафора]
2026-07-25 17:07:51,234 [WARNING] aiogram.dispatcher: Sleep for 4.940934 seconds and try again... (tryings = 31, bot id = 8974386075)
2026-07-25 17:08:17,182 [ERROR] aiogram.dispatcher: Failed to fetch updates - TelegramNetworkError: HTTP Client says - ClientConnectorError: Cannot connect to host api.telegram.org:443 ssl:default [Превышен таймаут семафора]
2026-07-25 17:08:17,182 [WARNING] aiogram.dispatcher: Sleep for 4.909738 seconds and try again... (tryings = 32, bot id = 8974386075)
2026-07-25 17:08:43,096 [ERROR] aiogram.dispatcher: Failed to fetch updates - TelegramNetworkError: HTTP Client says - ClientConnectorError: Cannot connect to host api.telegram.org:443 ssl:default [Превышен таймаут семафора]
2026-07-25 17:08:43,096 [WARNING] aiogram.dispatcher: Sleep for 5.041064 seconds and try again... (tryings = 33, bot id = 8974386075)
2026-07-25 17:09:09,143 [ERROR] aiogram.dispatcher: Failed to fetch updates - TelegramNetworkError: HTTP Client says - ClientConnectorError: Cannot connect to host api.telegram.org:443 ssl:default [Превышен таймаут семафора]
2026-07-25 17:09:09,144 [WARNING] aiogram.dispatcher: Sleep for 4.901119 seconds and try again... (tryings = 34, bot id = 8974386075)
2026-07-25 17:09:35,055 [ERROR] aiogram.dispatcher: Failed to fetch updates - TelegramNetworkError: HTTP Client says - ClientConnectorError: Cannot connect to host api.telegram.org:443 ssl:default [Превышен таймаут семафора]
2026-07-25 17:09:35,056 [WARNING] aiogram.dispatcher: Sleep for 5.040620 seconds and try again... (tryings = 35, bot id = 8974386075)
2026-07-25 17:10:01,102 [ERROR] aiogram.dispatcher: Failed to fetch updates - TelegramNetworkError: HTTP Client says - ClientConnectorError: Cannot connect to host api.telegram.org:443 ssl:default [Превышен таймаут семафора]
2026-07-25 17:10:01,103 [WARNING] aiogram.dispatcher: Sleep for 4.988248 seconds and try again... (tryings = 36, bot id = 8974386075)
2026-07-25 17:10:27,095 [ERROR] aiogram.dispatcher: Failed to fetch updates - TelegramNetworkError: HTTP Client says - ClientConnectorError: Cannot connect to host api.telegram.org:443 ssl:default [Превышен таймаут семафора]
2026-07-25 17:10:27,096 [WARNING] aiogram.dispatcher: Sleep for 4.908244 seconds and try again... (tryings = 37, bot id = 8974386075)
2026-07-25 17:10:53,011 [ERROR] aiogram.dispatcher: Failed to fetch updates - TelegramNetworkError: HTTP Client says - ClientConnectorError: Cannot connect to host api.telegram.org:443 ssl:default [Превышен таймаут семафора]
2026-07-25 17:10:53,011 [WARNING] aiogram.dispatcher: Sleep for 5.114074 seconds and try again... (tryings = 38, bot id = 8974386075)
2026-07-25 17:11:19,133 [ERROR] aiogram.dispatcher: Failed to fetch updates - TelegramNetworkError: HTTP Client says - ClientConnectorError: Cannot connect to host api.telegram.org:443 ssl:default [Превышен таймаут семафора]
2026-07-25 17:11:19,134 [WARNING] aiogram.dispatcher: Sleep for 5.082321 seconds and try again... (tryings = 39, bot id = 8974386075)
2026-07-25 17:11:45,223 [ERROR] aiogram.dispatcher: Failed to fetch updates - TelegramNetworkError: HTTP Client says - ClientConnectorError: Cannot connect to host api.telegram.org:443 ssl:default [Превышен таймаут семафора]
2026-07-25 17:11:45,223 [WARNING] aiogram.dispatcher: Sleep for 5.141905 seconds and try again... (tryings = 40, bot id = 8974386075)
2026-07-25 17:12:11,369 [ERROR] aiogram.dispatcher: Failed to fetch updates - TelegramNetworkError: HTTP Client says - ClientConnectorError: Cannot connect to host api.telegram.org:443 ssl:default [Превышен таймаут семафора]
2026-07-25 17:12:11,370 [WARNING] aiogram.dispatcher: Sleep for 5.063096 seconds and try again... (tryings = 41, bot id = 8974386075)
2026-07-25 17:12:37,436 [ERROR] aiogram.dispatcher: Failed to fetch updates - TelegramNetworkError: HTTP Client says - ClientConnectorError: Cannot connect to host api.telegram.org:443 ssl:default [Превышен таймаут семафора]
2026-07-25 17:12:37,436 [WARNING] aiogram.dispatcher: Sleep for 5.046847 seconds and try again... (tryings = 42, bot id = 8974386075)
2026-07-25 17:13:03,491 [ERROR] aiogram.dispatcher: Failed to fetch updates - TelegramNetworkError: HTTP Client says - ClientConnectorError: Cannot connect to host api.telegram.org:443 ssl:default [Превышен таймаут семафора]
2026-07-25 17:13:03,491 [WARNING] aiogram.dispatcher: Sleep for 5.057496 seconds and try again... (tryings = 43, bot id = 8974386075)
2026-07-25 17:13:29,554 [ERROR] aiogram.dispatcher: Failed to fetch updates - TelegramNetworkError: HTTP Client says - ClientConnectorError: Cannot connect to host api.telegram.org:443 ssl:default [Превышен таймаут семафора]
2026-07-25 17:13:29,554 [WARNING] aiogram.dispatcher: Sleep for 4.961688 seconds and try again... (tryings = 44, bot id = 8974386075)
2026-07-25 17:13:55,521 [ERROR] aiogram.dispatcher: Failed to fetch updates - TelegramNetworkError: HTTP Client says - ClientConnectorError: Cannot connect to host api.telegram.org:443 ssl:default [Превышен таймаут семафора]
2026-07-25 17:13:55,522 [WARNING] aiogram.dispatcher: Sleep for 4.875787 seconds and try again... (tryings = 45, bot id = 8974386075)
2026-07-25 17:14:21,405 [ERROR] aiogram.dispatcher: Failed to fetch updates - TelegramNetworkError: HTTP Client says - ClientConnectorError: Cannot connect to host api.telegram.org:443 ssl:default [Превышен таймаут семафора]
2026-07-25 17:14:21,406 [WARNING] aiogram.dispatcher: Sleep for 5.038853 seconds and try again... (tryings = 46, bot id = 8974386075)
2026-07-25 17:14:47,452 [ERROR] aiogram.dispatcher: Failed to fetch updates - TelegramNetworkError: HTTP Client says - ClientConnectorError: Cannot connect to host api.telegram.org:443 ssl:default [Превышен таймаут семафора]
2026-07-25 17:14:47,452 [WARNING] aiogram.dispatcher: Sleep for 5.059854 seconds and try again... (tryings = 47, bot id = 8974386075)
2026-07-25 17:15:13,515 [ERROR] aiogram.dispatcher: Failed to fetch updates - TelegramNetworkError: HTTP Client says - ClientConnectorError: Cannot connect to host api.telegram.org:443 ssl:default [Превышен таймаут семафора]
2026-07-25 17:15:13,515 [WARNING] aiogram.dispatcher: Sleep for 4.964297 seconds and try again... (tryings = 48, bot id = 8974386075)
2026-07-25 17:15:39,487 [ERROR] aiogram.dispatcher: Failed to fetch updates - TelegramNetworkError: HTTP Client says - ClientConnectorError: Cannot connect to host api.telegram.org:443 ssl:default [Превышен таймаут семафора]
2026-07-25 17:15:39,489 [WARNING] aiogram.dispatcher: Sleep for 5.018647 seconds and try again... (tryings = 49, bot id = 8974386075)
2026-07-25 17:16:05,515 [ERROR] aiogram.dispatcher: Failed to fetch updates - TelegramNetworkError: HTTP Client says - ClientConnectorError: Cannot connect to host api.telegram.org:443 ssl:default [Превышен таймаут семафора]
2026-07-25 17:16:05,516 [WARNING] aiogram.dispatcher: Sleep for 4.871729 seconds and try again... (tryings = 50, bot id = 8974386075)
2026-07-25 17:16:31,392 [ERROR] aiogram.dispatcher: Failed to fetch updates - TelegramNetworkError: HTTP Client says - ClientConnectorError: Cannot connect to host api.telegram.org:443 ssl:default [Превышен таймаут семафора]
2026-07-25 17:16:31,395 [WARNING] aiogram.dispatcher: Sleep for 5.013946 seconds and try again... (tryings = 51, bot id = 8974386075)
2026-07-25 17:16:57,412 [ERROR] aiogram.dispatcher: Failed to fetch updates - TelegramNetworkError: HTTP Client says - ClientConnectorError: Cannot connect to host api.telegram.org:443 ssl:default [Превышен таймаут семафора]
2026-07-25 17:16:57,417 [WARNING] aiogram.dispatcher: Sleep for 4.831522 seconds and try again... (tryings = 52, bot id = 8974386075)
2026-07-25 17:17:23,259 [ERROR] aiogram.dispatcher: Failed to fetch updates - TelegramNetworkError: HTTP Client says - ClientConnectorError: Cannot connect to host api.telegram.org:443 ssl:default [Превышен таймаут семафора]
2026-07-25 17:17:23,260 [WARNING] aiogram.dispatcher: Sleep for 4.891791 seconds and try again... (tryings = 53, bot id = 8974386075)
2026-07-25 17:17:49,156 [ERROR] aiogram.dispatcher: Failed to fetch updates - TelegramNetworkError: HTTP Client says - ClientConnectorError: Cannot connect to host api.telegram.org:443 ssl:default [Превышен таймаут семафора]
2026-07-25 17:17:49,157 [WARNING] aiogram.dispatcher: Sleep for 4.964657 seconds and try again... (tryings = 54, bot id = 8974386075)
2026-07-25 17:18:15,128 [ERROR] aiogram.dispatcher: Failed to fetch updates - TelegramNetworkError: HTTP Client says - ClientConnectorError: Cannot connect to host api.telegram.org:443 ssl:default [Превышен таймаут семафора]
2026-07-25 17:18:15,128 [WARNING] aiogram.dispatcher: Sleep for 4.948932 seconds and try again... (tryings = 55, bot id = 8974386075)
2026-07-25 17:18:41,083 [ERROR] aiogram.dispatcher: Failed to fetch updates - TelegramNetworkError: HTTP Client says - ClientConnectorError: Cannot connect to host api.telegram.org:443 ssl:default [Превышен таймаут семафора]
2026-07-25 17:18:41,083 [WARNING] aiogram.dispatcher: Sleep for 4.959337 seconds and try again... (tryings = 56, bot id = 8974386075)
2026-07-25 17:19:07,047 [ERROR] aiogram.dispatcher: Failed to fetch updates - TelegramNetworkError: HTTP Client says - ClientConnectorError: Cannot connect to host api.telegram.org:443 ssl:default [Превышен таймаут семафора]
2026-07-25 17:19:07,049 [WARNING] aiogram.dispatcher: Sleep for 4.962111 seconds and try again... (tryings = 57, bot id = 8974386075)
2026-07-25 17:19:33,015 [ERROR] aiogram.dispatcher: Failed to fetch updates - TelegramNetworkError: HTTP Client says - ClientConnectorError: Cannot connect to host api.telegram.org:443 ssl:default [Превышен таймаут семафора]
2026-07-25 17:19:33,016 [WARNING] aiogram.dispatcher: Sleep for 4.998078 seconds and try again... (tryings = 58, bot id = 8974386075)
2026-07-25 17:19:59,021 [ERROR] aiogram.dispatcher: Failed to fetch updates - TelegramNetworkError: HTTP Client says - ClientConnectorError: Cannot connect to host api.telegram.org:443 ssl:default [Превышен таймаут семафора]
2026-07-25 17:19:59,022 [WARNING] aiogram.dispatcher: Sleep for 4.951180 seconds and try again... (tryings = 59, bot id = 8974386075)
2026-07-25 17:20:24,977 [ERROR] aiogram.dispatcher: Failed to fetch updates - TelegramNetworkError: HTTP Client says - ClientConnectorError: Cannot connect to host api.telegram.org:443 ssl:default [Превышен таймаут семафора]
2026-07-25 17:20:24,978 [WARNING] aiogram.dispatcher: Sleep for 4.940580 seconds and try again... (tryings = 60, bot id = 8974386075)
2026-07-25 17:20:50,924 [ERROR] aiogram.dispatcher: Failed to fetch updates - TelegramNetworkError: HTTP Client says - ClientConnectorError: Cannot connect to host api.telegram.org:443 ssl:default [Превышен таймаут семафора]
2026-07-25 17:20:50,924 [WARNING] aiogram.dispatcher: Sleep for 5.013099 seconds and try again... (tryings = 61, bot id = 8974386075)
2026-07-25 17:21:16,940 [ERROR] aiogram.dispatcher: Failed to fetch updates - TelegramNetworkError: HTTP Client says - ClientConnectorError: Cannot connect to host api.telegram.org:443 ssl:default [Превышен таймаут семафора]
2026-07-25 17:21:16,941 [WARNING] aiogram.dispatcher: Sleep for 5.063377 seconds and try again... (tryings = 62, bot id = 8974386075)
2026-07-25 17:21:43,010 [ERROR] aiogram.dispatcher: Failed to fetch updates - TelegramNetworkError: HTTP Client says - ClientConnectorError: Cannot connect to host api.telegram.org:443 ssl:default [Превышен таймаут семафора]
2026-07-25 17:21:43,011 [WARNING] aiogram.dispatcher: Sleep for 4.910740 seconds and try again... (tryings = 63, bot id = 8974386075)
2026-07-25 17:22:08,928 [ERROR] aiogram.dispatcher: Failed to fetch updates - TelegramNetworkError: HTTP Client says - ClientConnectorError: Cannot connect to host api.telegram.org:443 ssl:default [Превышен таймаут семафора]
2026-07-25 17:22:08,928 [WARNING] aiogram.dispatcher: Sleep for 5.025040 seconds and try again... (tryings = 64, bot id = 8974386075)
2026-07-25 17:22:34,959 [ERROR] aiogram.dispatcher: Failed to fetch updates - TelegramNetworkError: HTTP Client says - ClientConnectorError: Cannot connect to host api.telegram.org:443 ssl:default [Превышен таймаут семафора]
2026-07-25 17:22:34,963 [WARNING] aiogram.dispatcher: Sleep for 5.015405 seconds and try again... (tryings = 65, bot id = 8974386075)
2026-07-25 17:23:00,985 [ERROR] aiogram.dispatcher: Failed to fetch updates - TelegramNetworkError: HTTP Client says - ClientConnectorError: Cannot connect to host api.telegram.org:443 ssl:default [Превышен таймаут семафора]
2026-07-25 17:23:00,985 [WARNING] aiogram.dispatcher: Sleep for 4.977362 seconds and try again... (tryings = 66, bot id = 8974386075)
2026-07-25 17:23:26,969 [ERROR] aiogram.dispatcher: Failed to fetch updates - TelegramNetworkError: HTTP Client says - ClientConnectorError: Cannot connect to host api.telegram.org:443 ssl:default [Превышен таймаут семафора]
2026-07-25 17:23:26,970 [WARNING] aiogram.dispatcher: Sleep for 4.966374 seconds and try again... (tryings = 67, bot id = 8974386075)
2026-07-25 17:23:52,944 [ERROR] aiogram.dispatcher: Failed to fetch updates - TelegramNetworkError: HTTP Client says - ClientConnectorError: Cannot connect to host api.telegram.org:443 ssl:default [Превышен таймаут семафора]
2026-07-25 17:23:52,945 [WARNING] aiogram.dispatcher: Sleep for 5.040730 seconds and try again... (tryings = 68, bot id = 8974386075)
2026-07-25 17:24:18,992 [ERROR] aiogram.dispatcher: Failed to fetch updates - TelegramNetworkError: HTTP Client says - ClientConnectorError: Cannot connect to host api.telegram.org:443 ssl:default [Превышен таймаут семафора]
2026-07-25 17:24:18,993 [WARNING] aiogram.dispatcher: Sleep for 5.001620 seconds and try again... (tryings = 69, bot id = 8974386075)
2026-07-25 17:24:45,000 [ERROR] aiogram.dispatcher: Failed to fetch updates - TelegramNetworkError: HTTP Client says - ClientConnectorError: Cannot connect to host api.telegram.org:443 ssl:default [Превышен таймаут семафора]
2026-07-25 17:24:45,000 [WARNING] aiogram.dispatcher: Sleep for 4.987036 seconds and try again... (tryings = 70, bot id = 8974386075)
2026-07-25 17:25:10,993 [ERROR] aiogram.dispatcher: Failed to fetch updates - TelegramNetworkError: HTTP Client says - ClientConnectorError: Cannot connect to host api.telegram.org:443 ssl:default [Превышен таймаут семафора]
2026-07-25 17:25:10,994 [WARNING] aiogram.dispatcher: Sleep for 5.055830 seconds and try again... (tryings = 71, bot id = 8974386075)
2026-07-25 17:25:37,055 [ERROR] aiogram.dispatcher: Failed to fetch updates - TelegramNetworkError: HTTP Client says - ClientConnectorError: Cannot connect to host api.telegram.org:443 ssl:default [Превышен таймаут семафора]
2026-07-25 17:25:37,056 [WARNING] aiogram.dispatcher: Sleep for 4.886196 seconds and try again... (tryings = 72, bot id = 8974386075)
2026-07-25 17:26:02,947 [ERROR] aiogram.dispatcher: Failed to fetch updates - TelegramNetworkError: HTTP Client says - ClientConnectorError: Cannot connect to host api.telegram.org:443 ssl:default [Превышен таймаут семафора]
2026-07-25 17:26:02,948 [WARNING] aiogram.dispatcher: Sleep for 5.013747 seconds and try again... (tryings = 73, bot id = 8974386075)
2026-07-25 17:26:28,970 [ERROR] aiogram.dispatcher: Failed to fetch updates - TelegramNetworkError: HTTP Client says - ClientConnectorError: Cannot connect to host api.telegram.org:443 ssl:default [Превышен таймаут семафора]
2026-07-25 17:26:28,970 [WARNING] aiogram.dispatcher: Sleep for 5.008129 seconds and try again... (tryings = 74, bot id = 8974386075)
2026-07-25 17:26:54,984 [ERROR] aiogram.dispatcher: Failed to fetch updates - TelegramNetworkError: HTTP Client says - ClientConnectorError: Cannot connect to host api.telegram.org:443 ssl:default [Превышен таймаут семафора]
2026-07-25 17:26:54,986 [WARNING] aiogram.dispatcher: Sleep for 5.022204 seconds and try again... (tryings = 75, bot id = 8974386075)
2026-07-25 17:27:21,014 [ERROR] aiogram.dispatcher: Failed to fetch updates - TelegramNetworkError: HTTP Client says - ClientConnectorError: Cannot connect to host api.telegram.org:443 ssl:default [Превышен таймаут семафора]
2026-07-25 17:27:21,015 [WARNING] aiogram.dispatcher: Sleep for 5.051079 seconds and try again... (tryings = 76, bot id = 8974386075)
2026-07-25 17:27:47,071 [ERROR] aiogram.dispatcher: Failed to fetch updates - TelegramNetworkError: HTTP Client says - ClientConnectorError: Cannot connect to host api.telegram.org:443 ssl:default [Превышен таймаут семафора]
2026-07-25 17:27:47,071 [WARNING] aiogram.dispatcher: Sleep for 4.991997 seconds and try again... (tryings = 77, bot id = 8974386075)
2026-07-25 17:28:13,067 [ERROR] aiogram.dispatcher: Failed to fetch updates - TelegramNetworkError: HTTP Client says - ClientConnectorError: Cannot connect to host api.telegram.org:443 ssl:default [Превышен таймаут семафора]
2026-07-25 17:28:13,069 [WARNING] aiogram.dispatcher: Sleep for 5.068704 seconds and try again... (tryings = 78, bot id = 8974386075)
2026-07-25 17:28:39,143 [ERROR] aiogram.dispatcher: Failed to fetch updates - TelegramNetworkError: HTTP Client says - ClientConnectorError: Cannot connect to host api.telegram.org:443 ssl:default [Превышен таймаут семафора]
2026-07-25 17:28:39,143 [WARNING] aiogram.dispatcher: Sleep for 4.958999 seconds and try again... (tryings = 79, bot id = 8974386075)
2026-07-25 17:29:05,106 [ERROR] aiogram.dispatcher: Failed to fetch updates - TelegramNetworkError: HTTP Client says - ClientConnectorError: Cannot connect to host api.telegram.org:443 ssl:default [Превышен таймаут семафора]
2026-07-25 17:29:05,107 [WARNING] aiogram.dispatcher: Sleep for 4.916827 seconds and try again... (tryings = 80, bot id = 8974386075)
2026-07-25 17:29:31,030 [ERROR] aiogram.dispatcher: Failed to fetch updates - TelegramNetworkError: HTTP Client says - ClientConnectorError: Cannot connect to host api.telegram.org:443 ssl:default [Превышен таймаут семафора]
2026-07-25 17:29:31,032 [WARNING] aiogram.dispatcher: Sleep for 4.980004 seconds and try again... (tryings = 81, bot id = 8974386075)
2026-07-25 17:29:57,016 [ERROR] aiogram.dispatcher: Failed to fetch updates - TelegramNetworkError: HTTP Client says - ClientConnectorError: Cannot connect to host api.telegram.org:443 ssl:default [Превышен таймаут семафора]
2026-07-25 17:29:57,016 [WARNING] aiogram.dispatcher: Sleep for 5.024884 seconds and try again... (tryings = 82, bot id = 8974386075)
2026-07-25 17:30:23,046 [ERROR] aiogram.dispatcher: Failed to fetch updates - TelegramNetworkError: HTTP Client says - ClientConnectorError: Cannot connect to host api.telegram.org:443 ssl:default [Превышен таймаут семафора]
2026-07-25 17:30:23,049 [WARNING] aiogram.dispatcher: Sleep for 4.857213 seconds and try again... (tryings = 83, bot id = 8974386075)
2026-07-25 17:30:48,908 [ERROR] aiogram.dispatcher: Failed to fetch updates - TelegramNetworkError: HTTP Client says - ClientConnectorError: Cannot connect to host api.telegram.org:443 ssl:default [Превышен таймаут семафора]
2026-07-25 17:30:48,908 [WARNING] aiogram.dispatcher: Sleep for 4.861689 seconds and try again... (tryings = 84, bot id = 8974386075)
2026-07-25 17:31:14,775 [ERROR] aiogram.dispatcher: Failed to fetch updates - TelegramNetworkError: HTTP Client says - ClientConnectorError: Cannot connect to host api.telegram.org:443 ssl:default [Превышен таймаут семафора]
2026-07-25 17:31:14,775 [WARNING] aiogram.dispatcher: Sleep for 5.001762 seconds and try again... (tryings = 85, bot id = 8974386075)
2026-07-25 17:31:40,782 [ERROR] aiogram.dispatcher: Failed to fetch updates - TelegramNetworkError: HTTP Client says - ClientConnectorError: Cannot connect to host api.telegram.org:443 ssl:default [Превышен таймаут семафора]
2026-07-25 17:31:40,782 [WARNING] aiogram.dispatcher: Sleep for 5.030724 seconds and try again... (tryings = 86, bot id = 8974386075)
2026-07-25 17:32:06,816 [ERROR] aiogram.dispatcher: Failed to fetch updates - TelegramNetworkError: HTTP Client says - ClientConnectorError: Cannot connect to host api.telegram.org:443 ssl:default [Превышен таймаут семафора]
2026-07-25 17:32:06,817 [WARNING] aiogram.dispatcher: Sleep for 4.930027 seconds and try again... (tryings = 87, bot id = 8974386075)
2026-07-25 17:32:32,752 [ERROR] aiogram.dispatcher: Failed to fetch updates - TelegramNetworkError: HTTP Client says - ClientConnectorError: Cannot connect to host api.telegram.org:443 ssl:default [Превышен таймаут семафора]
2026-07-25 17:32:32,753 [WARNING] aiogram.dispatcher: Sleep for 4.982751 seconds and try again... (tryings = 88, bot id = 8974386075)
2026-07-25 17:32:58,740 [ERROR] aiogram.dispatcher: Failed to fetch updates - TelegramNetworkError: HTTP Client says - ClientConnectorError: Cannot connect to host api.telegram.org:443 ssl:default [Превышен таймаут семафора]
2026-07-25 17:32:58,741 [WARNING] aiogram.dispatcher: Sleep for 5.087314 seconds and try again... (tryings = 89, bot id = 8974386075)
2026-07-25 17:33:24,833 [ERROR] aiogram.dispatcher: Failed to fetch updates - TelegramNetworkError: HTTP Client says - ClientConnectorError: Cannot connect to host api.telegram.org:443 ssl:default [Превышен таймаут семафора]
2026-07-25 17:33:24,835 [WARNING] aiogram.dispatcher: Sleep for 5.176654 seconds and try again... (tryings = 90, bot id = 8974386075)
2026-07-25 17:33:51,017 [ERROR] aiogram.dispatcher: Failed to fetch updates - TelegramNetworkError: HTTP Client says - ClientConnectorError: Cannot connect to host api.telegram.org:443 ssl:default [Превышен таймаут семафора]
2026-07-25 17:33:51,022 [WARNING] aiogram.dispatcher: Sleep for 5.040618 seconds and try again... (tryings = 91, bot id = 8974386075)
2026-07-25 17:34:17,066 [ERROR] aiogram.dispatcher: Failed to fetch updates - TelegramNetworkError: HTTP Client says - ClientConnectorError: Cannot connect to host api.telegram.org:443 ssl:default [Превышен таймаут семафора]
2026-07-25 17:34:17,067 [WARNING] aiogram.dispatcher: Sleep for 4.981240 seconds and try again... (tryings = 92, bot id = 8974386075)
2026-07-25 17:34:43,053 [ERROR] aiogram.dispatcher: Failed to fetch updates - TelegramNetworkError: HTTP Client says - ClientConnectorError: Cannot connect to host api.telegram.org:443 ssl:default [Превышен таймаут семафора]
2026-07-25 17:34:43,053 [WARNING] aiogram.dispatcher: Sleep for 4.954865 seconds and try again... (tryings = 93, bot id = 8974386075)
2026-07-25 17:35:09,014 [ERROR] aiogram.dispatcher: Failed to fetch updates - TelegramNetworkError: HTTP Client says - ClientConnectorError: Cannot connect to host api.telegram.org:443 ssl:default [Превышен таймаут семафора]
2026-07-25 17:35:09,014 [WARNING] aiogram.dispatcher: Sleep for 5.015535 seconds and try again... (tryings = 94, bot id = 8974386075)
2026-07-25 17:35:35,033 [ERROR] aiogram.dispatcher: Failed to fetch updates - TelegramNetworkError: HTTP Client says - ClientConnectorError: Cannot connect to host api.telegram.org:443 ssl:default [Превышен таймаут семафора]
2026-07-25 17:35:35,033 [WARNING] aiogram.dispatcher: Sleep for 4.846305 seconds and try again... (tryings = 95, bot id = 8974386075)
2026-07-25 17:36:00,884 [ERROR] aiogram.dispatcher: Failed to fetch updates - TelegramNetworkError: HTTP Client says - ClientConnectorError: Cannot connect to host api.telegram.org:443 ssl:default [Превышен таймаут семафора]
2026-07-25 17:36:00,886 [WARNING] aiogram.dispatcher: Sleep for 4.978285 seconds and try again... (tryings = 96, bot id = 8974386075)
2026-07-25 17:36:26,869 [ERROR] aiogram.dispatcher: Failed to fetch updates - TelegramNetworkError: HTTP Client says - ClientConnectorError: Cannot connect to host api.telegram.org:443 ssl:default [Превышен таймаут семафора]
2026-07-25 17:36:26,870 [WARNING] aiogram.dispatcher: Sleep for 5.055373 seconds and try again... (tryings = 97, bot id = 8974386075)
2026-07-25 17:36:52,932 [ERROR] aiogram.dispatcher: Failed to fetch updates - TelegramNetworkError: HTTP Client says - ClientConnectorError: Cannot connect to host api.telegram.org:443 ssl:default [Превышен таймаут семафора]
2026-07-25 17:36:52,933 [WARNING] aiogram.dispatcher: Sleep for 5.030097 seconds and try again... (tryings = 98, bot id = 8974386075)
2026-07-25 17:37:18,969 [ERROR] aiogram.dispatcher: Failed to fetch updates - TelegramNetworkError: HTTP Client says - ClientConnectorError: Cannot connect to host api.telegram.org:443 ssl:default [Превышен таймаут семафора]
2026-07-25 17:37:18,970 [WARNING] aiogram.dispatcher: Sleep for 5.180484 seconds and try again... (tryings = 99, bot id = 8974386075)
2026-07-25 17:37:45,155 [ERROR] aiogram.dispatcher: Failed to fetch updates - TelegramNetworkError: HTTP Client says - ClientConnectorError: Cannot connect to host api.telegram.org:443 ssl:default [Превышен таймаут семафора]
2026-07-25 17:37:45,155 [WARNING] aiogram.dispatcher: Sleep for 5.102462 seconds and try again... (tryings = 100, bot id = 8974386075)
2026-07-25 17:38:11,261 [ERROR] aiogram.dispatcher: Failed to fetch updates - TelegramNetworkError: HTTP Client says - ClientConnectorError: Cannot connect to host api.telegram.org:443 ssl:default [Превышен таймаут семафора]
2026-07-25 17:38:11,262 [WARNING] aiogram.dispatcher: Sleep for 5.029621 seconds and try again... (tryings = 101, bot id = 8974386075)
2026-07-25 17:38:37,297 [ERROR] aiogram.dispatcher: Failed to fetch updates - TelegramNetworkError: HTTP Client says - ClientConnectorError: Cannot connect to host api.telegram.org:443 ssl:default [Превышен таймаут семафора]
2026-07-25 17:38:37,298 [WARNING] aiogram.dispatcher: Sleep for 5.002996 seconds and try again... (tryings = 102, bot id = 8974386075)
2026-07-25 17:39:03,306 [ERROR] aiogram.dispatcher: Failed to fetch updates - TelegramNetworkError: HTTP Client says - ClientConnectorError: Cannot connect to host api.telegram.org:443 ssl:default [Превышен таймаут семафора]
2026-07-25 17:39:03,307 [WARNING] aiogram.dispatcher: Sleep for 4.944302 seconds and try again... (tryings = 103, bot id = 8974386075)
2026-07-25 17:39:29,254 [ERROR] aiogram.dispatcher: Failed to fetch updates - TelegramNetworkError: HTTP Client says - ClientConnectorError: Cannot connect to host api.telegram.org:443 ssl:default [Превышен таймаут семафора]
2026-07-25 17:39:29,254 [WARNING] aiogram.dispatcher: Sleep for 5.209625 seconds and try again... (tryings = 104, bot id = 8974386075)
2026-07-25 17:39:55,468 [ERROR] aiogram.dispatcher: Failed to fetch updates - TelegramNetworkError: HTTP Client says - ClientConnectorError: Cannot connect to host api.telegram.org:443 ssl:default [Превышен таймаут семафора]
2026-07-25 17:39:55,468 [WARNING] aiogram.dispatcher: Sleep for 4.892698 seconds and try again... (tryings = 105, bot id = 8974386075)
2026-07-25 17:40:21,365 [ERROR] aiogram.dispatcher: Failed to fetch updates - TelegramNetworkError: HTTP Client says - ClientConnectorError: Cannot connect to host api.telegram.org:443 ssl:default [Превышен таймаут семафора]
2026-07-25 17:40:21,366 [WARNING] aiogram.dispatcher: Sleep for 4.870348 seconds and try again... (tryings = 106, bot id = 8974386075)
2026-07-25 17:40:47,242 [ERROR] aiogram.dispatcher: Failed to fetch updates - TelegramNetworkError: HTTP Client says - ClientConnectorError: Cannot connect to host api.telegram.org:443 ssl:default [Превышен таймаут семафора]
2026-07-25 17:40:47,243 [WARNING] aiogram.dispatcher: Sleep for 4.988621 seconds and try again... (tryings = 107, bot id = 8974386075)
2026-07-25 17:41:13,237 [ERROR] aiogram.dispatcher: Failed to fetch updates - TelegramNetworkError: HTTP Client says - ClientConnectorError: Cannot connect to host api.telegram.org:443 ssl:default [Превышен таймаут семафора]
2026-07-25 17:41:13,237 [WARNING] aiogram.dispatcher: Sleep for 4.934462 seconds and try again... (tryings = 108, bot id = 8974386075)
2026-07-25 17:41:39,178 [ERROR] aiogram.dispatcher: Failed to fetch updates - TelegramNetworkError: HTTP Client says - ClientConnectorError: Cannot connect to host api.telegram.org:443 ssl:default [Превышен таймаут семафора]
2026-07-25 17:41:39,178 [WARNING] aiogram.dispatcher: Sleep for 5.050767 seconds and try again... (tryings = 109, bot id = 8974386075)
2026-07-25 17:42:05,234 [ERROR] aiogram.dispatcher: Failed to fetch updates - TelegramNetworkError: HTTP Client says - ClientConnectorError: Cannot connect to host api.telegram.org:443 ssl:default [Превышен таймаут семафора]
2026-07-25 17:42:05,235 [WARNING] aiogram.dispatcher: Sleep for 5.057571 seconds and try again... (tryings = 110, bot id = 8974386075)
2026-07-25 17:42:31,297 [ERROR] aiogram.dispatcher: Failed to fetch updates - TelegramNetworkError: HTTP Client says - ClientConnectorError: Cannot connect to host api.telegram.org:443 ssl:default [Превышен таймаут семафора]
2026-07-25 17:42:31,297 [WARNING] aiogram.dispatcher: Sleep for 4.906804 seconds and try again... (tryings = 111, bot id = 8974386075)
2026-07-25 17:42:57,207 [ERROR] aiogram.dispatcher: Failed to fetch updates - TelegramNetworkError: HTTP Client says - ClientConnectorError: Cannot connect to host api.telegram.org:443 ssl:default [Превышен таймаут семафора]
2026-07-25 17:42:57,208 [WARNING] aiogram.dispatcher: Sleep for 5.084355 seconds and try again... (tryings = 112, bot id = 8974386075)
2026-07-25 17:43:23,299 [ERROR] aiogram.dispatcher: Failed to fetch updates - TelegramNetworkError: HTTP Client says - ClientConnectorError: Cannot connect to host api.telegram.org:443 ssl:default [Превышен таймаут семафора]
2026-07-25 17:43:23,299 [WARNING] aiogram.dispatcher: Sleep for 5.086247 seconds and try again... (tryings = 113, bot id = 8974386075)
2026-07-25 17:43:49,390 [ERROR] aiogram.dispatcher: Failed to fetch updates - TelegramNetworkError: HTTP Client says - ClientConnectorError: Cannot connect to host api.telegram.org:443 ssl:default [Превышен таймаут семафора]
2026-07-25 17:43:49,391 [WARNING] aiogram.dispatcher: Sleep for 5.143097 seconds and try again... (tryings = 114, bot id = 8974386075)
2026-07-25 17:44:04,207 [INFO] aiogram.dispatcher: Polling stopped
2026-07-25 17:44:04,461 [INFO] aiogram.dispatcher: Polling stopped for bot @vpnjempobot id=8974386075 - 'JempoVPN'
2026-07-25 17:44:11,236 [INFO] root: Инициализация проекта...
2026-07-25 17:44:11,238 [INFO] root: База данных инициализирована.
2026-07-25 17:44:32,806 [ERROR] asyncio: Unclosed client session
client_session: <aiohttp.client.ClientSession object at 0x0000022662BEEE40>
2026-07-25 17:46:26,326 [INFO] root: Инициализация проекта...
2026-07-25 17:46:26,328 [INFO] root: База данных инициализирована.
2026-07-25 17:46:47,789 [ERROR] asyncio: Unclosed client session
client_session: <aiohttp.client.ClientSession object at 0x0000016AF7FDEE40>
2026-07-25 18:19:30,409 [INFO] root: Инициализация проекта...
2026-07-25 18:19:30,411 [INFO] root: База данных инициализирована.
2026-07-25 18:19:51,827 [ERROR] asyncio: Unclosed client session
client_session: <aiohttp.client.ClientSession object at 0x000001DE3243EE40>
2026-07-25 18:25:06,502 [INFO] root: Инициализация проекта...
2026-07-25 18:25:06,504 [INFO] root: База данных инициализирована.
2026-07-25 18:25:06,994 [INFO] root: Бот успешно запущен!
2026-07-25 18:25:07,190 [INFO] aiogram.dispatcher: Start polling
2026-07-25 18:25:07,279 [INFO] aiogram.dispatcher: Run polling for bot @vpnjempobot id=8974386075 - 'JempoVPN'
2026-07-25 18:25:20,966 [INFO] aiogram.event: Update id=82034774 is handled. Duration 1084 ms by bot id=8974386075
2026-07-25 18:25:42,098 [INFO] aiogram.event: Update id=82034775 is not handled. Duration 86 ms by bot id=8974386075
2026-07-25 18:25:42,098 [ERROR] aiogram.event: Cause exception while process update id=82034775 by bot id=8974386075
TelegramBadRequest: Telegram server says - Bad Request: there is no text in the message to edit
Traceback (most recent call last):
  File "C:\Users\dzemi\AppData\Local\Python\pythoncore-3.14-64\Lib\site-packages\aiogram\dispatcher\dispatcher.py", line 320, in _process_update
    response = await self.feed_update(bot, update, **kwargs)
               ^^^^^^^^^^^^^^^^^^^^^^^^^^^^^^^^^^^^^^^^^^^^^
  File "C:\Users\dzemi\AppData\Local\Python\pythoncore-3.14-64\Lib\site-packages\aiogram\dispatcher\dispatcher.py", line 164, in feed_update
    response = await self.update.wrap_outer_middleware(
               ^^^^^^^^^^^^^^^^^^^^^^^^^^^^^^^^^^^^^^^^
    ...<7 lines>...
    )
    ^
  File "C:\Users\dzemi\AppData\Local\Python\pythoncore-3.14-64\Lib\site-packages\aiogram\dispatcher\middlewares\error.py", line 27, in __call__
    return await handler(event, data)
           ^^^^^^^^^^^^^^^^^^^^^^^^^^
  File "C:\Users\dzemi\AppData\Local\Python\pythoncore-3.14-64\Lib\site-packages\aiogram\dispatcher\middlewares\user_context.py", line 58, in __call__
    return await handler(event, data)
           ^^^^^^^^^^^^^^^^^^^^^^^^^^
  File "C:\Users\dzemi\AppData\Local\Python\pythoncore-3.14-64\Lib\site-packages\aiogram\fsm\middleware.py", line 43, in __call__
    return await handler(event, data)
           ^^^^^^^^^^^^^^^^^^^^^^^^^^
  File "C:\Users\dzemi\AppData\Local\Python\pythoncore-3.14-64\Lib\site-packages\aiogram\dispatcher\event\telegram.py", line 126, in trigger
    return await wrapped_inner(event, kwargs)
           ^^^^^^^^^^^^^^^^^^^^^^^^^^^^^^^^^^
  File "C:\Users\dzemi\AppData\Local\Python\pythoncore-3.14-64\Lib\site-packages\aiogram\dispatcher\event\handler.py", line 71, in call
    return await wrapped()
           ^^^^^^^^^^^^^^^
  File "C:\Users\dzemi\AppData\Local\Python\pythoncore-3.14-64\Lib\site-packages\aiogram\dispatcher\dispatcher.py", line 283, in _listen_update
    return await self.propagate_event(update_type=update_type, event=event, **kwargs)
           ^^^^^^^^^^^^^^^^^^^^^^^^^^^^^^^^^^^^^^^^^^^^^^^^^^^^^^^^^^^^^^^^^^^^^^^^^^
  File "C:\Users\dzemi\AppData\Local\Python\pythoncore-3.14-64\Lib\site-packages\aiogram\dispatcher\router.py", line 167, in propagate_event
    return await observer.wrap_outer_middleware(_wrapped, event=event, data=kwargs)
           ^^^^^^^^^^^^^^^^^^^^^^^^^^^^^^^^^^^^^^^^^^^^^^^^^^^^^^^^^^^^^^^^^^^^^^^^
  File "C:\Users\dzemi\AppData\Local\Python\pythoncore-3.14-64\Lib\site-packages\aiogram\dispatcher\router.py", line 159, in _wrapped
    return await self._propagate_event(
           ^^^^^^^^^^^^^^^^^^^^^^^^^^^^
    ...<4 lines>...
    )
    ^
  File "C:\Users\dzemi\AppData\Local\Python\pythoncore-3.14-64\Lib\site-packages\aiogram\dispatcher\router.py", line 195, in _propagate_event
    response = await router.propagate_event(update_type=update_type, event=event, **kwargs)
               ^^^^^^^^^^^^^^^^^^^^^^^^^^^^^^^^^^^^^^^^^^^^^^^^^^^^^^^^^^^^^^^^^^^^^^^^^^^^
  File "C:\Users\dzemi\AppData\Local\Python\pythoncore-3.14-64\Lib\site-packages\aiogram\dispatcher\router.py", line 167, in propagate_event
    return await observer.wrap_outer_middleware(_wrapped, event=event, data=kwargs)
           ^^^^^^^^^^^^^^^^^^^^^^^^^^^^^^^^^^^^^^^^^^^^^^^^^^^^^^^^^^^^^^^^^^^^^^^^
  File "C:\Users\dzemi\AppData\Local\Python\pythoncore-3.14-64\Lib\site-packages\aiogram\dispatcher\router.py", line 159, in _wrapped
    return await self._propagate_event(
           ^^^^^^^^^^^^^^^^^^^^^^^^^^^^
    ...<4 lines>...
    )
    ^
  File "C:\Users\dzemi\AppData\Local\Python\pythoncore-3.14-64\Lib\site-packages\aiogram\dispatcher\router.py", line 187, in _propagate_event
    response = await observer.trigger(event, **kwargs)
               ^^^^^^^^^^^^^^^^^^^^^^^^^^^^^^^^^^^^^^^
  File "C:\Users\dzemi\AppData\Local\Python\pythoncore-3.14-64\Lib\site-packages\aiogram\dispatcher\event\telegram.py", line 126, in trigger
    return await wrapped_inner(event, kwargs)
           ^^^^^^^^^^^^^^^^^^^^^^^^^^^^^^^^^^
  File "C:\Users\dzemi\OneDrive\Desktop\VPN_BOT\bot\middlewares\throttling.py", line 28, in __call__
    return await handler(event, data)
           ^^^^^^^^^^^^^^^^^^^^^^^^^^
  File "C:\Users\dzemi\AppData\Local\Python\pythoncore-3.14-64\Lib\site-packages\aiogram\dispatcher\event\handler.py", line 71, in call
    return await wrapped()
           ^^^^^^^^^^^^^^^
  File "C:\Users\dzemi\OneDrive\Desktop\VPN_BOT\bot\handlers\admin.py", line 65, in admin_panel_handler
    await callback.message.edit_text(text, reply_markup=get_admin_menu(), parse_mode="Markdown")
  File "C:\Users\dzemi\AppData\Local\Python\pythoncore-3.14-64\Lib\site-packages\aiogram\methods\base.py", line 82, in emit
    return await bot(self)
           ^^^^^^^^^^^^^^^
  File "C:\Users\dzemi\AppData\Local\Python\pythoncore-3.14-64\Lib\site-packages\aiogram\client\bot.py", line 514, in __call__
    return await self.session(self, method, timeout=request_timeout)
           ^^^^^^^^^^^^^^^^^^^^^^^^^^^^^^^^^^^^^^^^^^^^^^^^^^^^^^^^^
  File "C:\Users\dzemi\AppData\Local\Python\pythoncore-3.14-64\Lib\site-packages\aiogram\client\session\base.py", line 259, in __call__
    return cast(TelegramType, await middleware(bot, method))
                              ^^^^^^^^^^^^^^^^^^^^^^^^^^^^^
  File "C:\Users\dzemi\AppData\Local\Python\pythoncore-3.14-64\Lib\site-packages\aiogram\client\session\aiohttp.py", line 177, in make_request
    response = self.check_response(
        bot=bot,
    ...<2 lines>...
        content=raw_result,
    )
  File "C:\Users\dzemi\AppData\Local\Python\pythoncore-3.14-64\Lib\site-packages\aiogram\client\session\base.py", line 121, in check_response
    raise TelegramBadRequest(method=method, message=description)
aiogram.exceptions.TelegramBadRequest: Telegram server says - Bad Request: there is no text in the message to edit
2026-07-25 18:25:43,432 [INFO] aiogram.event: Update id=82034776 is not handled. Duration 76 ms by bot id=8974386075
2026-07-25 18:25:43,432 [ERROR] aiogram.event: Cause exception while process update id=82034776 by bot id=8974386075
TelegramBadRequest: Telegram server says - Bad Request: there is no text in the message to edit
Traceback (most recent call last):
  File "C:\Users\dzemi\AppData\Local\Python\pythoncore-3.14-64\Lib\site-packages\aiogram\dispatcher\dispatcher.py", line 320, in _process_update
    response = await self.feed_update(bot, update, **kwargs)
               ^^^^^^^^^^^^^^^^^^^^^^^^^^^^^^^^^^^^^^^^^^^^^
  File "C:\Users\dzemi\AppData\Local\Python\pythoncore-3.14-64\Lib\site-packages\aiogram\dispatcher\dispatcher.py", line 164, in feed_update
    response = await self.update.wrap_outer_middleware(
               ^^^^^^^^^^^^^^^^^^^^^^^^^^^^^^^^^^^^^^^^
    ...<7 lines>...
    )
    ^
  File "C:\Users\dzemi\AppData\Local\Python\pythoncore-3.14-64\Lib\site-packages\aiogram\dispatcher\middlewares\error.py", line 27, in __call__
    return await handler(event, data)
           ^^^^^^^^^^^^^^^^^^^^^^^^^^
  File "C:\Users\dzemi\AppData\Local\Python\pythoncore-3.14-64\Lib\site-packages\aiogram\dispatcher\middlewares\user_context.py", line 58, in __call__
    return await handler(event, data)
           ^^^^^^^^^^^^^^^^^^^^^^^^^^
  File "C:\Users\dzemi\AppData\Local\Python\pythoncore-3.14-64\Lib\site-packages\aiogram\fsm\middleware.py", line 43, in __call__
    return await handler(event, data)
           ^^^^^^^^^^^^^^^^^^^^^^^^^^
  File "C:\Users\dzemi\AppData\Local\Python\pythoncore-3.14-64\Lib\site-packages\aiogram\dispatcher\event\telegram.py", line 126, in trigger
    return await wrapped_inner(event, kwargs)
           ^^^^^^^^^^^^^^^^^^^^^^^^^^^^^^^^^^
  File "C:\Users\dzemi\AppData\Local\Python\pythoncore-3.14-64\Lib\site-packages\aiogram\dispatcher\event\handler.py", line 71, in call
    return await wrapped()
           ^^^^^^^^^^^^^^^
  File "C:\Users\dzemi\AppData\Local\Python\pythoncore-3.14-64\Lib\site-packages\aiogram\dispatcher\dispatcher.py", line 283, in _listen_update
    return await self.propagate_event(update_type=update_type, event=event, **kwargs)
           ^^^^^^^^^^^^^^^^^^^^^^^^^^^^^^^^^^^^^^^^^^^^^^^^^^^^^^^^^^^^^^^^^^^^^^^^^^
  File "C:\Users\dzemi\AppData\Local\Python\pythoncore-3.14-64\Lib\site-packages\aiogram\dispatcher\router.py", line 167, in propagate_event
    return await observer.wrap_outer_middleware(_wrapped, event=event, data=kwargs)
           ^^^^^^^^^^^^^^^^^^^^^^^^^^^^^^^^^^^^^^^^^^^^^^^^^^^^^^^^^^^^^^^^^^^^^^^^
  File "C:\Users\dzemi\AppData\Local\Python\pythoncore-3.14-64\Lib\site-packages\aiogram\dispatcher\router.py", line 159, in _wrapped
    return await self._propagate_event(
           ^^^^^^^^^^^^^^^^^^^^^^^^^^^^
    ...<4 lines>...
    )
    ^
  File "C:\Users\dzemi\AppData\Local\Python\pythoncore-3.14-64\Lib\site-packages\aiogram\dispatcher\router.py", line 195, in _propagate_event
    response = await router.propagate_event(update_type=update_type, event=event, **kwargs)
               ^^^^^^^^^^^^^^^^^^^^^^^^^^^^^^^^^^^^^^^^^^^^^^^^^^^^^^^^^^^^^^^^^^^^^^^^^^^^
  File "C:\Users\dzemi\AppData\Local\Python\pythoncore-3.14-64\Lib\site-packages\aiogram\dispatcher\router.py", line 167, in propagate_event
    return await observer.wrap_outer_middleware(_wrapped, event=event, data=kwargs)
           ^^^^^^^^^^^^^^^^^^^^^^^^^^^^^^^^^^^^^^^^^^^^^^^^^^^^^^^^^^^^^^^^^^^^^^^^
  File "C:\Users\dzemi\AppData\Local\Python\pythoncore-3.14-64\Lib\site-packages\aiogram\dispatcher\router.py", line 159, in _wrapped
    return await self._propagate_event(
           ^^^^^^^^^^^^^^^^^^^^^^^^^^^^
    ...<4 lines>...
    )
    ^
  File "C:\Users\dzemi\AppData\Local\Python\pythoncore-3.14-64\Lib\site-packages\aiogram\dispatcher\router.py", line 187, in _propagate_event
    response = await observer.trigger(event, **kwargs)
               ^^^^^^^^^^^^^^^^^^^^^^^^^^^^^^^^^^^^^^^
  File "C:\Users\dzemi\AppData\Local\Python\pythoncore-3.14-64\Lib\site-packages\aiogram\dispatcher\event\telegram.py", line 126, in trigger
    return await wrapped_inner(event, kwargs)
           ^^^^^^^^^^^^^^^^^^^^^^^^^^^^^^^^^^
  File "C:\Users\dzemi\OneDrive\Desktop\VPN_BOT\bot\middlewares\throttling.py", line 28, in __call__
    return await handler(event, data)
           ^^^^^^^^^^^^^^^^^^^^^^^^^^
  File "C:\Users\dzemi\AppData\Local\Python\pythoncore-3.14-64\Lib\site-packages\aiogram\dispatcher\event\handler.py", line 71, in call
    return await wrapped()
           ^^^^^^^^^^^^^^^
  File "C:\Users\dzemi\OneDrive\Desktop\VPN_BOT\bot\handlers\admin.py", line 65, in admin_panel_handler
    await callback.message.edit_text(text, reply_markup=get_admin_menu(), parse_mode="Markdown")
  File "C:\Users\dzemi\AppData\Local\Python\pythoncore-3.14-64\Lib\site-packages\aiogram\methods\base.py", line 82, in emit
    return await bot(self)
           ^^^^^^^^^^^^^^^
  File "C:\Users\dzemi\AppData\Local\Python\pythoncore-3.14-64\Lib\site-packages\aiogram\client\bot.py", line 514, in __call__
    return await self.session(self, method, timeout=request_timeout)
           ^^^^^^^^^^^^^^^^^^^^^^^^^^^^^^^^^^^^^^^^^^^^^^^^^^^^^^^^^
  File "C:\Users\dzemi\AppData\Local\Python\pythoncore-3.14-64\Lib\site-packages\aiogram\client\session\base.py", line 259, in __call__
    return cast(TelegramType, await middleware(bot, method))
                              ^^^^^^^^^^^^^^^^^^^^^^^^^^^^^
  File "C:\Users\dzemi\AppData\Local\Python\pythoncore-3.14-64\Lib\site-packages\aiogram\client\session\aiohttp.py", line 177, in make_request
    response = self.check_response(
        bot=bot,
    ...<2 lines>...
        content=raw_result,
    )
  File "C:\Users\dzemi\AppData\Local\Python\pythoncore-3.14-64\Lib\site-packages\aiogram\client\session\base.py", line 121, in check_response
    raise TelegramBadRequest(method=method, message=description)
aiogram.exceptions.TelegramBadRequest: Telegram server says - Bad Request: there is no text in the message to edit
2026-07-25 18:28:41,038 [INFO] aiogram.dispatcher: Polling stopped
2026-07-25 18:28:41,038 [ERROR] aiogram.dispatcher: Failed to fetch updates - TelegramNetworkError: HTTP Client says - ServerDisconnectedError: Server disconnected
2026-07-25 18:28:41,039 [WARNING] aiogram.dispatcher: Sleep for 1.000000 seconds and try again... (tryings = 0, bot id = 8974386075)
2026-07-25 18:28:41,290 [INFO] aiogram.dispatcher: Polling stopped for bot @vpnjempobot id=8974386075 - 'JempoVPN'
2026-07-25 18:28:47,044 [INFO] root: Инициализация проекта...
2026-07-25 18:28:47,045 [INFO] root: База данных инициализирована.
2026-07-25 18:28:47,508 [INFO] root: Бот успешно запущен!
2026-07-25 18:28:47,679 [INFO] aiogram.dispatcher: Start polling
2026-07-25 18:28:47,758 [INFO] aiogram.dispatcher: Run polling for bot @vpnjempobot id=8974386075 - 'JempoVPN'
2026-07-25 18:29:19,179 [INFO] aiogram.event: Update id=82034777 is handled. Duration 1292 ms by bot id=8974386075
2026-07-25 18:29:22,489 [INFO] aiogram.event: Update id=82034778 is handled. Duration 728 ms by bot id=8974386075
2026-07-25 18:29:36,925 [INFO] aiogram.event: Update id=82034779 is handled. Duration 258 ms by bot id=8974386075
2026-07-25 19:56:08,277 [INFO] aiogram.event: Update id=82034780 is handled. Duration 1142 ms by bot id=8974386075
2026-07-25 19:56:13,156 [INFO] aiogram.event: Update id=82034781 is handled. Duration 601 ms by bot id=8974386075
2026-07-25 19:56:14,485 [INFO] aiogram.event: Update id=82034782 is handled. Duration 294 ms by bot id=8974386075
2026-07-25 19:56:18,563 [INFO] aiogram.event: Update id=82034783 is handled. Duration 538 ms by bot id=8974386075
2026-07-25 20:20:03,594 [INFO] aiogram.event: Update id=82034784 is handled. Duration 390 ms by bot id=8974386075
2026-07-25 20:20:06,812 [INFO] aiogram.event: Update id=82034785 is handled. Duration 146 ms by bot id=8974386075
2026-07-25 20:20:09,229 [INFO] aiogram.event: Update id=82034786 is handled. Duration 344 ms by bot id=8974386075
2026-07-25 20:20:15,065 [INFO] aiogram.event: Update id=82034787 is handled. Duration 537 ms by bot id=8974386075
2026-07-25 20:20:19,626 [INFO] aiogram.event: Update id=82034788 is handled. Duration 353 ms by bot id=8974386075
2026-07-25 20:20:23,505 [INFO] aiogram.event: Update id=82034789 is handled. Duration 502 ms by bot id=8974386075
2026-07-25 20:26:08,099 [INFO] aiogram.event: Update id=82034790 is handled. Duration 329 ms by bot id=8974386075
2026-07-25 20:26:15,377 [INFO] aiogram.event: Update id=82034791 is handled. Duration 187 ms by bot id=8974386075
2026-07-25 20:26:23,936 [INFO] aiogram.event: Update id=82034792 is handled. Duration 496 ms by bot id=8974386075
2026-07-25 21:53:01,626 [ERROR] aiogram.dispatcher: Failed to fetch updates - TelegramNetworkError: HTTP Client says - ClientOSError: [WinError 1236] Подключение к сети было разорвано локальной системой
2026-07-25 21:53:01,710 [WARNING] aiogram.dispatcher: Sleep for 1.000000 seconds and try again... (tryings = 0, bot id = 8974386075)
2026-07-25 21:53:23,728 [ERROR] aiogram.dispatcher: Failed to fetch updates - TelegramNetworkError: HTTP Client says - ClientConnectorError: Cannot connect to host api.telegram.org:443 ssl:default [Multiple exceptions: [WinError 1231] Сетевая папка недоступна. За информацией о разрешении проблем в сети обратитесь к справочной системе Windows, [WinError 121] Превышен таймаут семафора]
2026-07-25 21:53:23,728 [WARNING] aiogram.dispatcher: Sleep for 1.134288 seconds and try again... (tryings = 1, bot id = 8974386075)
2026-07-25 21:53:45,867 [ERROR] aiogram.dispatcher: Failed to fetch updates - TelegramNetworkError: HTTP Client says - ClientConnectorError: Cannot connect to host api.telegram.org:443 ssl:default [Multiple exceptions: [WinError 121] Превышен таймаут семафора, [WinError 1231] Сетевая папка недоступна. За информацией о разрешении проблем в сети обратитесь к справочной системе Windows]
2026-07-25 21:53:45,867 [WARNING] aiogram.dispatcher: Sleep for 1.392921 seconds and try again... (tryings = 2, bot id = 8974386075)
2026-07-25 21:54:08,264 [ERROR] aiogram.dispatcher: Failed to fetch updates - TelegramNetworkError: HTTP Client says - ClientConnectorError: Cannot connect to host api.telegram.org:443 ssl:default [Multiple exceptions: [WinError 1231] Сетевая папка недоступна. За информацией о разрешении проблем в сети обратитесь к справочной системе Windows, [WinError 121] Превышен таймаут семафора]
2026-07-25 21:54:08,264 [WARNING] aiogram.dispatcher: Sleep for 1.894829 seconds and try again... (tryings = 3, bot id = 8974386075)
2026-07-25 21:54:31,165 [ERROR] aiogram.dispatcher: Failed to fetch updates - TelegramNetworkError: HTTP Client says - ClientConnectorError: Cannot connect to host api.telegram.org:443 ssl:default [Multiple exceptions: [WinError 121] Превышен таймаут семафора, [WinError 1231] Сетевая папка недоступна. За информацией о разрешении проблем в сети обратитесь к справочной системе Windows]
2026-07-25 21:54:31,165 [WARNING] aiogram.dispatcher: Sleep for 2.503661 seconds and try again... (tryings = 4, bot id = 8974386075)
2026-07-25 21:54:54,673 [ERROR] aiogram.dispatcher: Failed to fetch updates - TelegramNetworkError: HTTP Client says - ClientConnectorError: Cannot connect to host api.telegram.org:443 ssl:default [Multiple exceptions: [WinError 1231] Сетевая папка недоступна. За информацией о разрешении проблем в сети обратитесь к справочной системе Windows, [WinError 121] Превышен таймаут семафора]
2026-07-25 21:54:54,674 [WARNING] aiogram.dispatcher: Sleep for 3.140391 seconds and try again... (tryings = 5, bot id = 8974386075)
2026-07-25 21:55:18,821 [ERROR] aiogram.dispatcher: Failed to fetch updates - TelegramNetworkError: HTTP Client says - ClientConnectorError: Cannot connect to host api.telegram.org:443 ssl:default [Multiple exceptions: [WinError 121] Превышен таймаут семафора, [WinError 1231] Сетевая папка недоступна. За информацией о разрешении проблем в сети обратитесь к справочной системе Windows]
2026-07-25 21:55:18,821 [WARNING] aiogram.dispatcher: Sleep for 4.222146 seconds and try again... (tryings = 6, bot id = 8974386075)
2026-07-25 21:55:44,047 [ERROR] aiogram.dispatcher: Failed to fetch updates - TelegramNetworkError: HTTP Client says - ClientConnectorError: Cannot connect to host api.telegram.org:443 ssl:default [Multiple exceptions: [WinError 1231] Сетевая папка недоступна. За информацией о разрешении проблем в сети обратитесь к справочной системе Windows, [WinError 121] Превышен таймаут семафора]
2026-07-25 21:55:44,047 [WARNING] aiogram.dispatcher: Sleep for 4.950699 seconds and try again... (tryings = 7, bot id = 8974386075)
2026-07-25 21:56:10,003 [ERROR] aiogram.dispatcher: Failed to fetch updates - TelegramNetworkError: HTTP Client says - ClientConnectorError: Cannot connect to host api.telegram.org:443 ssl:default [Multiple exceptions: [WinError 121] Превышен таймаут семафора, [WinError 1231] Сетевая папка недоступна. За информацией о разрешении проблем в сети обратитесь к справочной системе Windows]
2026-07-25 21:56:10,004 [WARNING] aiogram.dispatcher: Sleep for 4.898391 seconds and try again... (tryings = 8, bot id = 8974386075)
2026-07-25 21:56:35,905 [ERROR] aiogram.dispatcher: Failed to fetch updates - TelegramNetworkError: HTTP Client says - ClientConnectorError: Cannot connect to host api.telegram.org:443 ssl:default [Multiple exceptions: [WinError 1231] Сетевая папка недоступна. За информацией о разрешении проблем в сети обратитесь к справочной системе Windows, [WinError 121] Превышен таймаут семафора]
2026-07-25 21:56:35,906 [WARNING] aiogram.dispatcher: Sleep for 4.959995 seconds and try again... (tryings = 9, bot id = 8974386075)
2026-07-25 21:57:01,872 [ERROR] aiogram.dispatcher: Failed to fetch updates - TelegramNetworkError: HTTP Client says - ClientConnectorError: Cannot connect to host api.telegram.org:443 ssl:default [Превышен таймаут семафора]
2026-07-25 21:57:01,873 [WARNING] aiogram.dispatcher: Sleep for 4.870570 seconds and try again... (tryings = 10, bot id = 8974386075)
2026-07-25 21:57:27,749 [ERROR] aiogram.dispatcher: Failed to fetch updates - TelegramNetworkError: HTTP Client says - ClientConnectorError: Cannot connect to host api.telegram.org:443 ssl:default [Превышен таймаут семафора]
2026-07-25 21:57:27,749 [WARNING] aiogram.dispatcher: Sleep for 4.859330 seconds and try again... (tryings = 11, bot id = 8974386075)
2026-07-25 21:57:53,612 [ERROR] aiogram.dispatcher: Failed to fetch updates - TelegramNetworkError: HTTP Client says - ClientConnectorError: Cannot connect to host api.telegram.org:443 ssl:default [Превышен таймаут семафора]
2026-07-25 21:57:53,613 [WARNING] aiogram.dispatcher: Sleep for 4.962914 seconds and try again... (tryings = 12, bot id = 8974386075)
2026-07-25 21:58:19,578 [ERROR] aiogram.dispatcher: Failed to fetch updates - TelegramNetworkError: HTTP Client says - ClientConnectorError: Cannot connect to host api.telegram.org:443 ssl:default [Превышен таймаут семафора]
2026-07-25 21:58:19,578 [WARNING] aiogram.dispatcher: Sleep for 5.168821 seconds and try again... (tryings = 13, bot id = 8974386075)
2026-07-25 21:58:45,753 [ERROR] aiogram.dispatcher: Failed to fetch updates - TelegramNetworkError: HTTP Client says - ClientConnectorError: Cannot connect to host api.telegram.org:443 ssl:default [Превышен таймаут семафора]
2026-07-25 21:58:45,753 [WARNING] aiogram.dispatcher: Sleep for 5.066119 seconds and try again... (tryings = 14, bot id = 8974386075)
2026-07-25 21:59:11,824 [ERROR] aiogram.dispatcher: Failed to fetch updates - TelegramNetworkError: HTTP Client says - ClientConnectorError: Cannot connect to host api.telegram.org:443 ssl:default [Превышен таймаут семафора]
2026-07-25 21:59:11,824 [WARNING] aiogram.dispatcher: Sleep for 5.143830 seconds and try again... (tryings = 15, bot id = 8974386075)
2026-07-25 21:59:37,972 [ERROR] aiogram.dispatcher: Failed to fetch updates - TelegramNetworkError: HTTP Client says - ClientConnectorError: Cannot connect to host api.telegram.org:443 ssl:default [Превышен таймаут семафора]
2026-07-25 21:59:37,972 [WARNING] aiogram.dispatcher: Sleep for 5.094503 seconds and try again... (tryings = 16, bot id = 8974386075)
2026-07-25 22:00:04,073 [ERROR] aiogram.dispatcher: Failed to fetch updates - TelegramNetworkError: HTTP Client says - ClientConnectorError: Cannot connect to host api.telegram.org:443 ssl:default [Превышен таймаут семафора]
2026-07-25 22:00:04,073 [WARNING] aiogram.dispatcher: Sleep for 5.082249 seconds and try again... (tryings = 17, bot id = 8974386075)
2026-07-25 22:00:30,160 [ERROR] aiogram.dispatcher: Failed to fetch updates - TelegramNetworkError: HTTP Client says - ClientConnectorError: Cannot connect to host api.telegram.org:443 ssl:default [Превышен таймаут семафора]
2026-07-25 22:00:30,160 [WARNING] aiogram.dispatcher: Sleep for 5.000442 seconds and try again... (tryings = 18, bot id = 8974386075)
2026-07-25 22:00:56,164 [ERROR] aiogram.dispatcher: Failed to fetch updates - TelegramNetworkError: HTTP Client says - ClientConnectorError: Cannot connect to host api.telegram.org:443 ssl:default [Превышен таймаут семафора]
2026-07-25 22:00:56,164 [WARNING] aiogram.dispatcher: Sleep for 5.023903 seconds and try again... (tryings = 19, bot id = 8974386075)
2026-07-25 22:01:22,194 [ERROR] aiogram.dispatcher: Failed to fetch updates - TelegramNetworkError: HTTP Client says - ClientConnectorError: Cannot connect to host api.telegram.org:443 ssl:default [Превышен таймаут семафора]
2026-07-25 22:01:22,194 [WARNING] aiogram.dispatcher: Sleep for 5.044379 seconds and try again... (tryings = 20, bot id = 8974386075)
2026-07-25 22:01:48,243 [ERROR] aiogram.dispatcher: Failed to fetch updates - TelegramNetworkError: HTTP Client says - ClientConnectorError: Cannot connect to host api.telegram.org:443 ssl:default [Превышен таймаут семафора]
2026-07-25 22:01:48,243 [WARNING] aiogram.dispatcher: Sleep for 5.052907 seconds and try again... (tryings = 21, bot id = 8974386075)
2026-07-25 22:02:14,300 [ERROR] aiogram.dispatcher: Failed to fetch updates - TelegramNetworkError: HTTP Client says - ClientConnectorError: Cannot connect to host api.telegram.org:443 ssl:default [Превышен таймаут семафора]
2026-07-25 22:02:14,301 [WARNING] aiogram.dispatcher: Sleep for 5.070199 seconds and try again... (tryings = 22, bot id = 8974386075)
2026-07-25 22:02:40,375 [ERROR] aiogram.dispatcher: Failed to fetch updates - TelegramNetworkError: HTTP Client says - ClientConnectorError: Cannot connect to host api.telegram.org:443 ssl:default [Превышен таймаут семафора]
2026-07-25 22:02:40,375 [WARNING] aiogram.dispatcher: Sleep for 5.106710 seconds and try again... (tryings = 23, bot id = 8974386075)
2026-07-25 22:03:06,485 [ERROR] aiogram.dispatcher: Failed to fetch updates - TelegramNetworkError: HTTP Client says - ClientConnectorError: Cannot connect to host api.telegram.org:443 ssl:default [Превышен таймаут семафора]
2026-07-25 22:03:06,485 [WARNING] aiogram.dispatcher: Sleep for 4.967473 seconds and try again... (tryings = 24, bot id = 8974386075)
2026-07-25 22:03:32,456 [ERROR] aiogram.dispatcher: Failed to fetch updates - TelegramNetworkError: HTTP Client says - ClientConnectorError: Cannot connect to host api.telegram.org:443 ssl:default [Превышен таймаут семафора]
2026-07-25 22:03:32,456 [WARNING] aiogram.dispatcher: Sleep for 4.936730 seconds and try again... (tryings = 25, bot id = 8974386075)
2026-07-25 22:03:58,397 [ERROR] aiogram.dispatcher: Failed to fetch updates - TelegramNetworkError: HTTP Client says - ClientConnectorError: Cannot connect to host api.telegram.org:443 ssl:default [Превышен таймаут семафора]
2026-07-25 22:03:58,397 [WARNING] aiogram.dispatcher: Sleep for 4.858806 seconds and try again... (tryings = 26, bot id = 8974386075)
2026-07-25 22:04:24,260 [ERROR] aiogram.dispatcher: Failed to fetch updates - TelegramNetworkError: HTTP Client says - ClientConnectorError: Cannot connect to host api.telegram.org:443 ssl:default [Превышен таймаут семафора]
2026-07-25 22:04:24,260 [WARNING] aiogram.dispatcher: Sleep for 4.809390 seconds and try again... (tryings = 27, bot id = 8974386075)
2026-07-25 22:04:50,072 [ERROR] aiogram.dispatcher: Failed to fetch updates - TelegramNetworkError: HTTP Client says - ClientConnectorError: Cannot connect to host api.telegram.org:443 ssl:default [Превышен таймаут семафора]
2026-07-25 22:04:50,073 [WARNING] aiogram.dispatcher: Sleep for 4.940971 seconds and try again... (tryings = 28, bot id = 8974386075)
2026-07-25 22:05:16,018 [ERROR] aiogram.dispatcher: Failed to fetch updates - TelegramNetworkError: HTTP Client says - ClientConnectorError: Cannot connect to host api.telegram.org:443 ssl:default [Превышен таймаут семафора]
2026-07-25 22:05:16,018 [WARNING] aiogram.dispatcher: Sleep for 4.811370 seconds and try again... (tryings = 29, bot id = 8974386075)
2026-07-25 22:05:41,832 [ERROR] aiogram.dispatcher: Failed to fetch updates - TelegramNetworkError: HTTP Client says - ClientConnectorError: Cannot connect to host api.telegram.org:443 ssl:default [Превышен таймаут семафора]
2026-07-25 22:05:41,832 [WARNING] aiogram.dispatcher: Sleep for 5.126803 seconds and try again... (tryings = 30, bot id = 8974386075)
2026-07-25 22:06:07,962 [ERROR] aiogram.dispatcher: Failed to fetch updates - TelegramNetworkError: HTTP Client says - ClientConnectorError: Cannot connect to host api.telegram.org:443 ssl:default [Превышен таймаут семафора]
2026-07-25 22:06:07,963 [WARNING] aiogram.dispatcher: Sleep for 4.844373 seconds and try again... (tryings = 31, bot id = 8974386075)
2026-07-25 22:06:33,810 [ERROR] aiogram.dispatcher: Failed to fetch updates - TelegramNetworkError: HTTP Client says - ClientConnectorError: Cannot connect to host api.telegram.org:443 ssl:default [Превышен таймаут семафора]
2026-07-25 22:06:33,810 [WARNING] aiogram.dispatcher: Sleep for 4.810608 seconds and try again... (tryings = 32, bot id = 8974386075)
2026-07-25 22:06:59,627 [ERROR] aiogram.dispatcher: Failed to fetch updates - TelegramNetworkError: HTTP Client says - ClientConnectorError: Cannot connect to host api.telegram.org:443 ssl:default [Превышен таймаут семафора]
2026-07-25 22:06:59,627 [WARNING] aiogram.dispatcher: Sleep for 4.980336 seconds and try again... (tryings = 33, bot id = 8974386075)
2026-07-25 22:07:25,612 [ERROR] aiogram.dispatcher: Failed to fetch updates - TelegramNetworkError: HTTP Client says - ClientConnectorError: Cannot connect to host api.telegram.org:443 ssl:default [Превышен таймаут семафора]
2026-07-25 22:07:25,612 [WARNING] aiogram.dispatcher: Sleep for 4.957277 seconds and try again... (tryings = 34, bot id = 8974386075)
2026-07-25 22:07:51,572 [ERROR] aiogram.dispatcher: Failed to fetch updates - TelegramNetworkError: HTTP Client says - ClientConnectorError: Cannot connect to host api.telegram.org:443 ssl:default [Превышен таймаут семафора]
2026-07-25 22:07:51,573 [WARNING] aiogram.dispatcher: Sleep for 4.975888 seconds and try again... (tryings = 35, bot id = 8974386075)
2026-07-25 22:08:17,553 [ERROR] aiogram.dispatcher: Failed to fetch updates - TelegramNetworkError: HTTP Client says - ClientConnectorError: Cannot connect to host api.telegram.org:443 ssl:default [Превышен таймаут семафора]
2026-07-25 22:08:17,553 [WARNING] aiogram.dispatcher: Sleep for 4.921594 seconds and try again... (tryings = 36, bot id = 8974386075)
2026-07-25 22:08:43,478 [ERROR] aiogram.dispatcher: Failed to fetch updates - TelegramNetworkError: HTTP Client says - ClientConnectorError: Cannot connect to host api.telegram.org:443 ssl:default [Превышен таймаут семафора]
2026-07-25 22:08:43,478 [WARNING] aiogram.dispatcher: Sleep for 4.949120 seconds and try again... (tryings = 37, bot id = 8974386075)
2026-07-25 22:09:09,431 [ERROR] aiogram.dispatcher: Failed to fetch updates - TelegramNetworkError: HTTP Client says - ClientConnectorError: Cannot connect to host api.telegram.org:443 ssl:default [Превышен таймаут семафора]
2026-07-25 22:09:09,432 [WARNING] aiogram.dispatcher: Sleep for 4.943280 seconds and try again... (tryings = 38, bot id = 8974386075)
2026-07-25 22:09:35,379 [ERROR] aiogram.dispatcher: Failed to fetch updates - TelegramNetworkError: HTTP Client says - ClientConnectorError: Cannot connect to host api.telegram.org:443 ssl:default [Превышен таймаут семафора]
2026-07-25 22:09:35,380 [WARNING] aiogram.dispatcher: Sleep for 5.047962 seconds and try again... (tryings = 39, bot id = 8974386075)
2026-07-25 22:10:01,432 [ERROR] aiogram.dispatcher: Failed to fetch updates - TelegramNetworkError: HTTP Client says - ClientConnectorError: Cannot connect to host api.telegram.org:443 ssl:default [Превышен таймаут семафора]
2026-07-25 22:10:01,432 [WARNING] aiogram.dispatcher: Sleep for 5.085155 seconds and try again... (tryings = 40, bot id = 8974386075)
2026-07-25 22:10:27,521 [ERROR] aiogram.dispatcher: Failed to fetch updates - TelegramNetworkError: HTTP Client says - ClientConnectorError: Cannot connect to host api.telegram.org:443 ssl:default [Превышен таймаут семафора]
2026-07-25 22:10:27,521 [WARNING] aiogram.dispatcher: Sleep for 5.177088 seconds and try again... (tryings = 41, bot id = 8974386075)
2026-07-25 22:10:53,703 [ERROR] aiogram.dispatcher: Failed to fetch updates - TelegramNetworkError: HTTP Client says - ClientConnectorError: Cannot connect to host api.telegram.org:443 ssl:default [Превышен таймаут семафора]
2026-07-25 22:10:53,703 [WARNING] aiogram.dispatcher: Sleep for 4.945670 seconds and try again... (tryings = 42, bot id = 8974386075)
2026-07-25 22:11:19,655 [ERROR] aiogram.dispatcher: Failed to fetch updates - TelegramNetworkError: HTTP Client says - ClientConnectorError: Cannot connect to host api.telegram.org:443 ssl:default [Превышен таймаут семафора]
2026-07-25 22:11:19,655 [WARNING] aiogram.dispatcher: Sleep for 5.082023 seconds and try again... (tryings = 43, bot id = 8974386075)
2026-07-25 22:11:45,742 [ERROR] aiogram.dispatcher: Failed to fetch updates - TelegramNetworkError: HTTP Client says - ClientConnectorError: Cannot connect to host api.telegram.org:443 ssl:default [Превышен таймаут семафора]
2026-07-25 22:11:45,744 [WARNING] aiogram.dispatcher: Sleep for 4.858748 seconds and try again... (tryings = 44, bot id = 8974386075)
2026-07-25 22:12:11,609 [ERROR] aiogram.dispatcher: Failed to fetch updates - TelegramNetworkError: HTTP Client says - ClientConnectorError: Cannot connect to host api.telegram.org:443 ssl:default [Превышен таймаут семафора]
2026-07-25 22:12:11,610 [WARNING] aiogram.dispatcher: Sleep for 4.931105 seconds and try again... (tryings = 45, bot id = 8974386075)
2026-07-25 22:12:37,545 [ERROR] aiogram.dispatcher: Failed to fetch updates - TelegramNetworkError: HTTP Client says - ClientConnectorError: Cannot connect to host api.telegram.org:443 ssl:default [Превышен таймаут семафора]
2026-07-25 22:12:37,545 [WARNING] aiogram.dispatcher: Sleep for 5.010749 seconds and try again... (tryings = 46, bot id = 8974386075)
2026-07-25 22:13:03,560 [ERROR] aiogram.dispatcher: Failed to fetch updates - TelegramNetworkError: HTTP Client says - ClientConnectorError: Cannot connect to host api.telegram.org:443 ssl:default [Превышен таймаут семафора]
2026-07-25 22:13:03,560 [WARNING] aiogram.dispatcher: Sleep for 4.901124 seconds and try again... (tryings = 47, bot id = 8974386075)
2026-07-25 22:13:29,464 [ERROR] aiogram.dispatcher: Failed to fetch updates - TelegramNetworkError: HTTP Client says - ClientConnectorError: Cannot connect to host api.telegram.org:443 ssl:default [Превышен таймаут семафора]
2026-07-25 22:13:29,465 [WARNING] aiogram.dispatcher: Sleep for 4.898510 seconds and try again... (tryings = 48, bot id = 8974386075)
2026-07-25 22:13:55,367 [ERROR] aiogram.dispatcher: Failed to fetch updates - TelegramNetworkError: HTTP Client says - ClientConnectorError: Cannot connect to host api.telegram.org:443 ssl:default [Превышен таймаут семафора]
2026-07-25 22:13:55,368 [WARNING] aiogram.dispatcher: Sleep for 4.958586 seconds and try again... (tryings = 49, bot id = 8974386075)
2026-07-25 22:14:21,333 [ERROR] aiogram.dispatcher: Failed to fetch updates - TelegramNetworkError: HTTP Client says - ClientConnectorError: Cannot connect to host api.telegram.org:443 ssl:default [Превышен таймаут семафора]
2026-07-25 22:14:21,333 [WARNING] aiogram.dispatcher: Sleep for 5.071419 seconds and try again... (tryings = 50, bot id = 8974386075)
2026-07-25 22:14:47,407 [ERROR] aiogram.dispatcher: Failed to fetch updates - TelegramNetworkError: HTTP Client says - ClientConnectorError: Cannot connect to host api.telegram.org:443 ssl:default [Превышен таймаут семафора]
2026-07-25 22:14:47,410 [WARNING] aiogram.dispatcher: Sleep for 5.055293 seconds and try again... (tryings = 51, bot id = 8974386075)
2026-07-25 22:15:13,472 [ERROR] aiogram.dispatcher: Failed to fetch updates - TelegramNetworkError: HTTP Client says - ClientConnectorError: Cannot connect to host api.telegram.org:443 ssl:default [Превышен таймаут семафора]
2026-07-25 22:15:13,472 [WARNING] aiogram.dispatcher: Sleep for 4.973432 seconds and try again... (tryings = 52, bot id = 8974386075)
2026-07-25 22:15:39,450 [ERROR] aiogram.dispatcher: Failed to fetch updates - TelegramNetworkError: HTTP Client says - ClientConnectorError: Cannot connect to host api.telegram.org:443 ssl:default [Превышен таймаут семафора]
2026-07-25 22:15:39,450 [WARNING] aiogram.dispatcher: Sleep for 5.155571 seconds and try again... (tryings = 53, bot id = 8974386075)
2026-07-25 22:16:05,610 [ERROR] aiogram.dispatcher: Failed to fetch updates - TelegramNetworkError: HTTP Client says - ClientConnectorError: Cannot connect to host api.telegram.org:443 ssl:default [Превышен таймаут семафора]
2026-07-25 22:16:05,610 [WARNING] aiogram.dispatcher: Sleep for 5.070699 seconds and try again... (tryings = 54, bot id = 8974386075)
2026-07-25 22:16:31,685 [ERROR] aiogram.dispatcher: Failed to fetch updates - TelegramNetworkError: HTTP Client says - ClientConnectorError: Cannot connect to host api.telegram.org:443 ssl:default [Превышен таймаут семафора]
2026-07-25 22:16:31,686 [WARNING] aiogram.dispatcher: Sleep for 4.994183 seconds and try again... (tryings = 55, bot id = 8974386075)
2026-07-25 22:16:57,682 [ERROR] aiogram.dispatcher: Failed to fetch updates - TelegramNetworkError: HTTP Client says - ClientConnectorError: Cannot connect to host api.telegram.org:443 ssl:default [Превышен таймаут семафора]
2026-07-25 22:16:57,683 [WARNING] aiogram.dispatcher: Sleep for 4.973186 seconds and try again... (tryings = 56, bot id = 8974386075)
2026-07-25 22:17:23,659 [ERROR] aiogram.dispatcher: Failed to fetch updates - TelegramNetworkError: HTTP Client says - ClientConnectorError: Cannot connect to host api.telegram.org:443 ssl:default [Превышен таймаут семафора]
2026-07-25 22:17:23,659 [WARNING] aiogram.dispatcher: Sleep for 4.859143 seconds and try again... (tryings = 57, bot id = 8974386075)
2026-07-25 22:17:49,521 [ERROR] aiogram.dispatcher: Failed to fetch updates - TelegramNetworkError: HTTP Client says - ClientConnectorError: Cannot connect to host api.telegram.org:443 ssl:default [Превышен таймаут семафора]
2026-07-25 22:17:49,521 [WARNING] aiogram.dispatcher: Sleep for 4.985838 seconds and try again... (tryings = 58, bot id = 8974386075)
2026-07-25 22:18:15,511 [ERROR] aiogram.dispatcher: Failed to fetch updates - TelegramNetworkError: HTTP Client says - ClientConnectorError: Cannot connect to host api.telegram.org:443 ssl:default [Превышен таймаут семафора]
2026-07-25 22:18:15,511 [WARNING] aiogram.dispatcher: Sleep for 5.195144 seconds and try again... (tryings = 59, bot id = 8974386075)
2026-07-25 22:18:41,710 [ERROR] aiogram.dispatcher: Failed to fetch updates - TelegramNetworkError: HTTP Client says - ClientConnectorError: Cannot connect to host api.telegram.org:443 ssl:default [Превышен таймаут семафора]
2026-07-25 22:18:41,710 [WARNING] aiogram.dispatcher: Sleep for 5.003962 seconds and try again... (tryings = 60, bot id = 8974386075)
2026-07-25 22:19:07,719 [ERROR] aiogram.dispatcher: Failed to fetch updates - TelegramNetworkError: HTTP Client says - ClientConnectorError: Cannot connect to host api.telegram.org:443 ssl:default [Превышен таймаут семафора]
2026-07-25 22:19:07,720 [WARNING] aiogram.dispatcher: Sleep for 5.062486 seconds and try again... (tryings = 61, bot id = 8974386075)
2026-07-25 22:19:33,786 [ERROR] aiogram.dispatcher: Failed to fetch updates - TelegramNetworkError: HTTP Client says - ClientConnectorError: Cannot connect to host api.telegram.org:443 ssl:default [Превышен таймаут семафора]
2026-07-25 22:19:33,787 [WARNING] aiogram.dispatcher: Sleep for 5.167538 seconds and try again... (tryings = 62, bot id = 8974386075)
2026-07-25 22:19:59,959 [ERROR] aiogram.dispatcher: Failed to fetch updates - TelegramNetworkError: HTTP Client says - ClientConnectorError: Cannot connect to host api.telegram.org:443 ssl:default [Превышен таймаут семафора]
2026-07-25 22:19:59,959 [WARNING] aiogram.dispatcher: Sleep for 5.108891 seconds and try again... (tryings = 63, bot id = 8974386075)
2026-07-25 22:20:26,071 [ERROR] aiogram.dispatcher: Failed to fetch updates - TelegramNetworkError: HTTP Client says - ClientConnectorError: Cannot connect to host api.telegram.org:443 ssl:default [Превышен таймаут семафора]
2026-07-25 22:20:26,071 [WARNING] aiogram.dispatcher: Sleep for 4.930039 seconds and try again... (tryings = 64, bot id = 8974386075)
2026-07-25 22:20:52,006 [ERROR] aiogram.dispatcher: Failed to fetch updates - TelegramNetworkError: HTTP Client says - ClientConnectorError: Cannot connect to host api.telegram.org:443 ssl:default [Превышен таймаут семафора]
2026-07-25 22:20:52,006 [WARNING] aiogram.dispatcher: Sleep for 4.952665 seconds and try again... (tryings = 65, bot id = 8974386075)
2026-07-25 22:21:17,962 [ERROR] aiogram.dispatcher: Failed to fetch updates - TelegramNetworkError: HTTP Client says - ClientConnectorError: Cannot connect to host api.telegram.org:443 ssl:default [Превышен таймаут семафора]
2026-07-25 22:21:17,963 [WARNING] aiogram.dispatcher: Sleep for 4.854423 seconds and try again... (tryings = 66, bot id = 8974386075)
2026-07-25 22:21:43,822 [ERROR] aiogram.dispatcher: Failed to fetch updates - TelegramNetworkError: HTTP Client says - ClientConnectorError: Cannot connect to host api.telegram.org:443 ssl:default [Превышен таймаут семафора]
2026-07-25 22:21:43,823 [WARNING] aiogram.dispatcher: Sleep for 5.086414 seconds and try again... (tryings = 67, bot id = 8974386075)
2026-07-25 22:22:09,913 [ERROR] aiogram.dispatcher: Failed to fetch updates - TelegramNetworkError: HTTP Client says - ClientConnectorError: Cannot connect to host api.telegram.org:443 ssl:default [Превышен таймаут семафора]
2026-07-25 22:22:09,913 [WARNING] aiogram.dispatcher: Sleep for 4.870206 seconds and try again... (tryings = 68, bot id = 8974386075)
2026-07-25 22:22:35,789 [ERROR] aiogram.dispatcher: Failed to fetch updates - TelegramNetworkError: HTTP Client says - ClientConnectorError: Cannot connect to host api.telegram.org:443 ssl:default [Превышен таймаут семафора]
2026-07-25 22:22:35,789 [WARNING] aiogram.dispatcher: Sleep for 5.149586 seconds and try again... (tryings = 69, bot id = 8974386075)
2026-07-25 22:23:01,941 [ERROR] aiogram.dispatcher: Failed to fetch updates - TelegramNetworkError: HTTP Client says - ClientConnectorError: Cannot connect to host api.telegram.org:443 ssl:default [Превышен таймаут семафора]
2026-07-25 22:23:01,941 [WARNING] aiogram.dispatcher: Sleep for 5.147247 seconds and try again... (tryings = 70, bot id = 8974386075)
2026-07-25 22:23:28,093 [ERROR] aiogram.dispatcher: Failed to fetch updates - TelegramNetworkError: HTTP Client says - ClientConnectorError: Cannot connect to host api.telegram.org:443 ssl:default [Превышен таймаут семафора]
2026-07-25 22:23:28,093 [WARNING] aiogram.dispatcher: Sleep for 5.117421 seconds and try again... (tryings = 71, bot id = 8974386075)
2026-07-25 22:23:54,215 [ERROR] aiogram.dispatcher: Failed to fetch updates - TelegramNetworkError: HTTP Client says - ClientConnectorError: Cannot connect to host api.telegram.org:443 ssl:default [Превышен таймаут семафора]
2026-07-25 22:23:54,215 [WARNING] aiogram.dispatcher: Sleep for 4.866666 seconds and try again... (tryings = 72, bot id = 8974386075)
2026-07-25 22:24:20,087 [ERROR] aiogram.dispatcher: Failed to fetch updates - TelegramNetworkError: HTTP Client says - ClientConnectorError: Cannot connect to host api.telegram.org:443 ssl:default [Превышен таймаут семафора]
2026-07-25 22:24:20,088 [WARNING] aiogram.dispatcher: Sleep for 5.021620 seconds and try again... (tryings = 73, bot id = 8974386075)
2026-07-25 22:24:46,114 [ERROR] aiogram.dispatcher: Failed to fetch updates - TelegramNetworkError: HTTP Client says - ClientConnectorError: Cannot connect to host api.telegram.org:443 ssl:default [Превышен таймаут семафора]
2026-07-25 22:24:46,114 [WARNING] aiogram.dispatcher: Sleep for 4.895957 seconds and try again... (tryings = 74, bot id = 8974386075)
2026-07-25 22:25:12,015 [ERROR] aiogram.dispatcher: Failed to fetch updates - TelegramNetworkError: HTTP Client says - ClientConnectorError: Cannot connect to host api.telegram.org:443 ssl:default [Превышен таймаут семафора]
2026-07-25 22:25:12,015 [WARNING] aiogram.dispatcher: Sleep for 5.023597 seconds and try again... (tryings = 75, bot id = 8974386075)
2026-07-25 22:25:38,045 [ERROR] aiogram.dispatcher: Failed to fetch updates - TelegramNetworkError: HTTP Client says - ClientConnectorError: Cannot connect to host api.telegram.org:443 ssl:default [Превышен таймаут семафора]
2026-07-25 22:25:38,045 [WARNING] aiogram.dispatcher: Sleep for 5.035963 seconds and try again... (tryings = 76, bot id = 8974386075)
2026-07-25 22:26:04,086 [ERROR] aiogram.dispatcher: Failed to fetch updates - TelegramNetworkError: HTTP Client says - ClientConnectorError: Cannot connect to host api.telegram.org:443 ssl:default [Превышен таймаут семафора]
2026-07-25 22:26:04,086 [WARNING] aiogram.dispatcher: Sleep for 5.051796 seconds and try again... (tryings = 77, bot id = 8974386075)
2026-07-25 22:26:30,142 [ERROR] aiogram.dispatcher: Failed to fetch updates - TelegramNetworkError: HTTP Client says - ClientConnectorError: Cannot connect to host api.telegram.org:443 ssl:default [Превышен таймаут семафора]
2026-07-25 22:26:30,143 [WARNING] aiogram.dispatcher: Sleep for 4.888914 seconds and try again... (tryings = 78, bot id = 8974386075)
2026-07-25 22:26:56,035 [ERROR] aiogram.dispatcher: Failed to fetch updates - TelegramNetworkError: HTTP Client says - ClientConnectorError: Cannot connect to host api.telegram.org:443 ssl:default [Превышен таймаут семафора]
2026-07-25 22:26:56,035 [WARNING] aiogram.dispatcher: Sleep for 5.171394 seconds and try again... (tryings = 79, bot id = 8974386075)
2026-07-25 22:27:22,212 [ERROR] aiogram.dispatcher: Failed to fetch updates - TelegramNetworkError: HTTP Client says - ClientConnectorError: Cannot connect to host api.telegram.org:443 ssl:default [Превышен таймаут семафора]
2026-07-25 22:27:22,212 [WARNING] aiogram.dispatcher: Sleep for 5.049035 seconds and try again... (tryings = 80, bot id = 8974386075)
2026-07-25 22:27:48,267 [ERROR] aiogram.dispatcher: Failed to fetch updates - TelegramNetworkError: HTTP Client says - ClientConnectorError: Cannot connect to host api.telegram.org:443 ssl:default [Превышен таймаут семафора]
2026-07-25 22:27:48,268 [WARNING] aiogram.dispatcher: Sleep for 5.111125 seconds and try again... (tryings = 81, bot id = 8974386075)
2026-07-25 22:28:14,386 [ERROR] aiogram.dispatcher: Failed to fetch updates - TelegramNetworkError: HTTP Client says - ClientConnectorError: Cannot connect to host api.telegram.org:443 ssl:default [Превышен таймаут семафора]
2026-07-25 22:28:14,387 [WARNING] aiogram.dispatcher: Sleep for 4.905312 seconds and try again... (tryings = 82, bot id = 8974386075)
2026-07-25 22:28:40,296 [ERROR] aiogram.dispatcher: Failed to fetch updates - TelegramNetworkError: HTTP Client says - ClientConnectorError: Cannot connect to host api.telegram.org:443 ssl:default [Превышен таймаут семафора]
2026-07-25 22:28:40,297 [WARNING] aiogram.dispatcher: Sleep for 5.205853 seconds and try again... (tryings = 83, bot id = 8974386075)
2026-07-25 22:29:06,507 [ERROR] aiogram.dispatcher: Failed to fetch updates - TelegramNetworkError: HTTP Client says - ClientConnectorError: Cannot connect to host api.telegram.org:443 ssl:default [Превышен таймаут семафора]
2026-07-25 22:29:06,507 [WARNING] aiogram.dispatcher: Sleep for 5.149850 seconds and try again... (tryings = 84, bot id = 8974386075)
2026-07-25 22:29:32,660 [ERROR] aiogram.dispatcher: Failed to fetch updates - TelegramNetworkError: HTTP Client says - ClientConnectorError: Cannot connect to host api.telegram.org:443 ssl:default [Превышен таймаут семафора]
2026-07-25 22:29:32,660 [WARNING] aiogram.dispatcher: Sleep for 5.038350 seconds and try again... (tryings = 85, bot id = 8974386075)
2026-07-25 22:29:58,703 [ERROR] aiogram.dispatcher: Failed to fetch updates - TelegramNetworkError: HTTP Client says - ClientConnectorError: Cannot connect to host api.telegram.org:443 ssl:default [Превышен таймаут семафора]
2026-07-25 22:29:58,703 [WARNING] aiogram.dispatcher: Sleep for 4.937331 seconds and try again... (tryings = 86, bot id = 8974386075)
2026-07-25 22:30:24,645 [ERROR] aiogram.dispatcher: Failed to fetch updates - TelegramNetworkError: HTTP Client says - ClientConnectorError: Cannot connect to host api.telegram.org:443 ssl:default [Превышен таймаут семафора]
2026-07-25 22:30:24,646 [WARNING] aiogram.dispatcher: Sleep for 4.913429 seconds and try again... (tryings = 87, bot id = 8974386075)
2026-07-25 22:30:50,562 [ERROR] aiogram.dispatcher: Failed to fetch updates - TelegramNetworkError: HTTP Client says - ClientConnectorError: Cannot connect to host api.telegram.org:443 ssl:default [Превышен таймаут семафора]
2026-07-25 22:30:50,563 [WARNING] aiogram.dispatcher: Sleep for 4.963421 seconds and try again... (tryings = 88, bot id = 8974386075)
2026-07-25 22:31:16,531 [ERROR] aiogram.dispatcher: Failed to fetch updates - TelegramNetworkError: HTTP Client says - ClientConnectorError: Cannot connect to host api.telegram.org:443 ssl:default [Превышен таймаут семафора]
2026-07-25 22:31:16,531 [WARNING] aiogram.dispatcher: Sleep for 4.952811 seconds and try again... (tryings = 89, bot id = 8974386075)
2026-07-25 22:31:42,486 [ERROR] aiogram.dispatcher: Failed to fetch updates - TelegramNetworkError: HTTP Client says - ClientConnectorError: Cannot connect to host api.telegram.org:443 ssl:default [Превышен таймаут семафора]
2026-07-25 22:31:42,486 [WARNING] aiogram.dispatcher: Sleep for 5.077622 seconds and try again... (tryings = 90, bot id = 8974386075)
2026-07-25 22:32:08,567 [ERROR] aiogram.dispatcher: Failed to fetch updates - TelegramNetworkError: HTTP Client says - ClientConnectorError: Cannot connect to host api.telegram.org:443 ssl:default [Превышен таймаут семафора]
2026-07-25 22:32:08,567 [WARNING] aiogram.dispatcher: Sleep for 4.892793 seconds and try again... (tryings = 91, bot id = 8974386075)
2026-07-25 22:32:34,462 [ERROR] aiogram.dispatcher: Failed to fetch updates - TelegramNetworkError: HTTP Client says - ClientConnectorError: Cannot connect to host api.telegram.org:443 ssl:default [Превышен таймаут семафора]
2026-07-25 22:32:34,462 [WARNING] aiogram.dispatcher: Sleep for 4.925537 seconds and try again... (tryings = 92, bot id = 8974386075)
2026-07-25 22:33:00,393 [ERROR] aiogram.dispatcher: Failed to fetch updates - TelegramNetworkError: HTTP Client says - ClientConnectorError: Cannot connect to host api.telegram.org:443 ssl:default [Превышен таймаут семафора]
2026-07-25 22:33:00,393 [WARNING] aiogram.dispatcher: Sleep for 4.968519 seconds and try again... (tryings = 93, bot id = 8974386075)
2026-07-26 13:41:15,337 [INFO] root: Инициализация проекта...
2026-07-26 13:41:15,346 [INFO] root: База данных инициализирована.
2026-07-26 13:41:15,853 [INFO] root: Бот успешно запущен!
2026-07-26 13:41:16,107 [INFO] aiogram.dispatcher: Start polling
2026-07-26 13:41:16,193 [INFO] aiogram.dispatcher: Run polling for bot @vpnjempobot id=8974386075 - 'JempoVPN'
2026-07-26 13:41:16,392 [WARNING] root: Не удалось отправить пуш юзеру 5095288032: Telegram server says - Bad Request: chat not found
2026-07-26 13:41:29,808 [INFO] aiogram.dispatcher: Polling stopped
2026-07-26 13:41:29,809 [ERROR] aiogram.dispatcher: Failed to fetch updates - TelegramNetworkError: HTTP Client says - ServerDisconnectedError: Server disconnected
2026-07-26 13:41:29,810 [WARNING] aiogram.dispatcher: Sleep for 1.000000 seconds and try again... (tryings = 0, bot id = 8974386075)
2026-07-26 13:41:30,061 [INFO] aiogram.dispatcher: Polling stopped for bot @vpnjempobot id=8974386075 - 'JempoVPN'
2026-07-26 13:42:59,852 [INFO] root: Инициализация проекта...
2026-07-26 13:42:59,855 [INFO] root: База данных инициализирована.
2026-07-26 13:43:00,365 [INFO] root: Бот успешно запущен!
2026-07-26 13:43:00,561 [INFO] aiogram.dispatcher: Start polling
2026-07-26 13:43:00,648 [INFO] aiogram.dispatcher: Run polling for bot @vpnjempobot id=8974386075 - 'JempoVPN'
2026-07-26 13:43:00,900 [WARNING] root: Не удалось отправить пуш юзеру 5095288032: Telegram server says - Bad Request: chat not found
2026-07-26 13:43:11,722 [INFO] aiogram.event: Update id=82034793 is handled. Duration 1020 ms by bot id=8974386075
2026-07-26 13:43:15,940 [INFO] aiogram.event: Update id=82034794 is handled. Duration 740 ms by bot id=8974386075
2026-07-26 13:47:43,580 [INFO] aiogram.event: Update id=82034795 is handled. Duration 386 ms by bot id=8974386075
2026-07-26 13:47:52,452 [INFO] aiogram.event: Update id=82034796 is handled. Duration 335 ms by bot id=8974386075
